r_1,q_1,x_1,r_2,q_2,x_2,T,gamma_1,gamma_2
9.5482,7.976,0.0,5.8486,4.936,1.0,398.839,0.102989708,0.0
9.5482,7.976,0.01,5.8486,4.936,0.99,399.213,0.098514133,2e-05
9.5482,7.976,0.02,5.8486,4.936,0.98,399.59,0.094218675,7.9997e-05
9.5482,7.976,0.03,5.8486,4.936,0.97,399.971,0.090096613,0.000179984
9.5482,7.976,0.04,5.8486,4.936,0.96,400.355,0.086131824,0.000319949
9.5482,7.976,0.05,5.8486,4.936,0.95,400.742,0.082326252,0.00048988
9.5482,7.976,0.06,5.8486,4.936,0.94,401.134,0.078663295,0.000679769
9.5482,7.976,0.07,5.8486,4.936,0.93,401.529,0.075153854,0.000909586
9.5482,7.976,0.08,5.8486,4.936,0.92,401.929,0.071780981,0.001169316
9.5482,7.976,0.09,5.8486,4.936,0.91,402.334,0.068536767,0.00144895
9.5482,7.976,0.1,5.8486,4.936,0.9,402.743,0.065422505,0.001748471
9.5482,7.976,0.11,5.8486,4.936,0.89,403.157,0.062439445,0.002067861
9.5482,7.976,0.12,5.8486,4.936,0.88,403.576,0.059569948,0.002417077
9.5482,7.976,0.13,5.8486,4.936,0.87,404.0,0.056815022,0.002776143
9.5482,7.976,0.14,5.8486,4.936,0.86,404.43,0.054166164,0.003155018
9.5482,7.976,0.15,5.8486,4.936,0.85,404.866,0.051633736,0.003543714
9.5482,7.976,0.16,5.8486,4.936,0.84,405.307,0.049199604,0.00395218
9.5482,7.976,0.17,5.8486,4.936,0.83,405.755,0.04685496,0.004370436
9.5482,7.976,0.18,5.8486,4.936,0.82,406.209,0.044610011,0.004798469
9.5482,7.976,0.19,5.8486,4.936,0.81,406.67,0.042465443,0.005236267
9.5482,7.976,0.2,5.8486,4.936,0.8,407.137,0.040393103,0.005683816
9.5482,7.976,0.21,5.8486,4.936,0.79,407.612,0.038412694,0.006141105
9.5482,7.976,0.22,5.8486,4.936,0.78,408.094,0.036515133,0.006608118
9.5482,7.976,0.23,5.8486,4.936,0.77,408.583,0.034700899,0.007074914
9.5482,7.976,0.24,5.8486,4.936,0.76,409.081,0.0329511,0.007541491
9.5482,7.976,0.25,5.8486,4.936,0.75,409.586,0.031285466,0.008017772
9.5482,7.976,0.26,5.8486,4.936,0.74,410.1,0.029685008,0.008493825
9.5482,7.976,0.27,5.8486,4.936,0.73,410.622,0.028150043,0.008979563
9.5482,7.976,0.28,5.8486,4.936,0.72,411.154,0.026680879,0.009455159
9.5482,7.976,0.29,5.8486,4.936,0.71,411.694,0.025268057,0.00994043
9.5482,7.976,0.3,5.8486,4.936,0.7,412.245,0.023921584,0.010415569
9.5482,7.976,0.31,5.8486,4.936,0.69,412.805,0.02264173,0.010890483
9.5482,7.976,0.32,5.8486,4.936,0.68,413.375,0.021409179,0.011365171
9.5482,7.976,0.33,5.8486,4.936,0.67,413.956,0.020224107,0.011839634
9.5482,7.976,0.34,5.8486,4.936,0.66,414.548,0.019106306,0.012313872
9.5482,7.976,0.35,5.8486,4.936,0.65,415.152,0.018026541,0.012778012
9.5482,7.976,0.36,5.8486,4.936,0.64,415.767,0.016994767,0.013232069
9.5482,7.976,0.37,5.8486,4.936,0.63,416.395,0.016020976,0.013685919
9.5482,7.976,0.38,5.8486,4.936,0.62,417.035,0.015075787,0.014129704
9.5482,7.976,0.39,5.8486,4.936,0.61,417.688,0.01418886,0.014573292
9.5482,7.976,0.4,5.8486,4.936,0.6,418.355,0.013330749,0.015006832
9.5482,7.976,0.41,5.8486,4.936,0.59,419.036,0.012521281,0.015430338
9.5482,7.976,0.42,5.8486,4.936,0.58,419.731,0.011750689,0.015843821
9.5482,7.976,0.43,5.8486,4.936,0.57,420.442,0.011009176,0.016247295
9.5482,7.976,0.44,5.8486,4.936,0.56,421.169,0.010306703,0.016640771
9.5482,7.976,0.45,5.8486,4.936,0.55,421.912,0.009643353,0.017034093
9.5482,7.976,0.46,5.8486,4.936,0.54,422.672,0.009009294,0.017407605
9.5482,7.976,0.47,5.8486,4.936,0.53,423.45,0.008404582,0.017771153
9.5482,7.976,0.48,5.8486,4.936,0.52,424.246,0.007829271,0.01812475
9.5482,7.976,0.49,5.8486,4.936,0.51,425.061,0.007293339,0.018458587
9.5482,7.976,0.5,5.8486,4.936,0.5,425.897,0.006776984,0.018792313
9.5482,7.976,0.51,5.8486,4.936,0.49,426.753,0.006290175,0.019106306
9.5482,7.976,0.52,5.8486,4.936,0.48,427.631,0.005832955,0.019400586
9.5482,7.976,0.53,5.8486,4.936,0.47,428.532,0.005395419,0.019684973
9.5482,7.976,0.54,5.8486,4.936,0.46,429.456,0.004977591,0.019959478
9.5482,7.976,0.55,5.8486,4.936,0.45,430.405,0.004589452,0.020214307
9.5482,7.976,0.56,5.8486,4.936,0.44,431.38,0.004221079,0.020449477
9.5482,7.976,0.57,5.8486,4.936,0.43,432.383,0.003882454,0.020674796
9.5482,7.976,0.58,5.8486,4.936,0.42,433.413,0.003553678,0.020880478
9.5482,7.976,0.59,5.8486,4.936,0.41,434.474,0.00324473,0.021066534
9.5482,7.976,0.6,5.8486,4.936,0.4,435.565,0.002965598,0.021232976
9.5482,7.976,0.61,5.8486,4.936,0.39,436.69,0.002696362,0.021389603
9.5482,7.976,0.62,5.8486,4.936,0.38,437.849,0.002447004,0.021516843
9.5482,7.976,0.63,5.8486,4.936,0.37,439.044,0.002207562,0.021624496
9.5482,7.976,0.64,5.8486,4.936,0.36,440.277,0.001988023,0.021722352
9.5482,7.976,0.65,5.8486,4.936,0.35,441.55,0.0017884,0.021790846
9.5482,7.976,0.66,5.8486,4.936,0.34,442.865,0.001598721,0.021839767
9.5482,7.976,0.67,5.8486,4.936,0.33,444.226,0.001418993,0.021859334
9.5482,7.976,0.68,5.8486,4.936,0.32,445.633,0.001259207,0.021859334
9.5482,7.976,0.69,5.8486,4.936,0.31,447.09,0.001109384,0.021839767
9.5482,7.976,0.7,5.8486,4.936,0.3,448.599,0.00096953,0.021781061
9.5482,7.976,0.71,5.8486,4.936,0.29,450.165,0.000849639,0.021712567
9.5482,7.976,0.72,5.8486,4.936,0.28,451.789,0.000729734,0.021604924
9.5482,7.976,0.73,5.8486,4.936,0.27,453.476,0.000629802,0.021477694
9.5482,7.976,0.74,5.8486,4.936,0.26,455.23,0.00052986,0.021311293
9.5482,7.976,0.75,5.8486,4.936,0.25,457.054,0.000449899,0.021125282
9.5482,7.976,0.76,5.8486,4.936,0.24,458.952,0.000369932,0.020900064
9.5482,7.976,0.77,5.8486,4.936,0.23,460.931,0.000299955,0.020645409
9.5482,7.976,0.78,5.8486,4.936,0.22,462.994,0.000239971,0.020361295
9.5482,7.976,0.79,5.8486,4.936,0.21,465.147,0.000189982,0.020037894
9.5482,7.976,0.8,5.8486,4.936,0.2,467.395,0.00013999,0.019675168
9.5482,7.976,0.81,5.8486,4.936,0.19,469.745,9.9995e-05,0.019282884
9.5482,7.976,0.82,5.8486,4.936,0.18,472.202,6.9998e-05,0.018841381
9.5482,7.976,0.83,5.8486,4.936,0.17,474.774,3.9999e-05,0.018360411
9.5482,7.976,0.84,5.8486,4.936,0.16,477.467,2e-05,0.017839918
9.5482,7.976,0.85,5.8486,4.936,0.15,480.287,-3e-06,0.01727984
9.5482,7.976,0.86,5.8486,4.936,0.14,483.242,-1.7e-05,0.016670276
9.5482,7.976,0.87,5.8486,4.936,0.13,486.337,-2.7e-05,0.016011135
9.5482,7.976,0.88,5.8486,4.936,0.12,489.58,-3.4001e-05,0.01530232
9.5482,7.976,0.89,5.8486,4.936,0.11,492.974,-3.7001e-05,0.014553581
9.5482,7.976,0.9,5.8486,4.936,0.1,496.525,-3.8001e-05,0.013754965
9.5482,7.976,0.91,5.8486,4.936,0.09,500.235,-3.7001e-05,0.012906354
9.5482,7.976,0.92,5.8486,4.936,0.08,504.103,-3.4001e-05,0.012007619
9.5482,7.976,0.93,5.8486,4.936,0.07,508.13,-3e-05,0.011058627
9.5482,7.976,0.94,5.8486,4.936,0.06,512.307,-2.5e-05,0.010069136
9.5482,7.976,0.95,5.8486,4.936,0.05,516.629,-1.9e-05,0.009029115
9.5482,7.976,0.96,5.8486,4.936,0.04,521.081,-1.3e-05,0.007958249
9.5482,7.976,0.97,5.8486,4.936,0.03,525.646,-8e-06,0.006846509
9.5482,7.976,0.98,5.8486,4.936,0.02,530.301,-4e-06,0.005703703
9.5482,7.976,0.99,5.8486,4.936,0.01,535.021,-1e-06,0.00453968
9.5482,7.976,1.0,5.8486,4.936,0.0,539.774,0.0,0.003354368
5.8486,4.936,0.0,9.5482,7.976,1.0,539.774,0.003354368,0.0
5.8486,4.936,0.01,9.5482,7.976,0.99,535.021,0.00453968,-1e-06
5.8486,4.936,0.02,9.5482,7.976,0.98,530.301,0.005703703,-4e-06
5.8486,4.936,0.03,9.5482,7.976,0.97,525.646,0.006846509,-8e-06
5.8486,4.936,0.04,9.5482,7.976,0.96,521.081,0.007958249,-1.3e-05
5.8486,4.936,0.05,9.5482,7.976,0.95,516.629,0.009029115,-1.9e-05
5.8486,4.936,0.06,9.5482,7.976,0.94,512.307,0.010069136,-2.5e-05
5.8486,4.936,0.07,9.5482,7.976,0.93,508.13,0.011058627,-3e-05
5.8486,4.936,0.08,9.5482,7.976,0.92,504.103,0.012007619,-3.4001e-05
5.8486,4.936,0.09,9.5482,7.976,0.91,500.235,0.012906354,-3.7001e-05
5.8486,4.936,0.1,9.5482,7.976,0.9,496.525,0.013754965,-3.8001e-05
5.8486,4.936,0.11,9.5482,7.976,0.89,492.974,0.014553581,-3.7001e-05
5.8486,4.936,0.12,9.5482,7.976,0.88,489.58,0.01530232,-3.4001e-05
5.8486,4.936,0.13,9.5482,7.976,0.87,486.337,0.016011135,-2.7e-05
5.8486,4.936,0.14,9.5482,7.976,0.86,483.242,0.016670276,-1.7e-05
5.8486,4.936,0.15,9.5482,7.976,0.85,480.287,0.01727984,-3e-06
5.8486,4.936,0.16,9.5482,7.976,0.84,477.467,0.017839918,2e-05
5.8486,4.936,0.17,9.5482,7.976,0.83,474.774,0.018360411,3.9999e-05
5.8486,4.936,0.18,9.5482,7.976,0.82,472.202,0.018841381,6.9998e-05
5.8486,4.936,0.19,9.5482,7.976,0.81,469.745,0.019282884,9.9995e-05
5.8486,4.936,0.2,9.5482,7.976,0.8,467.395,0.019675168,0.00013999
5.8486,4.936,0.21,9.5482,7.976,0.79,465.147,0.020037894,0.000189982
5.8486,4.936,0.22,9.5482,7.976,0.78,462.994,0.020361295,0.000239971
5.8486,4.936,0.23,9.5482,7.976,0.77,460.931,0.020645409,0.000299955
5.8486,4.936,0.24,9.5482,7.976,0.76,458.952,0.020900064,0.000369932
5.8486,4.936,0.25,9.5482,7.976,0.75,457.054,0.021125282,0.000449899
5.8486,4.936,0.26,9.5482,7.976,0.74,455.23,0.021311293,0.00052986
5.8486,4.936,0.27,9.5482,7.976,0.73,453.476,0.021477694,0.000629802
5.8486,4.936,0.28,9.5482,7.976,0.72,451.789,0.021604924,0.000729734
5.8486,4.936,0.29,9.5482,7.976,0.71,450.165,0.021712567,0.000849639
5.8486,4.936,0.3,9.5482,7.976,0.7,448.599,0.021781061,0.00096953
5.8486,4.936,0.31,9.5482,7.976,0.69,447.09,0.021839767,0.001109384
5.8486,4.936,0.32,9.5482,7.976,0.68,445.633,0.021859334,0.001259207
5.8486,4.936,0.33,9.5482,7.976,0.67,444.226,0.021859334,0.001418993
5.8486,4.936,0.34,9.5482,7.976,0.66,442.865,0.021839767,0.001598721
5.8486,4.936,0.35,9.5482,7.976,0.65,441.55,0.021790846,0.0017884
5.8486,4.936,0.36,9.5482,7.976,0.64,440.277,0.021722352,0.001988023
5.8486,4.936,0.37,9.5482,7.976,0.63,439.044,0.021624496,0.002207562
5.8486,4.936,0.38,9.5482,7.976,0.62,437.849,0.021516843,0.002447004
5.8486,4.936,0.39,9.5482,7.976,0.61,436.69,0.021389603,0.002696362
5.8486,4.936,0.4,9.5482,7.976,0.6,435.565,0.021232976,0.002965598
5.8486,4.936,0.41,9.5482,7.976,0.59,434.474,0.021066534,0.00324473
5.8486,4.936,0.42,9.5482,7.976,0.58,433.413,0.020880478,0.003553678
5.8486,4.936,0.43,9.5482,7.976,0.57,432.383,0.020674796,0.003882454
5.8486,4.936,0.44,9.5482,7.976,0.56,431.38,0.020449477,0.004221079
5.8486,4.936,0.45,9.5482,7.976,0.55,430.405,0.020214307,0.004589452
5.8486,4.936,0.46,9.5482,7.976,0.54,429.456,0.019959478,0.004977591
5.8486,4.936,0.47,9.5482,7.976,0.53,428.532,0.019684973,0.005395419
5.8486,4.936,0.48,9.5482,7.976,0.52,427.631,0.019400586,0.005832955
5.8486,4.936,0.49,9.5482,7.976,0.51,426.753,0.019106306,0.006290175
5.8486,4.936,0.5,9.5482,7.976,0.5,425.897,0.018792313,0.006776984
5.8486,4.936,0.51,9.5482,7.976,0.49,425.061,0.018458587,0.007293339
5.8486,4.936,0.52,9.5482,7.976,0.48,424.246,0.01812475,0.007829271
5.8486,4.936,0.53,9.5482,7.976,0.47,423.45,0.017771153,0.008404582
5.8486,4.936,0.54,9.5482,7.976,0.46,422.672,0.017407605,0.009009294
5.8486,4.936,0.55,9.5482,7.976,0.45,421.912,0.017034093,0.009643353
5.8486,4.936,0.56,9.5482,7.976,0.44,421.169,0.016640771,0.010306703
5.8486,4.936,0.57,9.5482,7.976,0.43,420.442,0.016247295,0.011009176
5.8486,4.936,0.58,9.5482,7.976,0.42,419.731,0.015843821,0.011750689
5.8486,4.936,0.59,9.5482,7.976,0.41,419.036,0.015430338,0.012521281
5.8486,4.936,0.6,9.5482,7.976,0.4,418.355,0.015006832,0.013330749
5.8486,4.936,0.61,9.5482,7.976,0.39,417.688,0.014573292,0.01418886
5.8486,4.936,0.62,9.5482,7.976,0.38,417.035,0.014129704,0.015075787
5.8486,4.936,0.63,9.5482,7.976,0.37,416.395,0.013685919,0.016020976
5.8486,4.936,0.64,9.5482,7.976,0.36,415.767,0.013232069,0.016994767
5.8486,4.936,0.65,9.5482,7.976,0.35,415.152,0.012778012,0.018026541
5.8486,4.936,0.66,9.5482,7.976,0.34,414.548,0.012313872,0.019106306
5.8486,4.936,0.67,9.5482,7.976,0.33,413.956,0.011839634,0.020224107
5.8486,4.936,0.68,9.5482,7.976,0.32,413.375,0.011365171,0.021409179
5.8486,4.936,0.69,9.5482,7.976,0.31,412.805,0.010890483,0.02264173
5.8486,4.936,0.7,9.5482,7.976,0.3,412.245,0.010415569,0.023921584
5.8486,4.936,0.71,9.5482,7.976,0.29,411.694,0.00994043,0.025268057
5.8486,4.936,0.72,9.5482,7.976,0.28,411.154,0.009455159,0.026680879
5.8486,4.936,0.73,9.5482,7.976,0.27,410.622,0.008979563,0.028150043
5.8486,4.936,0.74,9.5482,7.976,0.26,410.1,0.008493825,0.029685008
5.8486,4.936,0.75,9.5482,7.976,0.25,409.586,0.008017772,0.031285466
5.8486,4.936,0.76,9.5482,7.976,0.24,409.081,0.007541491,0.0329511
5.8486,4.936,0.77,9.5482,7.976,0.23,408.583,0.007074914,0.034700899
5.8486,4.936,0.78,9.5482,7.976,0.22,408.094,0.006608118,0.036515133
5.8486,4.936,0.79,9.5482,7.976,0.21,407.612,0.006141105,0.038412694
5.8486,4.936,0.8,9.5482,7.976,0.2,407.137,0.005683816,0.040393103
5.8486,4.936,0.81,9.5482,7.976,0.19,406.67,0.005236267,0.042465443
5.8486,4.936,0.82,9.5482,7.976,0.18,406.209,0.004798469,0.044610011
5.8486,4.936,0.83,9.5482,7.976,0.17,405.755,0.004370436,0.04685496
5.8486,4.936,0.84,9.5482,7.976,0.16,405.307,0.00395218,0.049199604
5.8486,4.936,0.85,9.5482,7.976,0.15,404.866,0.003543714,0.051633736
5.8486,4.936,0.86,9.5482,7.976,0.14,404.43,0.003155018,0.054166164
5.8486,4.936,0.87,9.5482,7.976,0.13,404.0,0.002776143,0.056815022
5.8486,4.936,0.88,9.5482,7.976,0.12,403.576,0.002417077,0.059569948
5.8486,4.936,0.89,9.5482,7.976,0.11,403.157,0.002067861,0.062439445
5.8486,4.936,0.9,9.5482,7.976,0.1,402.743,0.001748471,0.065422505
5.8486,4.936,0.91,9.5482,7.976,0.09,402.334,0.00144895,0.068536767
5.8486,4.936,0.92,9.5482,7.976,0.08,401.929,0.001169316,0.071780981
5.8486,4.936,0.93,9.5482,7.976,0.07,401.529,0.000909586,0.075153854
5.8486,4.936,0.94,9.5482,7.976,0.06,401.134,0.000679769,0.078663295
5.8486,4.936,0.95,9.5482,7.976,0.05,400.742,0.00048988,0.082326252
5.8486,4.936,0.96,9.5482,7.976,0.04,400.355,0.000319949,0.086131824
5.8486,4.936,0.97,9.5482,7.976,0.03,399.971,0.000179984,0.090096613
5.8486,4.936,0.98,9.5482,7.976,0.02,399.59,7.9997e-05,0.094218675
5.8486,4.936,0.99,9.5482,7.976,0.01,399.213,2e-05,0.098514133
5.8486,4.936,1.0,9.5482,7.976,0.0,398.839,0.0,0.102989708
13.5946,11.216,0.0,7.1974,6.016,1.0,447.459,-0.094253538,0.0
13.5946,11.216,0.01,7.1974,6.016,0.99,447.873,-0.092584697,-9e-06
13.5946,11.216,0.02,7.1974,6.016,0.98,448.293,-0.090900019,-3.7001e-05
13.5946,11.216,0.03,7.1974,6.016,0.97,448.719,-0.089202867,-8.5004e-05
13.5946,11.216,0.04,7.1974,6.016,0.96,449.152,-0.087494403,-0.000152012
13.5946,11.216,0.05,7.1974,6.016,0.95,449.591,-0.085779046,-0.000240029
13.5946,11.216,0.06,7.1974,6.016,0.94,450.036,-0.084059012,-0.000349061
13.5946,11.216,0.07,7.1974,6.016,0.93,450.489,-0.082335417,-0.000480115
13.5946,11.216,0.08,7.1974,6.016,0.92,450.948,-0.08061262,-0.000631199
13.5946,11.216,0.09,7.1974,6.016,0.91,451.415,-0.078890622,-0.000805324
13.5946,11.216,0.1,7.1974,6.016,0.9,451.888,-0.077172664,-0.001001501
13.5946,11.216,0.11,7.1974,6.016,0.89,452.37,-0.075459809,-0.001219744
13.5946,11.216,0.12,7.1974,6.016,0.88,452.859,-0.073754189,-0.001460065
13.5946,11.216,0.13,7.1974,6.016,0.87,453.355,-0.072056846,-0.001723484
13.5946,11.216,0.14,7.1974,6.016,0.86,453.86,-0.070368818,-0.002009017
13.5946,11.216,0.15,7.1974,6.016,0.85,454.373,-0.068692202,-0.002317684
13.5946,11.216,0.16,7.1974,6.016,0.84,454.895,-0.067029087,-0.002649507
13.5946,11.216,0.17,7.1974,6.016,0.83,455.425,-0.06537834,-0.003003506
13.5946,11.216,0.18,7.1974,6.016,0.82,455.964,-0.063742038,-0.003380708
13.5946,11.216,0.19,7.1974,6.016,0.81,456.512,-0.062121179,-0.003780136
13.5946,11.216,0.2,7.1974,6.016,0.8,457.069,-0.060516753,-0.004201815
13.5946,11.216,0.21,7.1974,6.016,0.79,457.636,-0.058928686,-0.00464678
13.5946,11.216,0.22,7.1974,6.016,0.78,458.213,-0.057359022,-0.005114055
13.5946,11.216,0.23,7.1974,6.016,0.77,458.8,-0.055807679,-0.005604677
13.5946,11.216,0.24,7.1974,6.016,0.76,459.397,-0.054274576,-0.006116669
13.5946,11.216,0.25,7.1974,6.016,0.75,460.005,-0.05276174,-0.006651069
13.5946,11.216,0.26,7.1974,6.016,0.74,460.624,-0.051269084,-0.007207915
13.5946,11.216,0.27,7.1974,6.016,0.73,461.254,-0.049795469,-0.007787242
13.5946,11.216,0.28,7.1974,6.016,0.72,461.896,-0.048343964,-0.008387073
13.5946,11.216,0.29,7.1974,6.016,0.71,462.549,-0.046913426,-0.009010473
13.5946,11.216,0.3,7.1974,6.016,0.7,463.215,-0.04550377,-0.009654455
13.5946,11.216,0.31,7.1974,6.016,0.69,463.894,-0.044115955,-0.010320069
13.5946,11.216,0.32,7.1974,6.016,0.68,464.586,-0.042750937,-0.011006348
13.5946,11.216,0.33,7.1974,6.016,0.67,465.291,-0.041407583,-0.011715358
13.5946,11.216,0.34,7.1974,6.016,0.66,466.01,-0.040086848,-0.012444108
13.5946,11.216,0.35,7.1974,6.016,0.65,466.743,-0.038788647,-0.013194668
13.5946,11.216,0.36,7.1974,6.016,0.64,467.491,-0.037512892,-0.013965059
13.5946,11.216,0.37,7.1974,6.016,0.63,468.254,-0.036260539,-0.014757356
13.5946,11.216,0.38,7.1974,6.016,0.62,469.033,-0.035030465,-0.015569579
13.5946,11.216,0.39,7.1974,6.016,0.61,469.829,-0.033823624,-0.016401777
13.5946,11.216,0.4,7.1974,6.016,0.6,470.641,-0.032639934,-0.017255015
13.5946,11.216,0.41,7.1974,6.016,0.59,471.471,-0.031479315,-0.018127311
13.5946,11.216,0.42,7.1974,6.016,0.58,472.319,-0.030341689,-0.019019734
13.5946,11.216,0.43,7.1974,6.016,0.57,473.186,-0.029226977,-0.019933356
13.5946,11.216,0.44,7.1974,6.016,0.56,474.073,-0.028135106,-0.020865172
13.5946,11.216,0.45,7.1974,6.016,0.55,474.98,-0.027066002,-0.021817275
13.5946,11.216,0.46,7.1974,6.016,0.54,475.908,-0.026020619,-0.022788701
13.5946,11.216,0.47,7.1974,6.016,0.53,476.857,-0.024997859,-0.023779505
13.5946,11.216,0.48,7.1974,6.016,0.52,477.83,-0.023997654,-0.024789742
13.5946,11.216,0.49,7.1974,6.016,0.51,478.827,-0.023019937,-0.025818446
13.5946,11.216,0.5,7.1974,6.016,0.5,479.848,-0.022065666,-0.026866699
13.5946,11.216,0.51,7.1974,6.016,0.49,480.895,-0.021133753,-0.027934562
13.5946,11.216,0.52,7.1974,6.016,0.48,481.969,-0.020223116,-0.029021067
13.5946,11.216,0.53,7.1974,6.016,0.47,483.071,-0.019335736,-0.030126273
13.5946,11.216,0.54,7.1974,6.016,0.46,484.203,-0.018470535,-0.031251274
13.5946,11.216,0.55,7.1974,6.016,0.45,485.366,-0.017627455,-0.032394068
13.5946,11.216,0.56,7.1974,6.016,0.44,486.561,-0.01680644,-0.033556784
13.5946,11.216,0.57,7.1974,6.016,0.43,487.79,-0.016007438,-0.034737418
13.5946,11.216,0.58,7.1974,6.016,0.42,489.054,-0.015229381,-0.03593707
13.5946,11.216,0.59,7.1974,6.016,0.41,490.356,-0.014473234,-0.037155807
13.5946,11.216,0.6,7.1974,6.016,0.4,491.697,-0.013737935,-0.038393695
13.5946,11.216,0.61,7.1974,6.016,0.39,493.08,-0.013024451,-0.039650806
13.5946,11.216,0.62,7.1974,6.016,0.38,494.506,-0.012331724,-0.040927208
13.5946,11.216,0.63,7.1974,6.016,0.37,495.978,-0.011660723,-0.042222975
13.5946,11.216,0.64,7.1974,6.016,0.36,497.499,-0.011009381,-0.043537136
13.5946,11.216,0.65,7.1974,6.016,0.35,499.071,-0.010378673,-0.044871851
13.5946,11.216,0.66,7.1974,6.016,0.34,500.697,-0.009768557,-0.046226154
13.5946,11.216,0.67,7.1974,6.016,0.33,502.381,-0.009178998,-0.047600123
13.5946,11.216,0.68,7.1974,6.016,0.32,504.126,-0.008608951,-0.048994885
13.5946,11.216,0.69,7.1974,6.016,0.31,505.935,-0.00805939,-0.050410526
13.5946,11.216,0.7,7.1974,6.016,0.3,507.814,-0.007529274,-0.051846079
13.5946,11.216,0.71,7.1974,6.016,0.29,509.766,-0.007018573,-0.05330268
13.5946,11.216,0.72,7.1974,6.016,0.28,511.796,-0.006527256,-0.054781476
13.5946,11.216,0.73,7.1974,6.016,0.27,513.909,-0.006055296,-0.056282562
13.5946,11.216,0.74,7.1974,6.016,0.26,516.111,-0.00560166,-0.057806035
13.5946,11.216,0.75,7.1974,6.016,0.25,518.408,-0.005167328,-0.059351994
13.5946,11.216,0.76,7.1974,6.016,0.24,520.806,-0.004752274,-0.060921603
13.5946,11.216,0.77,7.1974,6.016,0.23,523.314,-0.004355471,-0.062516034
13.5946,11.216,0.78,7.1974,6.016,0.22,525.937,-0.003976897,-0.064135402
13.5946,11.216,0.79,7.1974,6.016,0.21,528.684,-0.003616532,-0.065779825
13.5946,11.216,0.8,7.1974,6.016,0.2,531.565,-0.003273352,-0.06745049
13.5946,11.216,0.81,7.1974,6.016,0.19,534.588,-0.002949345,-0.069148598
13.5946,11.216,0.82,7.1974,6.016,0.18,537.762,-0.002642488,-0.070874283
13.5946,11.216,0.83,7.1974,6.016,0.17,541.098,-0.002352766,-0.072629834
13.5946,11.216,0.84,7.1974,6.016,0.16,544.606,-0.002081164,-0.07441325
13.5946,11.216,0.85,7.1974,6.016,0.15,548.295,-0.001825666,-0.07622791
13.5946,11.216,0.86,7.1974,6.016,0.14,552.175,-0.001588261,-0.078072899
13.5946,11.216,0.87,7.1974,6.016,0.13,556.255,-0.001367935,-0.079949462
13.5946,11.216,0.88,7.1974,6.016,0.12,560.54,-0.001163677,-0.081857771
13.5946,11.216,0.89,7.1974,6.016,0.11,565.034,-0.000976477,-0.083796913
13.5946,11.216,0.9,7.1974,6.016,0.1,569.739,-0.000806325,-0.085765971
13.5946,11.216,0.91,7.1974,6.016,0.09,574.648,-0.000652213,-0.087765116
13.5946,11.216,0.92,7.1974,6.016,0.08,579.755,-0.000515133,-0.089793425
13.5946,11.216,0.93,7.1974,6.016,0.07,585.039,-0.000394078,-0.091845588
13.5946,11.216,0.94,7.1974,6.016,0.06,590.474,-0.000289042,-0.093920646
13.5946,11.216,0.95,7.1974,6.016,0.05,596.033,-0.00020102,-0.096013227
13.5946,11.216,0.96,7.1974,6.016,0.04,601.666,-0.000128008,-0.098120124
13.5946,11.216,0.97,7.1974,6.016,0.03,607.325,-7.2003e-05,-0.100234786
13.5946,11.216,0.98,7.1974,6.016,0.02,612.953,-3.2001e-05,-0.102351713
13.5946,11.216,0.99,7.1974,6.016,0.01,618.433,-8e-06,-0.10445981
13.5946,11.216,1.0,7.1974,6.016,0.0,623.518,0.0,-0.106534538
7.1974,6.016,0.0,13.5946,11.216,1.0,623.518,-0.106534538,0.0
7.1974,6.016,0.01,13.5946,11.216,0.99,618.433,-0.10445981,-8e-06
7.1974,6.016,0.02,13.5946,11.216,0.98,612.953,-0.102351713,-3.2001e-05
7.1974,6.016,0.03,13.5946,11.216,0.97,607.325,-0.100234786,-7.2003e-05
7.1974,6.016,0.04,13.5946,11.216,0.96,601.666,-0.098120124,-0.000128008
7.1974,6.016,0.05,13.5946,11.216,0.95,596.033,-0.096013227,-0.00020102
7.1974,6.016,0.06,13.5946,11.216,0.94,590.474,-0.093920646,-0.000289042
7.1974,6.016,0.07,13.5946,11.216,0.93,585.039,-0.091845588,-0.000394078
7.1974,6.016,0.08,13.5946,11.216,0.92,579.755,-0.089793425,-0.000515133
7.1974,6.016,0.09,13.5946,11.216,0.91,574.648,-0.087765116,-0.000652213
7.1974,6.016,0.1,13.5946,11.216,0.9,569.739,-0.085765971,-0.000806325
7.1974,6.016,0.11,13.5946,11.216,0.89,565.034,-0.083796913,-0.000976477
7.1974,6.016,0.12,13.5946,11.216,0.88,560.54,-0.081857771,-0.001163677
7.1974,6.016,0.13,13.5946,11.216,0.87,556.255,-0.079949462,-0.001367935
7.1974,6.016,0.14,13.5946,11.216,0.86,552.175,-0.078072899,-0.001588261
7.1974,6.016,0.15,13.5946,11.216,0.85,548.295,-0.07622791,-0.001825666
7.1974,6.016,0.16,13.5946,11.216,0.84,544.606,-0.07441325,-0.002081164
7.1974,6.016,0.17,13.5946,11.216,0.83,541.098,-0.072629834,-0.002352766
7.1974,6.016,0.18,13.5946,11.216,0.82,537.762,-0.070874283,-0.002642488
7.1974,6.016,0.19,13.5946,11.216,0.81,534.588,-0.069148598,-0.002949345
7.1974,6.016,0.2,13.5946,11.216,0.8,531.565,-0.06745049,-0.003273352
7.1974,6.016,0.21,13.5946,11.216,0.79,528.684,-0.065779825,-0.003616532
7.1974,6.016,0.22,13.5946,11.216,0.78,525.937,-0.064135402,-0.003976897
7.1974,6.016,0.23,13.5946,11.216,0.77,523.314,-0.062516034,-0.004355471
7.1974,6.016,0.24,13.5946,11.216,0.76,520.806,-0.060921603,-0.004752274
7.1974,6.016,0.25,13.5946,11.216,0.75,518.408,-0.059351994,-0.005167328
7.1974,6.016,0.26,13.5946,11.216,0.74,516.111,-0.057806035,-0.00560166
7.1974,6.016,0.27,13.5946,11.216,0.73,513.909,-0.056282562,-0.006055296
7.1974,6.016,0.28,13.5946,11.216,0.72,511.796,-0.054781476,-0.006527256
7.1974,6.016,0.29,13.5946,11.216,0.71,509.766,-0.05330268,-0.007018573
7.1974,6.016,0.3,13.5946,11.216,0.7,507.814,-0.051846079,-0.007529274
7.1974,6.016,0.31,13.5946,11.216,0.69,505.935,-0.050410526,-0.00805939
7.1974,6.016,0.32,13.5946,11.216,0.68,504.126,-0.048994885,-0.008608951
7.1974,6.016,0.33,13.5946,11.216,0.67,502.381,-0.047600123,-0.009178998
7.1974,6.016,0.34,13.5946,11.216,0.66,500.697,-0.046226154,-0.009768557
7.1974,6.016,0.35,13.5946,11.216,0.65,499.071,-0.044871851,-0.010378673
7.1974,6.016,0.36,13.5946,11.216,0.64,497.499,-0.043537136,-0.011009381
7.1974,6.016,0.37,13.5946,11.216,0.63,495.978,-0.042222975,-0.011660723
7.1974,6.016,0.38,13.5946,11.216,0.62,494.506,-0.040927208,-0.012331724
7.1974,6.016,0.39,13.5946,11.216,0.61,493.08,-0.039650806,-0.013024451
7.1974,6.016,0.4,13.5946,11.216,0.6,491.697,-0.038393695,-0.013737935
7.1974,6.016,0.41,13.5946,11.216,0.59,490.356,-0.037155807,-0.014473234
7.1974,6.016,0.42,13.5946,11.216,0.58,489.054,-0.03593707,-0.015229381
7.1974,6.016,0.43,13.5946,11.216,0.57,487.79,-0.034737418,-0.016007438
7.1974,6.016,0.44,13.5946,11.216,0.56,486.561,-0.033556784,-0.01680644
7.1974,6.016,0.45,13.5946,11.216,0.55,485.366,-0.032394068,-0.017627455
7.1974,6.016,0.46,13.5946,11.216,0.54,484.203,-0.031251274,-0.018470535
7.1974,6.016,0.47,13.5946,11.216,0.53,483.071,-0.030126273,-0.019335736
7.1974,6.016,0.48,13.5946,11.216,0.52,481.969,-0.029021067,-0.020223116
7.1974,6.016,0.49,13.5946,11.216,0.51,480.895,-0.027934562,-0.021133753
7.1974,6.016,0.5,13.5946,11.216,0.5,479.848,-0.026866699,-0.022065666
7.1974,6.016,0.51,13.5946,11.216,0.49,478.827,-0.025818446,-0.023019937
7.1974,6.016,0.52,13.5946,11.216,0.48,477.83,-0.024789742,-0.023997654
7.1974,6.016,0.53,13.5946,11.216,0.47,476.857,-0.023779505,-0.024997859
7.1974,6.016,0.54,13.5946,11.216,0.46,475.908,-0.022788701,-0.026020619
7.1974,6.016,0.55,13.5946,11.216,0.45,474.98,-0.021817275,-0.027066002
7.1974,6.016,0.56,13.5946,11.216,0.44,474.073,-0.020865172,-0.028135106
7.1974,6.016,0.57,13.5946,11.216,0.43,473.186,-0.019933356,-0.029226977
7.1974,6.016,0.58,13.5946,11.216,0.42,472.319,-0.019019734,-0.030341689
7.1974,6.016,0.59,13.5946,11.216,0.41,471.471,-0.018127311,-0.031479315
7.1974,6.016,0.6,13.5946,11.216,0.4,470.641,-0.017255015,-0.032639934
7.1974,6.016,0.61,13.5946,11.216,0.39,469.829,-0.016401777,-0.033823624
7.1974,6.016,0.62,13.5946,11.216,0.38,469.033,-0.015569579,-0.035030465
7.1974,6.016,0.63,13.5946,11.216,0.37,468.254,-0.014757356,-0.036260539
7.1974,6.016,0.64,13.5946,11.216,0.36,467.491,-0.013965059,-0.037512892
7.1974,6.016,0.65,13.5946,11.216,0.35,466.743,-0.013194668,-0.038788647
7.1974,6.016,0.66,13.5946,11.216,0.34,466.01,-0.012444108,-0.040086848
7.1974,6.016,0.67,13.5946,11.216,0.33,465.291,-0.011715358,-0.041407583
7.1974,6.016,0.68,13.5946,11.216,0.32,464.586,-0.011006348,-0.042750937
7.1974,6.016,0.69,13.5946,11.216,0.31,463.894,-0.010320069,-0.044115955
7.1974,6.016,0.7,13.5946,11.216,0.3,463.215,-0.009654455,-0.04550377
7.1974,6.016,0.71,13.5946,11.216,0.29,462.549,-0.009010473,-0.046913426
7.1974,6.016,0.72,13.5946,11.216,0.28,461.896,-0.008387073,-0.048343964
7.1974,6.016,0.73,13.5946,11.216,0.27,461.254,-0.007787242,-0.049795469
7.1974,6.016,0.74,13.5946,11.216,0.26,460.624,-0.007207915,-0.051269084
7.1974,6.016,0.75,13.5946,11.216,0.25,460.005,-0.006651069,-0.05276174
7.1974,6.016,0.76,13.5946,11.216,0.24,459.397,-0.006116669,-0.054274576
7.1974,6.016,0.77,13.5946,11.216,0.23,458.8,-0.005604677,-0.055807679
7.1974,6.016,0.78,13.5946,11.216,0.22,458.213,-0.005114055,-0.057359022
7.1974,6.016,0.79,13.5946,11.216,0.21,457.636,-0.00464678,-0.058928686
7.1974,6.016,0.8,13.5946,11.216,0.2,457.069,-0.004201815,-0.060516753
7.1974,6.016,0.81,13.5946,11.216,0.19,456.512,-0.003780136,-0.062121179
7.1974,6.016,0.82,13.5946,11.216,0.18,455.964,-0.003380708,-0.063742038
7.1974,6.016,0.83,13.5946,11.216,0.17,455.425,-0.003003506,-0.06537834
7.1974,6.016,0.84,13.5946,11.216,0.16,454.895,-0.002649507,-0.067029087
7.1974,6.016,0.85,13.5946,11.216,0.15,454.373,-0.002317684,-0.068692202
7.1974,6.016,0.86,13.5946,11.216,0.14,453.86,-0.002009017,-0.070368818
7.1974,6.016,0.87,13.5946,11.216,0.13,453.355,-0.001723484,-0.072056846
7.1974,6.016,0.88,13.5946,11.216,0.12,452.859,-0.001460065,-0.073754189
7.1974,6.016,0.89,13.5946,11.216,0.11,452.37,-0.001219744,-0.075459809
7.1974,6.016,0.9,13.5946,11.216,0.1,451.888,-0.001001501,-0.077172664
7.1974,6.016,0.91,13.5946,11.216,0.09,451.415,-0.000805324,-0.078890622
7.1974,6.016,0.92,13.5946,11.216,0.08,450.948,-0.000631199,-0.08061262
7.1974,6.016,0.93,13.5946,11.216,0.07,450.489,-0.000480115,-0.082335417
7.1974,6.016,0.94,13.5946,11.216,0.06,450.036,-0.000349061,-0.084059012
7.1974,6.016,0.95,13.5946,11.216,0.05,449.591,-0.000240029,-0.085779046
7.1974,6.016,0.96,13.5946,11.216,0.04,449.152,-0.000152012,-0.087494403
7.1974,6.016,0.97,13.5946,11.216,0.03,448.719,-8.5004e-05,-0.089202867
7.1974,6.016,0.98,13.5946,11.216,0.02,448.293,-3.7001e-05,-0.090900019
7.1974,6.016,0.99,13.5946,11.216,0.01,447.873,-9e-06,-0.092584697
7.1974,6.016,1.0,13.5946,11.216,0.0,447.459,0.0,-0.094253538
10.897,9.056,0.0,5.1742,4.396,1.0,371.5489,-0.116621461,0.0
10.897,9.056,0.01,5.1742,4.396,0.99,371.9058,-0.115134795,-9e-06
10.897,9.056,0.02,5.1742,4.396,0.98,372.2679,-0.113559592,-3.7001e-05
10.897,9.056,0.03,5.1742,4.396,0.97,372.6355,-0.111906337,-8.6004e-05
10.897,9.056,0.04,5.1742,4.396,0.96,373.0085,-0.110183237,-0.000157012
10.897,9.056,0.05,5.1742,4.396,0.95,373.387,-0.108400688,-0.000253032
10.897,9.056,0.06,5.1742,4.396,0.94,373.772,-0.106565686,-0.00037307
10.897,9.056,0.07,5.1742,4.396,0.93,374.163,-0.104685188,-0.000521136
10.897,9.056,0.08,5.1742,4.396,0.92,374.56,-0.102766106,-0.000695242
10.897,9.056,0.09,5.1742,4.396,0.91,374.964,-0.100815305,-0.000898403
10.897,9.056,0.1,5.1742,4.396,0.9,375.374,-0.098836289,-0.001130639
10.897,9.056,0.11,5.1742,4.396,0.89,375.79,-0.096836945,-0.00139297
10.897,9.056,0.12,5.1742,4.396,0.88,376.214,-0.0948207,-0.001684418
10.897,9.056,0.13,5.1742,4.396,0.87,376.645,-0.092790956,-0.002007013
10.897,9.056,0.14,5.1742,4.396,0.86,377.083,-0.090753278,-0.002359782
10.897,9.056,0.15,5.1742,4.396,0.85,377.529,-0.088711002,-0.002744763
10.897,9.056,0.16,5.1742,4.396,0.84,377.982,-0.086667436,-0.003159988
10.897,9.056,0.17,5.1742,4.396,0.83,378.444,-0.084624773,-0.003606496
10.897,9.056,0.18,5.1742,4.396,0.82,378.913,-0.082587359,-0.004085334
10.897,9.056,0.19,5.1742,4.396,0.81,379.391,-0.08055734,-0.004595543
10.897,9.056,0.2,5.1742,4.396,0.8,379.877,-0.07853576,-0.005137173
10.897,9.056,0.21,5.1742,4.396,0.79,380.372,-0.076526895,-0.005709267
10.897,9.056,0.22,5.1742,4.396,0.78,380.875,-0.074531754,-0.006313891
10.897,9.056,0.23,5.1742,4.396,0.77,381.388,-0.072552413,-0.006950096
10.897,9.056,0.24,5.1742,4.396,0.76,381.911,-0.07058986,-0.007615928
10.897,9.056,0.25,5.1742,4.396,0.75,382.443,-0.068647217,-0.008313461
10.897,9.056,0.26,5.1742,4.396,0.74,382.985,-0.066723306,-0.009042763
10.897,9.056,0.27,5.1742,4.396,0.73,383.537,-0.064822295,-0.009800872
10.897,9.056,0.28,5.1742,4.396,0.72,384.1,-0.062942995,-0.010590886
10.897,9.056,0.29,5.1742,4.396,0.71,384.674,-0.061087416,-0.011409845
10.897,9.056,0.3,5.1742,4.396,0.7,385.258,-0.059256496,-0.012258833
10.897,9.056,0.31,5.1742,4.396,0.69,385.855,-0.057451163,-0.013137926
10.897,9.056,0.32,5.1742,4.396,0.68,386.463,-0.055672342,-0.014046187
10.897,9.056,0.33,5.1742,4.396,0.67,387.083,-0.053919899,-0.014983697
10.897,9.056,0.34,5.1742,4.396,0.66,387.716,-0.052194753,-0.015950536
10.897,9.056,0.35,5.1742,4.396,0.65,388.363,-0.050497821,-0.016944755
10.897,9.056,0.36,5.1742,4.396,0.64,389.022,-0.048828965,-0.01796847
10.897,9.056,0.37,5.1742,4.396,0.63,389.696,-0.047189097,-0.019019734
10.897,9.056,0.38,5.1742,4.396,0.62,390.383,-0.045578078,-0.020098631
10.897,9.056,0.39,5.1742,4.396,0.61,391.086,-0.043996821,-0.021205251
10.897,9.056,0.4,5.1742,4.396,0.6,391.804,-0.042445186,-0.02233866
10.897,9.056,0.41,5.1742,4.396,0.59,392.538,-0.040923041,-0.023499974
10.897,9.056,0.42,5.1742,4.396,0.58,393.289,-0.039431295,-0.024687238
10.897,9.056,0.43,5.1742,4.396,0.57,394.057,-0.037968777,-0.025901568
10.897,9.056,0.44,5.1742,4.396,0.56,394.843,-0.036537436,-0.027142035
10.897,9.056,0.45,5.1742,4.396,0.55,395.647,-0.035136107,-0.028408734
10.897,9.056,0.46,5.1742,4.396,0.54,396.471,-0.033764664,-0.029701762
10.897,9.056,0.47,5.1742,4.396,0.53,397.315,-0.032424023,-0.03102019
10.897,9.056,0.48,5.1742,4.396,0.52,398.18,-0.031114061,-0.032364113
10.897,9.056,0.49,5.1742,4.396,0.51,399.067,-0.02983363,-0.0337326
10.897,9.056,0.5,5.1742,4.396,0.5,399.977,-0.028582619,-0.03512782
10.897,9.056,0.51,5.1742,4.396,0.49,400.91,-0.027362975,-0.036546771
10.897,9.056,0.52,5.1742,4.396,0.48,401.869,-0.026172532,-0.037991629
10.897,9.056,0.53,5.1742,4.396,0.47,402.854,-0.025011188,-0.039461462
10.897,9.056,0.54,5.1742,4.396,0.46,403.866,-0.023880892,-0.040955337
10.897,9.056,0.55,5.1742,4.396,0.45,404.908,-0.022778471,-0.042474401
10.897,9.056,0.56,5.1742,4.396,0.44,405.979,-0.021706899,-0.044018765
10.897,9.056,0.57,5.1742,4.396,0.43,407.083,-0.020663017,-0.045587498
10.897,9.056,0.58,5.1742,4.396,0.42,408.22,-0.019648779,-0.04718071
10.897,9.056,0.59,5.1742,4.396,0.41,409.392,-0.018664096,-0.048798514
10.897,9.056,0.6,5.1742,4.396,0.4,410.603,-0.017706845,-0.050442078
10.897,9.056,0.61,5.1742,4.396,0.39,411.852,-0.016777966,-0.05211047
10.897,9.056,0.62,5.1742,4.396,0.38,413.144,-0.015877381,-0.053803812
10.897,9.056,0.63,5.1742,4.396,0.37,414.48,-0.015003999,-0.055522224
10.897,9.056,0.64,5.1742,4.396,0.36,415.864,-0.014158764,-0.057265831
10.897,9.056,0.65,5.1742,4.396,0.35,417.298,-0.013340591,-0.059036883
10.897,9.056,0.66,5.1742,4.396,0.34,418.786,-0.012550428,-0.060833394
10.897,9.056,0.67,5.1742,4.396,0.33,420.331,-0.011786185,-0.06265656
10.897,9.056,0.68,5.1742,4.396,0.32,421.937,-0.011048814,-0.064506522
10.897,9.056,0.69,5.1742,4.396,0.31,423.61,-0.010337246,-0.066384491
10.897,9.056,0.7,5.1742,4.396,0.3,425.353,-0.009652435,-0.068290618
10.897,9.056,0.71,5.1742,4.396,0.29,427.173,-0.008993319,-0.070226132
10.897,9.056,0.72,5.1742,4.396,0.28,429.075,-0.008358838,-0.072191195
10.897,9.056,0.73,5.1742,4.396,0.27,431.066,-0.007750961,-0.074188129
10.897,9.056,0.74,5.1742,4.396,0.26,433.153,-0.007167626,-0.076216039
10.897,9.056,0.75,5.1742,4.396,0.25,435.346,-0.00660879,-0.078277267
10.897,9.056,0.76,5.1742,4.396,0.24,437.653,-0.006074412,-0.080372012
10.897,9.056,0.77,5.1742,4.396,0.23,440.086,-0.005565458,-0.082503734
10.897,9.056,0.78,5.1742,4.396,0.22,442.656,-0.005078876,-0.084672659
10.897,9.056,0.79,5.1742,4.396,0.21,445.378,-0.00461664,-0.086881204
10.897,9.056,0.8,5.1742,4.396,0.2,448.266,-0.004178719,-0.089131805
10.897,9.056,0.81,5.1742,4.396,0.19,451.339,-0.003763071,-0.091426929
10.897,9.056,0.82,5.1742,4.396,0.18,454.617,-0.003370674,-0.09376797
10.897,9.056,0.83,5.1742,4.396,0.17,458.124,-0.0030015,-0.096160741
10.897,9.056,0.84,5.1742,4.396,0.16,461.884,-0.002653517,-0.098606707
10.897,9.056,0.85,5.1742,4.396,0.15,465.929,-0.002328709,-0.101109564
10.897,9.056,0.86,5.1742,4.396,0.14,470.292,-0.002026051,-0.10367527
10.897,9.056,0.87,5.1742,4.396,0.13,475.01,-0.001745523,-0.106306519
10.897,9.056,0.88,5.1742,4.396,0.12,480.123,-0.001486104,-0.109008272
10.897,9.056,0.89,5.1742,4.396,0.11,485.674,-0.001247778,-0.111784438
10.897,9.056,0.9,5.1742,4.396,0.1,491.703,-0.001030531,-0.114637862
10.897,9.056,0.91,5.1742,4.396,0.09,498.247,-0.000834348,-0.117572558
10.897,9.056,0.92,5.1742,4.396,0.08,505.33,-0.000659217,-0.120584707
10.897,9.056,0.93,5.1742,4.396,0.07,512.953,-0.000505128,-0.123672721
10.897,9.056,0.94,5.1742,4.396,0.06,521.093,-0.000371069,-0.12682706
10.897,9.056,0.95,5.1742,4.396,0.05,529.719,-0.000258033,-0.130038073
10.897,9.056,0.96,5.1742,4.396,0.04,539.147,-0.000165014,-0.133346267
10.897,9.056,0.97,5.1742,4.396,0.03,548.194,-9.3004e-05,-0.136582901
10.897,9.056,0.98,5.1742,4.396,0.02,555.962,-4.1001e-05,-0.139638
10.897,9.056,0.99,5.1742,4.396,0.01,563.045,-1e-05,-0.142596356
10.897,9.056,1.0,5.1742,4.396,0.0,569.651,0.0,-0.14549062
5.1742,4.396,0.0,10.897,9.056,1.0,569.651,-0.14549062,0.0
5.1742,4.396,0.01,10.897,9.056,0.99,563.045,-0.142596356,-1e-05
5.1742,4.396,0.02,10.897,9.056,0.98,555.962,-0.139638,-4.1001e-05
5.1742,4.396,0.03,10.897,9.056,0.97,548.194,-0.136582901,-9.3004e-05
5.1742,4.396,0.04,10.897,9.056,0.96,539.147,-0.133346267,-0.000165014
5.1742,4.396,0.05,10.897,9.056,0.95,529.719,-0.130038073,-0.000258033
5.1742,4.396,0.06,10.897,9.056,0.94,521.093,-0.12682706,-0.000371069
5.1742,4.396,0.07,10.897,9.056,0.93,512.953,-0.123672721,-0.000505128
5.1742,4.396,0.08,10.897,9.056,0.92,505.33,-0.120584707,-0.000659217
5.1742,4.396,0.09,10.897,9.056,0.91,498.247,-0.117572558,-0.000834348
5.1742,4.396,0.1,10.897,9.056,0.9,491.703,-0.114637862,-0.001030531
5.1742,4.396,0.11,10.897,9.056,0.89,485.674,-0.111784438,-0.001247778
5.1742,4.396,0.12,10.897,9.056,0.88,480.123,-0.109008272,-0.001486104
5.1742,4.396,0.13,10.897,9.056,0.87,475.01,-0.106306519,-0.001745523
5.1742,4.396,0.14,10.897,9.056,0.86,470.292,-0.10367527,-0.002026051
5.1742,4.396,0.15,10.897,9.056,0.85,465.929,-0.101109564,-0.002328709
5.1742,4.396,0.16,10.897,9.056,0.84,461.884,-0.098606707,-0.002653517
5.1742,4.396,0.17,10.897,9.056,0.83,458.124,-0.096160741,-0.0030015
5.1742,4.396,0.18,10.897,9.056,0.82,454.617,-0.09376797,-0.003370674
5.1742,4.396,0.19,10.897,9.056,0.81,451.339,-0.091426929,-0.003763071
5.1742,4.396,0.2,10.897,9.056,0.8,448.266,-0.089131805,-0.004178719
5.1742,4.396,0.21,10.897,9.056,0.79,445.378,-0.086881204,-0.00461664
5.1742,4.396,0.22,10.897,9.056,0.78,442.656,-0.084672659,-0.005078876
5.1742,4.396,0.23,10.897,9.056,0.77,440.086,-0.082503734,-0.005565458
5.1742,4.396,0.24,10.897,9.056,0.76,437.653,-0.080372012,-0.006074412
5.1742,4.396,0.25,10.897,9.056,0.75,435.346,-0.078277267,-0.00660879
5.1742,4.396,0.26,10.897,9.056,0.74,433.153,-0.076216039,-0.007167626
5.1742,4.396,0.27,10.897,9.056,0.73,431.066,-0.074188129,-0.007750961
5.1742,4.396,0.28,10.897,9.056,0.72,429.075,-0.072191195,-0.008358838
5.1742,4.396,0.29,10.897,9.056,0.71,427.173,-0.070226132,-0.008993319
5.1742,4.396,0.3,10.897,9.056,0.7,425.353,-0.068290618,-0.009652435
5.1742,4.396,0.31,10.897,9.056,0.69,423.61,-0.066384491,-0.010337246
5.1742,4.396,0.32,10.897,9.056,0.68,421.937,-0.064506522,-0.011048814
5.1742,4.396,0.33,10.897,9.056,0.67,420.331,-0.06265656,-0.011786185
5.1742,4.396,0.34,10.897,9.056,0.66,418.786,-0.060833394,-0.012550428
5.1742,4.396,0.35,10.897,9.056,0.65,417.298,-0.059036883,-0.013340591
5.1742,4.396,0.36,10.897,9.056,0.64,415.864,-0.057265831,-0.014158764
5.1742,4.396,0.37,10.897,9.056,0.63,414.48,-0.055522224,-0.015003999
5.1742,4.396,0.38,10.897,9.056,0.62,413.144,-0.053803812,-0.015877381
5.1742,4.396,0.39,10.897,9.056,0.61,411.852,-0.05211047,-0.016777966
5.1742,4.396,0.4,10.897,9.056,0.6,410.603,-0.050442078,-0.017706845
5.1742,4.396,0.41,10.897,9.056,0.59,409.392,-0.048798514,-0.018664096
5.1742,4.396,0.42,10.897,9.056,0.58,408.22,-0.04718071,-0.019648779
5.1742,4.396,0.43,10.897,9.056,0.57,407.083,-0.045587498,-0.020663017
5.1742,4.396,0.44,10.897,9.056,0.56,405.979,-0.044018765,-0.021706899
5.1742,4.396,0.45,10.897,9.056,0.55,404.908,-0.042474401,-0.022778471
5.1742,4.396,0.46,10.897,9.056,0.54,403.866,-0.040955337,-0.023880892
5.1742,4.396,0.47,10.897,9.056,0.53,402.854,-0.039461462,-0.025011188
5.1742,4.396,0.48,10.897,9.056,0.52,401.869,-0.037991629,-0.026172532
5.1742,4.396,0.49,10.897,9.056,0.51,400.91,-0.036546771,-0.027362975
5.1742,4.396,0.5,10.897,9.056,0.5,399.977,-0.03512782,-0.028582619
5.1742,4.396,0.51,10.897,9.056,0.49,399.067,-0.0337326,-0.02983363
5.1742,4.396,0.52,10.897,9.056,0.48,398.18,-0.032364113,-0.031114061
5.1742,4.396,0.53,10.897,9.056,0.47,397.315,-0.03102019,-0.032424023
5.1742,4.396,0.54,10.897,9.056,0.46,396.471,-0.029701762,-0.033764664
5.1742,4.396,0.55,10.897,9.056,0.45,395.647,-0.028408734,-0.035136107
5.1742,4.396,0.56,10.897,9.056,0.44,394.843,-0.027142035,-0.036537436
5.1742,4.396,0.57,10.897,9.056,0.43,394.057,-0.025901568,-0.037968777
5.1742,4.396,0.58,10.897,9.056,0.42,393.289,-0.024687238,-0.039431295
5.1742,4.396,0.59,10.897,9.056,0.41,392.538,-0.023499974,-0.040923041
5.1742,4.396,0.6,10.897,9.056,0.4,391.804,-0.02233866,-0.042445186
5.1742,4.396,0.61,10.897,9.056,0.39,391.086,-0.021205251,-0.043996821
5.1742,4.396,0.62,10.897,9.056,0.38,390.383,-0.020098631,-0.045578078
5.1742,4.396,0.63,10.897,9.056,0.37,389.696,-0.019019734,-0.047189097
5.1742,4.396,0.64,10.897,9.056,0.36,389.022,-0.01796847,-0.048828965
5.1742,4.396,0.65,10.897,9.056,0.35,388.363,-0.016944755,-0.050497821
5.1742,4.396,0.66,10.897,9.056,0.34,387.716,-0.015950536,-0.052194753
5.1742,4.396,0.67,10.897,9.056,0.33,387.083,-0.014983697,-0.053919899
5.1742,4.396,0.68,10.897,9.056,0.32,386.463,-0.014046187,-0.055672342
5.1742,4.396,0.69,10.897,9.056,0.31,385.855,-0.013137926,-0.057451163
5.1742,4.396,0.7,10.897,9.056,0.3,385.258,-0.012258833,-0.059256496
5.1742,4.396,0.71,10.897,9.056,0.29,384.674,-0.011409845,-0.061087416
5.1742,4.396,0.72,10.897,9.056,0.28,384.1,-0.010590886,-0.062942995
5.1742,4.396,0.73,10.897,9.056,0.27,383.537,-0.009800872,-0.064822295
5.1742,4.396,0.74,10.897,9.056,0.26,382.985,-0.009042763,-0.066723306
5.1742,4.396,0.75,10.897,9.056,0.25,382.443,-0.008313461,-0.068647217
5.1742,4.396,0.76,10.897,9.056,0.24,381.911,-0.007615928,-0.07058986
5.1742,4.396,0.77,10.897,9.056,0.23,381.388,-0.006950096,-0.072552413
5.1742,4.396,0.78,10.897,9.056,0.22,380.875,-0.006313891,-0.074531754
5.1742,4.396,0.79,10.897,9.056,0.21,380.372,-0.005709267,-0.076526895
5.1742,4.396,0.8,10.897,9.056,0.2,379.877,-0.005137173,-0.07853576
5.1742,4.396,0.81,10.897,9.056,0.19,379.391,-0.004595543,-0.08055734
5.1742,4.396,0.82,10.897,9.056,0.18,378.913,-0.004085334,-0.082587359
5.1742,4.396,0.83,10.897,9.056,0.17,378.444,-0.003606496,-0.084624773
5.1742,4.396,0.84,10.897,9.056,0.16,377.982,-0.003159988,-0.086667436
5.1742,4.396,0.85,10.897,9.056,0.15,377.529,-0.002744763,-0.088711002
5.1742,4.396,0.86,10.897,9.056,0.14,377.083,-0.002359782,-0.090753278
5.1742,4.396,0.87,10.897,9.056,0.13,376.645,-0.002007013,-0.092790956
5.1742,4.396,0.88,10.897,9.056,0.12,376.214,-0.001684418,-0.0948207
5.1742,4.396,0.89,10.897,9.056,0.11,375.79,-0.00139297,-0.096836945
5.1742,4.396,0.9,10.897,9.056,0.1,375.374,-0.001130639,-0.098836289
5.1742,4.396,0.91,10.897,9.056,0.09,374.964,-0.000898403,-0.100815305
5.1742,4.396,0.92,10.897,9.056,0.08,374.56,-0.000695242,-0.102766106
5.1742,4.396,0.93,10.897,9.056,0.07,374.163,-0.000521136,-0.104685188
5.1742,4.396,0.94,10.897,9.056,0.06,373.772,-0.00037307,-0.106565686
5.1742,4.396,0.95,10.897,9.056,0.05,373.387,-0.000253032,-0.108400688
5.1742,4.396,0.96,10.897,9.056,0.04,373.0085,-0.000157012,-0.110183237
5.1742,4.396,0.97,10.897,9.056,0.03,372.6355,-8.6004e-05,-0.111906337
5.1742,4.396,0.98,10.897,9.056,0.02,372.2679,-3.7001e-05,-0.113559592
5.1742,4.396,0.99,10.897,9.056,0.01,371.9058,-9e-06,-0.115134795
5.1742,4.396,1.0,10.897,9.056,0.0,371.5489,0.0,-0.116621461
10.897,9.056,0.0,4.0464,3.24,1.0,353.9317,-0.424510322,0.0
10.897,9.056,0.01,4.0464,3.24,0.99,354.2799,-0.412387009,-6.2002e-05
10.897,9.056,0.02,4.0464,3.24,0.98,354.6367,-0.400417867,-0.000249031
10.897,9.056,0.03,4.0464,3.24,0.97,355.0023,-0.388624215,-0.000558156
10.897,9.056,0.04,4.0464,3.24,0.96,355.3768,-0.377020519,-0.000988488
10.897,9.056,0.05,4.0464,3.24,0.95,355.7602,-0.365617668,-0.001538182
10.897,9.056,0.06,4.0464,3.24,0.94,356.1526,-0.354426046,-0.002204428
10.897,9.056,0.07,4.0464,3.24,0.93,356.554,-0.343455563,-0.002985452
10.897,9.056,0.08,4.0464,3.24,0.92,356.9646,-0.332708728,-0.003877508
10.897,9.056,0.09,4.0464,3.24,0.91,357.3844,-0.322192085,-0.004878882
10.897,9.056,0.1,4.0464,3.24,0.9,357.8134,-0.311906461,-0.005984874
10.897,9.056,0.11,4.0464,3.24,0.89,358.2518,-0.301855374,-0.007193814
10.897,9.056,0.12,4.0464,3.24,0.88,358.6995,-0.292038213,-0.008501032
10.897,9.056,0.13,4.0464,3.24,0.87,359.1567,-0.282454427,-0.009905902
10.897,9.056,0.14,4.0464,3.24,0.86,359.6235,-0.273104838,-0.011402765
10.897,9.056,0.15,4.0464,3.24,0.85,360.0998,-0.263986379,-0.012990006
10.897,9.056,0.16,4.0464,3.24,0.84,360.586,-0.255097432,-0.014663993
10.897,9.056,0.17,4.0464,3.24,0.83,361.0819,-0.246436488,-0.016422108
10.897,9.056,0.18,4.0464,3.24,0.82,361.5878,-0.237999608,-0.018260717
10.897,9.056,0.19,4.0464,3.24,0.81,362.1038,-0.229784302,-0.020178218
10.897,9.056,0.2,4.0464,3.24,0.8,362.63,-0.221785724,-0.02217097
10.897,9.056,0.21,4.0464,3.24,0.79,363.1666,-0.214002954,-0.024236342
10.897,9.056,0.22,4.0464,3.24,0.78,363.7137,-0.20643025,-0.026371696
10.897,9.056,0.23,4.0464,3.24,0.77,364.2714,-0.199064542,-0.028574387
10.897,9.056,0.24,4.0464,3.24,0.76,364.8401,-0.1919017,-0.030841755
10.897,9.056,0.25,4.0464,3.24,0.75,365.4198,-0.184937776,-0.033171129
10.897,9.056,0.26,4.0464,3.24,0.74,366.0107,-0.178168991,-0.035560859
10.897,9.056,0.27,4.0464,3.24,0.73,366.6132,-0.171590541,-0.038009287
10.897,9.056,0.28,4.0464,3.24,0.72,367.2274,-0.165200168,-0.040512667
10.897,9.056,0.29,4.0464,3.24,0.71,367.8536,-0.158991042,-0.04306931
10.897,9.056,0.3,4.0464,3.24,0.7,368.4921,-0.152962386,-0.045677513
10.897,9.056,0.31,4.0464,3.24,0.69,369.1432,-0.147107707,-0.048334518
10.897,9.056,0.32,4.0464,3.24,0.68,369.8071,-0.141424173,-0.051040695
10.897,9.056,0.33,4.0464,3.24,0.67,370.4843,-0.135906783,-0.053791148
10.897,9.056,0.34,4.0464,3.24,0.66,371.175,-0.130552975,-0.056586225
10.897,9.056,0.35,4.0464,3.24,0.65,371.8796,-0.125359162,-0.059424155
10.897,9.056,0.36,4.0464,3.24,0.64,372.5986,-0.120319625,-0.06230209
10.897,9.056,0.37,4.0464,3.24,0.63,373.332,-0.115433298,-0.065219286
10.897,9.056,0.38,4.0464,3.24,0.62,374.081,-0.110694717,-0.068173921
10.897,9.056,0.39,4.0464,3.24,0.61,374.846,-0.10610079,-0.071164156
10.897,9.056,0.4,4.0464,3.24,0.6,375.627,-0.101647418,-0.074190283
10.897,9.056,0.41,4.0464,3.24,0.59,376.425,-0.097332824,-0.077249363
10.897,9.056,0.42,4.0464,3.24,0.58,377.24,-0.093153108,-0.080340585
10.897,9.056,0.43,4.0464,3.24,0.57,378.073,-0.089104475,-0.083463134
10.897,9.056,0.44,4.0464,3.24,0.56,378.924,-0.085183231,-0.086616182
10.897,9.056,0.45,4.0464,3.24,0.55,379.795,-0.081387945,-0.089796707
10.897,9.056,0.46,4.0464,3.24,0.54,380.686,-0.077714005,-0.093006036
10.897,9.056,0.47,4.0464,3.24,0.53,381.598,-0.07415905,-0.096241113
10.897,9.056,0.48,4.0464,3.24,0.52,382.532,-0.070720792,-0.099503258
10.897,9.056,0.49,4.0464,3.24,0.51,383.488,-0.067394863,-0.102789379
10.897,9.056,0.5,4.0464,3.24,0.5,384.468,-0.064180185,-0.106099678
10.897,9.056,0.51,4.0464,3.24,0.49,385.473,-0.061073598,-0.109433242
10.897,9.056,0.52,4.0464,3.24,0.48,386.503,-0.058072008,-0.112789151
10.897,9.056,0.53,4.0464,3.24,0.47,387.561,-0.055172387,-0.116167591
10.897,9.056,0.54,4.0464,3.24,0.46,388.647,-0.052373878,-0.1195665
10.897,9.056,0.55,4.0464,3.24,0.45,389.762,-0.049673554,-0.122986048
10.897,9.056,0.56,4.0464,3.24,0.44,390.909,-0.047067499,-0.126425272
10.897,9.056,0.57,4.0464,3.24,0.43,392.088,-0.044554995,-0.129884337
10.897,9.056,0.58,4.0464,3.24,0.42,393.303,-0.042134314,-0.133362264
10.897,9.056,0.59,4.0464,3.24,0.41,394.553,-0.039801682,-0.136858063
10.897,9.056,0.6,4.0464,3.24,0.4,395.843,-0.03755546,-0.140373029
10.897,9.056,0.61,4.0464,3.24,0.39,397.173,-0.035394044,-0.143905013
10.897,9.056,0.62,4.0464,3.24,0.38,398.546,-0.033314827,-0.147454152
10.897,9.056,0.63,4.0464,3.24,0.37,399.966,-0.031316276,-0.151021747
10.897,9.056,0.64,4.0464,3.24,0.36,401.434,-0.029396885,-0.154605617
10.897,9.056,0.65,4.0464,3.24,0.35,402.954,-0.027553125,-0.158207063
10.897,9.056,0.66,4.0464,3.24,0.34,404.53,-0.02578561,-0.161825053
10.897,9.056,0.67,4.0464,3.24,0.33,406.165,-0.024090869,-0.16545972
10.897,9.056,0.68,4.0464,3.24,0.32,407.864,-0.022467515,-0.169111199
10.897,9.056,0.69,4.0464,3.24,0.31,409.63,-0.020913164,-0.172780815
10.897,9.056,0.7,4.0464,3.24,0.3,411.471,-0.019428517,-0.176467525
10.897,9.056,0.71,4.0464,3.24,0.29,413.39,-0.018009196,-0.18017147
10.897,9.056,0.72,4.0464,3.24,0.28,415.395,-0.016654927,-0.183893992
10.897,9.056,0.73,4.0464,3.24,0.27,417.493,-0.015365446,-0.187635249
10.897,9.056,0.74,4.0464,3.24,0.26,419.692,-0.01413645,-0.1913954
10.897,9.056,0.75,4.0464,3.24,0.25,422.0,-0.012968732,-0.195174604
10.897,9.056,0.76,4.0464,3.24,0.24,424.429,-0.011861065,-0.198976687
10.897,9.056,0.77,4.0464,3.24,0.23,426.989,-0.01081022,-0.202799404
10.897,9.056,0.78,4.0464,3.24,0.22,429.694,-0.00981602,-0.206645397
10.897,9.056,0.79,4.0464,3.24,0.21,432.559,-0.008877287,-0.210516114
10.897,9.056,0.8,4.0464,3.24,0.2,435.601,-0.007992858,-0.214413024
10.897,9.056,0.81,4.0464,3.24,0.19,438.839,-0.007161583,-0.218338862
10.897,9.056,0.82,4.0464,3.24,0.18,442.295,-0.006381317,-0.222293912
10.897,9.056,0.83,4.0464,3.24,0.17,445.997,-0.005651942,-0.226282222
10.897,9.056,0.84,4.0464,3.24,0.16,449.973,-0.004971337,-0.230305386
10.897,9.056,0.85,4.0464,3.24,0.15,454.257,-0.004339402,-0.234367555
10.897,9.056,0.86,4.0464,3.24,0.14,458.888,-0.003754038,-0.238471679
10.897,9.056,0.87,4.0464,3.24,0.13,463.909,-0.003215163,-0.242622031
10.897,9.056,0.88,4.0464,3.24,0.12,469.368,-0.0027217,-0.246820399
10.897,9.056,0.89,4.0464,3.24,0.11,475.316,-0.00227258,-0.251071172
10.897,9.056,0.9,4.0464,3.24,0.1,481.803,-0.001865739,-0.255377529
10.897,9.056,0.91,4.0464,3.24,0.09,488.874,-0.001502128,-0.259741407
10.897,9.056,0.92,4.0464,3.24,0.08,496.559,-0.001179696,-0.264159575
10.897,9.056,0.93,4.0464,3.24,0.07,504.862,-0.000897403,-0.268628745
10.897,9.056,0.94,4.0464,3.24,0.06,513.743,-0.000655215,-0.273139004
10.897,9.056,0.95,4.0464,3.24,0.05,523.112,-0.000453103,-0.277676298
10.897,9.056,0.96,4.0464,3.24,0.04,532.821,-0.000288041,-0.282219685
10.897,9.056,0.97,4.0464,3.24,0.03,542.69,-0.000161013,-0.286749174
10.897,9.056,0.98,4.0464,3.24,0.02,552.676,-7.1003e-05,-0.291260467
10.897,9.056,0.99,4.0464,3.24,0.01,561.743,-1.8e-05,-0.295655106
10.897,9.056,1.0,4.0464,3.24,0.0,569.651,0.0,-0.29991796
4.0464,3.24,0.0,10.897,9.056,1.0,569.651,-0.29991796,0.0
4.0464,3.24,0.01,10.897,9.056,0.99,561.743,-0.295655106,-1.8e-05
4.0464,3.24,0.02,10.897,9.056,0.98,552.676,-0.291260467,-7.1003e-05
4.0464,3.24,0.03,10.897,9.056,0.97,542.69,-0.286749174,-0.000161013
4.0464,3.24,0.04,10.897,9.056,0.96,532.821,-0.282219685,-0.000288041
4.0464,3.24,0.05,10.897,9.056,0.95,523.112,-0.277676298,-0.000453103
4.0464,3.24,0.06,10.897,9.056,0.94,513.743,-0.273139004,-0.000655215
4.0464,3.24,0.07,10.897,9.056,0.93,504.862,-0.268628745,-0.000897403
4.0464,3.24,0.08,10.897,9.056,0.92,496.559,-0.264159575,-0.001179696
4.0464,3.24,0.09,10.897,9.056,0.91,488.874,-0.259741407,-0.001502128
4.0464,3.24,0.1,10.897,9.056,0.9,481.803,-0.255377529,-0.001865739
4.0464,3.24,0.11,10.897,9.056,0.89,475.316,-0.251071172,-0.00227258
4.0464,3.24,0.12,10.897,9.056,0.88,469.368,-0.246820399,-0.0027217
4.0464,3.24,0.13,10.897,9.056,0.87,463.909,-0.242622031,-0.003215163
4.0464,3.24,0.14,10.897,9.056,0.86,458.888,-0.238471679,-0.003754038
4.0464,3.24,0.15,10.897,9.056,0.85,454.257,-0.234367555,-0.004339402
4.0464,3.24,0.16,10.897,9.056,0.84,449.973,-0.230305386,-0.004971337
4.0464,3.24,0.17,10.897,9.056,0.83,445.997,-0.226282222,-0.005651942
4.0464,3.24,0.18,10.897,9.056,0.82,442.295,-0.222293912,-0.006381317
4.0464,3.24,0.19,10.897,9.056,0.81,438.839,-0.218338862,-0.007161583
4.0464,3.24,0.2,10.897,9.056,0.8,435.601,-0.214413024,-0.007992858
4.0464,3.24,0.21,10.897,9.056,0.79,432.559,-0.210516114,-0.008877287
4.0464,3.24,0.22,10.897,9.056,0.78,429.694,-0.206645397,-0.00981602
4.0464,3.24,0.23,10.897,9.056,0.77,426.989,-0.202799404,-0.01081022
4.0464,3.24,0.24,10.897,9.056,0.76,424.429,-0.198976687,-0.011861065
4.0464,3.24,0.25,10.897,9.056,0.75,422.0,-0.195174604,-0.012968732
4.0464,3.24,0.26,10.897,9.056,0.74,419.692,-0.1913954,-0.01413645
4.0464,3.24,0.27,10.897,9.056,0.73,417.493,-0.187635249,-0.015365446
4.0464,3.24,0.28,10.897,9.056,0.72,415.395,-0.183893992,-0.016654927
4.0464,3.24,0.29,10.897,9.056,0.71,413.39,-0.18017147,-0.018009196
4.0464,3.24,0.3,10.897,9.056,0.7,411.471,-0.176467525,-0.019428517
4.0464,3.24,0.31,10.897,9.056,0.69,409.63,-0.172780815,-0.020913164
4.0464,3.24,0.32,10.897,9.056,0.68,407.864,-0.169111199,-0.022467515
4.0464,3.24,0.33,10.897,9.056,0.67,406.165,-0.16545972,-0.024090869
4.0464,3.24,0.34,10.897,9.056,0.66,404.53,-0.161825053,-0.02578561
4.0464,3.24,0.35,10.897,9.056,0.65,402.954,-0.158207063,-0.027553125
4.0464,3.24,0.36,10.897,9.056,0.64,401.434,-0.154605617,-0.029396885
4.0464,3.24,0.37,10.897,9.056,0.63,399.966,-0.151021747,-0.031316276
4.0464,3.24,0.38,10.897,9.056,0.62,398.546,-0.147454152,-0.033314827
4.0464,3.24,0.39,10.897,9.056,0.61,397.173,-0.143905013,-0.035394044
4.0464,3.24,0.4,10.897,9.056,0.6,395.843,-0.140373029,-0.03755546
4.0464,3.24,0.41,10.897,9.056,0.59,394.553,-0.136858063,-0.039801682
4.0464,3.24,0.42,10.897,9.056,0.58,393.303,-0.133362264,-0.042134314
4.0464,3.24,0.43,10.897,9.056,0.57,392.088,-0.129884337,-0.044554995
4.0464,3.24,0.44,10.897,9.056,0.56,390.909,-0.126425272,-0.047067499
4.0464,3.24,0.45,10.897,9.056,0.55,389.762,-0.122986048,-0.049673554
4.0464,3.24,0.46,10.897,9.056,0.54,388.647,-0.1195665,-0.052373878
4.0464,3.24,0.47,10.897,9.056,0.53,387.561,-0.116167591,-0.055172387
4.0464,3.24,0.48,10.897,9.056,0.52,386.503,-0.112789151,-0.058072008
4.0464,3.24,0.49,10.897,9.056,0.51,385.473,-0.109433242,-0.061073598
4.0464,3.24,0.5,10.897,9.056,0.5,384.468,-0.106099678,-0.064180185
4.0464,3.24,0.51,10.897,9.056,0.49,383.488,-0.102789379,-0.067394863
4.0464,3.24,0.52,10.897,9.056,0.48,382.532,-0.099503258,-0.070720792
4.0464,3.24,0.53,10.897,9.056,0.47,381.598,-0.096241113,-0.07415905
4.0464,3.24,0.54,10.897,9.056,0.46,380.686,-0.093006036,-0.077714005
4.0464,3.24,0.55,10.897,9.056,0.45,379.795,-0.089796707,-0.081387945
4.0464,3.24,0.56,10.897,9.056,0.44,378.924,-0.086616182,-0.085183231
4.0464,3.24,0.57,10.897,9.056,0.43,378.073,-0.083463134,-0.089104475
4.0464,3.24,0.58,10.897,9.056,0.42,377.24,-0.080340585,-0.093153108
4.0464,3.24,0.59,10.897,9.056,0.41,376.425,-0.077249363,-0.097332824
4.0464,3.24,0.6,10.897,9.056,0.4,375.627,-0.074190283,-0.101647418
4.0464,3.24,0.61,10.897,9.056,0.39,374.846,-0.071164156,-0.10610079
4.0464,3.24,0.62,10.897,9.056,0.38,374.081,-0.068173921,-0.110694717
4.0464,3.24,0.63,10.897,9.056,0.37,373.332,-0.065219286,-0.115433298
4.0464,3.24,0.64,10.897,9.056,0.36,372.5986,-0.06230209,-0.120319625
4.0464,3.24,0.65,10.897,9.056,0.35,371.8796,-0.059424155,-0.125359162
4.0464,3.24,0.66,10.897,9.056,0.34,371.175,-0.056586225,-0.130552975
4.0464,3.24,0.67,10.897,9.056,0.33,370.4843,-0.053791148,-0.135906783
4.0464,3.24,0.68,10.897,9.056,0.32,369.8071,-0.051040695,-0.141424173
4.0464,3.24,0.69,10.897,9.056,0.31,369.1432,-0.048334518,-0.147107707
4.0464,3.24,0.7,10.897,9.056,0.3,368.4921,-0.045677513,-0.152962386
4.0464,3.24,0.71,10.897,9.056,0.29,367.8536,-0.04306931,-0.158991042
4.0464,3.24,0.72,10.897,9.056,0.28,367.2274,-0.040512667,-0.165200168
4.0464,3.24,0.73,10.897,9.056,0.27,366.6132,-0.038009287,-0.171590541
4.0464,3.24,0.74,10.897,9.056,0.26,366.0107,-0.035560859,-0.178168991
4.0464,3.24,0.75,10.897,9.056,0.25,365.4198,-0.033171129,-0.184937776
4.0464,3.24,0.76,10.897,9.056,0.24,364.8401,-0.030841755,-0.1919017
4.0464,3.24,0.77,10.897,9.056,0.23,364.2714,-0.028574387,-0.199064542
4.0464,3.24,0.78,10.897,9.056,0.22,363.7137,-0.026371696,-0.20643025
4.0464,3.24,0.79,10.897,9.056,0.21,363.1666,-0.024236342,-0.214002954
4.0464,3.24,0.8,10.897,9.056,0.2,362.63,-0.02217097,-0.221785724
4.0464,3.24,0.81,10.897,9.056,0.19,362.1038,-0.020178218,-0.229784302
4.0464,3.24,0.82,10.897,9.056,0.18,361.5878,-0.018260717,-0.237999608
4.0464,3.24,0.83,10.897,9.056,0.17,361.0819,-0.016422108,-0.246436488
4.0464,3.24,0.84,10.897,9.056,0.16,360.586,-0.014663993,-0.255097432
4.0464,3.24,0.85,10.897,9.056,0.15,360.0998,-0.012990006,-0.263986379
4.0464,3.24,0.86,10.897,9.056,0.14,359.6235,-0.011402765,-0.273104838
4.0464,3.24,0.87,10.897,9.056,0.13,359.1567,-0.009905902,-0.282454427
4.0464,3.24,0.88,10.897,9.056,0.12,358.6995,-0.008501032,-0.292038213
4.0464,3.24,0.89,10.897,9.056,0.11,358.2518,-0.007193814,-0.301855374
4.0464,3.24,0.9,10.897,9.056,0.1,357.8134,-0.005984874,-0.311906461
4.0464,3.24,0.91,10.897,9.056,0.09,357.3844,-0.004878882,-0.322192085
4.0464,3.24,0.92,10.897,9.056,0.08,356.9646,-0.003877508,-0.332708728
4.0464,3.24,0.93,10.897,9.056,0.07,356.554,-0.002985452,-0.343455563
4.0464,3.24,0.94,10.897,9.056,0.06,356.1526,-0.002204428,-0.354426046
4.0464,3.24,0.95,10.897,9.056,0.05,355.7602,-0.001538182,-0.365617668
4.0464,3.24,0.96,10.897,9.056,0.04,355.3768,-0.000988488,-0.377020519
4.0464,3.24,0.97,10.897,9.056,0.03,355.0023,-0.000558156,-0.388624215
4.0464,3.24,0.98,10.897,9.056,0.02,354.6367,-0.000249031,-0.400417867
4.0464,3.24,0.99,10.897,9.056,0.01,354.2799,-6.2002e-05,-0.412387009
4.0464,3.24,1.0,10.897,9.056,0.0,353.9317,0.0,-0.424510322
2.5755,2.588,0.0,7.1974,6.016,1.0,447.459,1.838227893,0.0
2.5755,2.588,0.01,7.1974,6.016,0.99,418.012,1.968501601,0.000219976
2.5755,2.588,0.02,7.1974,6.016,0.98,400.049,2.034803682,0.00098951
2.5755,2.588,0.03,7.1974,6.016,0.97,388.661,2.058433663,0.002377172
2.5755,2.588,0.04,7.1974,6.016,0.96,380.919,2.056644912,0.004400304
2.5755,2.588,0.05,7.1974,6.016,0.95,375.356,2.039393987,0.007045125
2.5755,2.588,0.06,7.1974,6.016,0.94,371.1905,2.012458702,0.010306703
2.5755,2.588,0.07,7.1974,6.016,0.93,367.9753,1.979350452,0.014159283
2.5755,2.588,0.08,7.1974,6.016,0.92,365.4348,1.942297919,0.01856657
2.5755,2.588,0.09,7.1974,6.016,0.91,363.3906,1.90276701,0.023511427
2.5755,2.588,0.1,7.1974,6.016,0.9,361.7215,1.861747179,0.028966394
2.5755,2.588,0.11,7.1974,6.016,0.89,360.3425,1.819920855,0.034903716
2.5755,2.588,0.12,7.1974,6.016,0.88,359.1922,1.77776365,0.041324268
2.5755,2.588,0.13,7.1974,6.016,0.87,358.2248,1.735614072,0.048189984
2.5755,2.588,0.14,7.1974,6.016,0.86,357.4064,1.693707367,0.05549147
2.5755,2.588,0.15,7.1974,6.016,0.85,356.7102,1.652210004,0.063209513
2.5755,2.588,0.16,7.1974,6.016,0.84,356.1177,1.611236294,0.07134344
2.5755,2.588,0.17,7.1974,6.016,0.83,355.6046,1.570896648,0.079873463
2.5755,2.588,0.18,7.1974,6.016,0.82,355.1791,1.531173622,0.088788963
2.5755,2.588,0.19,7.1974,6.016,0.81,354.7837,1.49224995,0.098088136
2.5755,2.588,0.2,7.1974,6.016,0.8,354.4615,1.453990392,0.107759635
2.5755,2.588,0.21,7.1974,6.016,0.79,354.1833,1.416469478,0.117783036
2.5755,2.588,0.22,7.1974,6.016,0.78,353.9371,1.379710233,0.128182111
2.5755,2.588,0.23,7.1974,6.016,0.77,353.7262,1.343681702,0.138926811
2.5755,2.588,0.24,7.1974,6.016,0.76,353.5474,1.308376062,0.150022169
2.5755,2.588,0.25,7.1974,6.016,0.75,353.3925,1.273794532,0.161472382
2.5755,2.588,0.26,7.1974,6.016,0.74,353.2618,1.239915072,0.173263994
2.5755,2.588,0.27,7.1974,6.016,0.73,353.147,1.20673698,0.185400146
2.5755,2.588,0.28,7.1974,6.016,0.72,353.1384,1.203920803,0.18645467
2.5755,2.588,0.29,7.1974,6.016,0.71,353.1384,1.203920803,0.18645467
2.5755,2.588,0.3,7.1974,6.016,0.7,353.1384,1.203920803,0.18645467
2.5755,2.588,0.31,7.1974,6.016,0.69,353.1384,1.203920803,0.18645467
2.5755,2.588,0.32,7.1974,6.016,0.68,353.1384,1.203920803,0.18645467
2.5755,2.588,0.33,7.1974,6.016,0.67,353.1384,1.203920803,0.18645467
2.5755,2.588,0.34,7.1974,6.016,0.66,353.1384,1.203920803,0.18645467
2.5755,2.588,0.35,7.1974,6.016,0.65,353.1384,1.203920803,0.18645467
2.5755,2.588,0.36,7.1974,6.016,0.64,353.1384,1.203920803,0.18645467
2.5755,2.588,0.37,7.1974,6.016,0.63,353.1384,1.203920803,0.18645467
2.5755,2.588,0.38,7.1974,6.016,0.62,353.1384,1.203920803,0.18645467
2.5755,2.588,0.39,7.1974,6.016,0.61,353.1384,1.203920803,0.18645467
2.5755,2.588,0.4,7.1974,6.016,0.6,353.1384,1.203920803,0.18645467
2.5755,2.588,0.41,7.1974,6.016,0.59,353.1384,1.203920803,0.18645467
2.5755,2.588,0.42,7.1974,6.016,0.58,353.1384,1.203920803,0.18645467
2.5755,2.588,0.43,7.1974,6.016,0.57,353.1384,1.203920803,0.18645467
2.5755,2.588,0.44,7.1974,6.016,0.56,353.1384,1.203920803,0.18645467
2.5755,2.588,0.45,7.1974,6.016,0.55,353.1384,1.203920803,0.18645467
2.5755,2.588,0.46,7.1974,6.016,0.54,353.1384,1.203920803,0.18645467
2.5755,2.588,0.47,7.1974,6.016,0.53,353.1384,1.203920803,0.18645467
2.5755,2.588,0.48,7.1974,6.016,0.52,353.1384,1.203920803,0.18645467
2.5755,2.588,0.49,7.1974,6.016,0.51,353.1384,1.203920803,0.18645467
2.5755,2.588,0.5,7.1974,6.016,0.5,353.1384,1.203920803,0.18645467
2.5755,2.588,0.51,7.1974,6.016,0.49,353.1384,1.203920803,0.18645467
2.5755,2.588,0.52,7.1974,6.016,0.48,353.1384,1.203920803,0.18645467
2.5755,2.588,0.53,7.1974,6.016,0.47,353.1384,1.203920803,0.18645467
2.5755,2.588,0.54,7.1974,6.016,0.46,353.1384,1.203920803,0.18645467
2.5755,2.588,0.55,7.1974,6.016,0.45,353.1384,1.203920803,0.18645467
2.5755,2.588,0.56,7.1974,6.016,0.44,353.1384,1.203920803,0.18645467
2.5755,2.588,0.57,7.1974,6.016,0.43,353.1384,1.203920803,0.18645467
2.5755,2.588,0.58,7.1974,6.016,0.42,353.1384,1.203920803,0.18645467
2.5755,2.588,0.59,7.1974,6.016,0.41,353.1384,1.203920803,0.18645467
2.5755,2.588,0.6,7.1974,6.016,0.4,353.1384,1.203920803,0.18645467
2.5755,2.588,0.61,7.1974,6.016,0.39,353.1384,1.203920803,0.18645467
2.5755,2.588,0.62,7.1974,6.016,0.38,353.1384,1.203920803,0.18645467
2.5755,2.588,0.63,7.1974,6.016,0.37,353.1384,1.203920803,0.18645467
2.5755,2.588,0.64,7.1974,6.016,0.36,353.1384,1.203920803,0.18645467
2.5755,2.588,0.65,7.1974,6.016,0.35,353.1384,1.203920803,0.18645467
2.5755,2.588,0.66,7.1974,6.016,0.34,353.1384,1.203920803,0.18645467
2.5755,2.588,0.67,7.1974,6.016,0.33,353.1384,1.203920803,0.18645467
2.5755,2.588,0.68,7.1974,6.016,0.32,353.1384,1.203920803,0.18645467
2.5755,2.588,0.69,7.1974,6.016,0.31,353.1384,1.203920803,0.18645467
2.5755,2.588,0.7,7.1974,6.016,0.3,353.1384,1.203920803,0.18645467
2.5755,2.588,0.71,7.1974,6.016,0.29,353.1384,1.203920803,0.18645467
2.5755,2.588,0.72,7.1974,6.016,0.28,353.1384,1.203920803,0.18645467
2.5755,2.588,0.73,7.1974,6.016,0.27,353.1384,1.203920803,0.18645467
2.5755,2.588,0.74,7.1974,6.016,0.26,353.1384,1.203920803,0.18645467
2.5755,2.588,0.75,7.1974,6.016,0.25,353.1384,1.203920803,0.18645467
2.5755,2.588,0.76,7.1974,6.016,0.24,353.1384,1.203920803,0.18645467
2.5755,2.588,0.77,7.1974,6.016,0.23,353.1384,1.203920803,0.18645467
2.5755,2.588,0.78,7.1974,6.016,0.22,353.1384,1.203920803,0.18645467
2.5755,2.588,0.79,7.1974,6.016,0.21,353.1384,1.203920803,0.18645467
2.5755,2.588,0.8,7.1974,6.016,0.2,353.1045,0.122491931,1.473952612
2.5755,2.588,0.81,7.1974,6.016,0.19,353.066,0.11188121,1.517846609
2.5755,2.588,0.82,7.1974,6.016,0.18,353.0231,0.101662687,1.563008559
2.5755,2.588,0.83,7.1974,6.016,0.17,352.9756,0.091831409,1.609491911
2.5755,2.588,0.84,7.1974,6.016,0.16,352.9234,0.082409136,1.657357221
2.5755,2.588,0.85,7.1974,6.016,0.15,352.8664,0.07339915,1.706666251
2.5755,2.588,0.86,7.1974,6.016,0.14,352.8044,0.064813483,1.757485434
2.5755,2.588,0.87,7.1974,6.016,0.13,352.7375,0.056663847,1.809885856
2.5755,2.588,0.88,7.1974,6.016,0.12,352.6654,0.048980622,1.863942137
2.5755,2.588,0.89,7.1974,6.016,0.11,352.5883,0.041755958,1.919733364
2.5755,2.588,0.9,7.1974,6.016,0.1,352.5061,0.035029249,1.977345137
2.5755,2.588,0.91,7.1974,6.016,0.09,352.4188,0.02881095,2.036869318
2.5755,2.588,0.92,7.1974,6.016,0.08,352.3265,0.023130417,2.098401903
2.5755,2.588,0.93,7.1974,6.016,0.07,352.2295,0.017997077,2.162045198
2.5755,2.588,0.94,7.1974,6.016,0.06,352.128,0.013439287,2.227911115
2.5755,2.588,0.95,7.1974,6.016,0.05,352.0224,0.009494782,2.296117221
2.5755,2.588,0.96,7.1974,6.016,0.04,351.9132,0.006180859,2.366789183
2.5755,2.588,0.97,7.1974,6.016,0.03,351.8013,0.003543714,2.44005746
2.5755,2.588,0.98,7.1974,6.016,0.02,351.6876,0.001598721,2.516082267
2.5755,2.588,0.99,7.1974,6.016,0.01,351.5734,0.000409916,2.594993479
2.5755,2.588,1.0,7.1974,6.016,0.0,351.4603,0.0,2.676979123
7.1974,6.016,0.0,2.5755,2.588,1.0,351.4603,2.676979123,0.0
7.1974,6.016,0.01,2.5755,2.588,0.99,351.5734,2.594993479,0.000409916
7.1974,6.016,0.02,2.5755,2.588,0.98,351.6876,2.516082267,0.001598721
7.1974,6.016,0.03,2.5755,2.588,0.97,351.8013,2.44005746,0.003543714
7.1974,6.016,0.04,2.5755,2.588,0.96,351.9132,2.366789183,0.006180859
7.1974,6.016,0.05,2.5755,2.588,0.95,352.0224,2.296117221,0.009494782
7.1974,6.016,0.06,2.5755,2.588,0.94,352.128,2.227911115,0.013439287
7.1974,6.016,0.07,2.5755,2.588,0.93,352.2295,2.162045198,0.017997077
7.1974,6.016,0.08,2.5755,2.588,0.92,352.3265,2.098401903,0.023130417
7.1974,6.016,0.09,2.5755,2.588,0.91,352.4188,2.036869318,0.02881095
7.1974,6.016,0.1,2.5755,2.588,0.9,352.5061,1.977345137,0.035029249
7.1974,6.016,0.11,2.5755,2.588,0.89,352.5883,1.91973923,0.041755958
7.1974,6.016,0.12,2.5755,2.588,0.88,352.6655,1.863942137,0.048980622
7.1974,6.016,0.13,2.5755,2.588,0.87,352.7376,1.809885856,0.056663847
7.1974,6.016,0.14,2.5755,2.588,0.86,352.8046,1.757485434,0.064813483
7.1974,6.016,0.15,2.5755,2.588,0.85,352.8664,1.70667351,0.073389857
7.1974,6.016,0.16,2.5755,2.588,0.84,352.9234,1.657357221,0.082409136
7.1974,6.016,0.17,2.5755,2.588,0.83,352.9756,1.609491911,0.091831409
7.1974,6.016,0.18,2.5755,2.588,0.82,273.15,,
7.1974,6.016,0.19,2.5755,2.588,0.81,353.066,1.517846609,0.11188121
7.1974,6.016,0.2,2.5755,2.588,0.8,353.1045,1.473952612,0.122491931
7.1974,6.016,0.21,2.5755,2.588,0.79,353.1385,0.186363378,1.204169785
7.1974,6.016,0.22,2.5755,2.588,0.78,353.1384,0.186379977,1.204118794
7.1974,6.016,0.23,2.5755,2.588,0.77,353.1384,0.186396576,1.204079799
7.1974,6.016,0.24,2.5755,2.588,0.76,353.1384,0.186404875,1.204046802
7.1974,6.016,0.25,2.5755,2.588,0.75,353.1384,0.186413175,1.204022803
7.1974,6.016,0.26,2.5755,2.588,0.74,353.1384,0.186421474,1.204001804
7.1974,6.016,0.27,2.5755,2.588,0.73,353.1384,0.186429773,1.203983804
7.1974,6.016,0.28,2.5755,2.588,0.72,353.1384,0.186438072,1.203971804
7.1974,6.016,0.29,2.5755,2.588,0.71,353.1384,0.186438072,1.203962804
7.1974,6.016,0.3,2.5755,2.588,0.7,353.1384,0.186446371,1.203953804
7.1974,6.016,0.31,2.5755,2.588,0.69,353.1384,0.186446371,1.203947804
7.1974,6.016,0.32,2.5755,2.588,0.68,353.1384,0.186446371,1.203941804
7.1974,6.016,0.33,2.5755,2.588,0.67,353.1384,0.186446371,1.203938804
7.1974,6.016,0.34,2.5755,2.588,0.66,353.1384,0.186446371,1.203935804
7.1974,6.016,0.35,2.5755,2.588,0.65,353.1384,0.18645467,1.203932804
7.1974,6.016,0.36,2.5755,2.588,0.64,353.1384,0.18645467,1.203929803
7.1974,6.016,0.37,2.5755,2.588,0.63,353.1384,0.18645467,1.203926803
7.1974,6.016,0.38,2.5755,2.588,0.62,353.1384,0.18645467,1.203926803
7.1974,6.016,0.39,2.5755,2.588,0.61,353.1384,0.18645467,1.203926803
7.1974,6.016,0.4,2.5755,2.588,0.6,353.1384,0.18645467,1.203923803
7.1974,6.016,0.41,2.5755,2.588,0.59,353.1384,0.18645467,1.203923803
7.1974,6.016,0.42,2.5755,2.588,0.58,353.1384,0.18645467,1.203923803
7.1974,6.016,0.43,2.5755,2.588,0.57,353.1384,0.18645467,1.203923803
7.1974,6.016,0.44,2.5755,2.588,0.56,353.1384,0.18645467,1.203923803
7.1974,6.016,0.45,2.5755,2.588,0.55,353.1384,0.18645467,1.203923803
7.1974,6.016,0.46,2.5755,2.588,0.54,353.1384,0.18645467,1.203923803
7.1974,6.016,0.47,2.5755,2.588,0.53,353.1384,0.18645467,1.203920803
7.1974,6.016,0.48,2.5755,2.588,0.52,353.1384,0.18645467,1.203920803
7.1974,6.016,0.49,2.5755,2.588,0.51,353.1384,0.18645467,1.203920803
7.1974,6.016,0.5,2.5755,2.588,0.5,353.1384,0.18645467,1.203920803
7.1974,6.016,0.51,2.5755,2.588,0.49,353.1384,0.18645467,1.203920803
7.1974,6.016,0.52,2.5755,2.588,0.48,353.1384,0.18645467,1.203920803
7.1974,6.016,0.53,2.5755,2.588,0.47,353.1384,0.18645467,1.203920803
7.1974,6.016,0.54,2.5755,2.588,0.46,353.1384,0.18645467,1.203920803
7.1974,6.016,0.55,2.5755,2.588,0.45,353.1384,0.18645467,1.203920803
7.1974,6.016,0.56,2.5755,2.588,0.44,353.1384,0.18645467,1.203920803
7.1974,6.016,0.57,2.5755,2.588,0.43,353.1384,0.18645467,1.203920803
7.1974,6.016,0.58,2.5755,2.588,0.42,353.1384,0.18645467,1.203920803
7.1974,6.016,0.59,2.5755,2.588,0.41,353.1384,0.18645467,1.203920803
7.1974,6.016,0.6,2.5755,2.588,0.4,353.1384,0.18645467,1.203920803
7.1974,6.016,0.61,2.5755,2.588,0.39,353.1384,0.18645467,1.203920803
7.1974,6.016,0.62,2.5755,2.588,0.38,353.1384,0.18645467,1.203920803
7.1974,6.016,0.63,2.5755,2.588,0.37,353.1384,0.18645467,1.203920803
7.1974,6.016,0.64,2.5755,2.588,0.36,353.1384,0.18645467,1.203920803
7.1974,6.016,0.65,2.5755,2.588,0.35,353.1384,0.18645467,1.203920803
7.1974,6.016,0.66,2.5755,2.588,0.34,353.1384,0.18645467,1.203920803
7.1974,6.016,0.67,2.5755,2.588,0.33,353.1384,0.18645467,1.203920803
7.1974,6.016,0.68,2.5755,2.588,0.32,353.1384,0.18645467,1.203920803
7.1974,6.016,0.69,2.5755,2.588,0.31,353.1384,0.18645467,1.203920803
7.1974,6.016,0.7,2.5755,2.588,0.3,353.1384,0.18645467,1.203920803
7.1974,6.016,0.71,2.5755,2.588,0.29,353.1384,0.18645467,1.203920803
7.1974,6.016,0.72,2.5755,2.588,0.28,353.1384,0.18645467,1.203920803
7.1974,6.016,0.73,2.5755,2.588,0.27,353.1473,0.185400146,1.20673698
7.1974,6.016,0.74,2.5755,2.588,0.26,353.2601,0.173263994,1.239917966
7.1974,6.016,0.75,2.5755,2.588,0.25,353.3925,0.161472382,1.273794532
7.1974,6.016,0.76,2.5755,2.588,0.24,353.5473,0.150022169,1.308376062
7.1974,6.016,0.77,2.5755,2.588,0.23,353.7276,0.138926811,1.343676484
7.1974,6.016,0.78,2.5755,2.588,0.22,353.9371,0.128182111,1.379710233
7.1974,6.016,0.79,2.5755,2.588,0.21,354.18,0.117791925,1.416479181
7.1974,6.016,0.8,2.5755,2.588,0.2,354.4615,0.107759635,1.453990392
7.1974,6.016,0.81,2.5755,2.588,0.19,354.7876,0.098088136,1.492238706
7.1974,6.016,0.82,2.5755,2.588,0.18,355.1657,0.088788963,1.531214715
7.1974,6.016,0.83,2.5755,2.588,0.17,355.6046,0.079873463,1.570896648
7.1974,6.016,0.84,2.5755,2.588,0.16,356.115,0.07134344,1.611246276
7.1974,6.016,0.85,2.5755,2.588,0.15,356.7101,0.063209513,1.652210004
7.1974,6.016,0.86,2.5755,2.588,0.14,357.4066,0.05549147,1.693705529
7.1974,6.016,0.87,2.5755,2.588,0.13,358.2251,0.048189984,1.735614072
7.1974,6.016,0.88,2.5755,2.588,0.12,359.1922,0.041324268,1.77776365
7.1974,6.016,0.89,2.5755,2.588,0.11,360.3425,0.034903716,1.819920855
7.1974,6.016,0.9,2.5755,2.588,0.1,361.7215,0.028966394,1.861747179
7.1974,6.016,0.91,2.5755,2.588,0.09,363.3906,0.023511427,1.90276701
7.1974,6.016,0.92,2.5755,2.588,0.08,365.4348,0.01856657,1.942297919
7.1974,6.016,0.93,2.5755,2.588,0.07,367.9753,0.014159283,1.979350452
7.1974,6.016,0.94,2.5755,2.588,0.06,371.1905,0.010306703,2.012458702
7.1974,6.016,0.95,2.5755,2.588,0.05,375.356,0.007045125,2.039393987
7.1974,6.016,0.96,2.5755,2.588,0.04,380.919,0.004400304,2.056644912
7.1974,6.016,0.97,2.5755,2.588,0.03,388.661,0.002377172,2.058433663
7.1974,6.016,0.98,2.5755,2.588,0.02,400.049,0.00098951,2.034803682
7.1974,6.016,0.99,2.5755,2.588,0.01,418.012,0.000219976,1.968501601
7.1974,6.016,1.0,2.5755,2.588,0.0,447.459,0.0,1.838227893
3.9243,3.668,0.0,5.1742,4.396,1.0,371.5489,2.171390397,0.0
3.9243,3.668,0.01,5.1742,4.396,0.99,370.5249,2.091946774,0.000439903
3.9243,3.668,0.02,5.1742,4.396,0.98,369.7248,2.014592306,0.001698557
3.9243,3.668,0.03,5.1742,4.396,0.97,369.0932,1.939761283,0.003733024
3.9243,3.668,0.04,5.1742,4.396,0.96,368.5901,1.867665942,0.006469031
3.9243,3.668,0.05,5.1742,4.396,0.95,368.1864,1.798379177,0.009851316
3.9243,3.668,0.06,5.1742,4.396,0.94,367.8603,1.731885607,0.013833869
3.9243,3.668,0.07,5.1742,4.396,0.93,367.5957,1.668121829,0.018380047
3.9243,3.668,0.08,5.1742,4.396,0.92,367.3801,1.606988916,0.023433283
3.9243,3.668,0.09,5.1742,4.396,0.91,367.2038,1.54837707,0.028976108
3.9243,3.668,0.1,5.1742,4.396,0.9,367.0595,1.492168995,0.034952
3.9243,3.668,0.11,5.1742,4.396,0.89,366.9412,1.438243815,0.041353053
3.9243,3.668,0.12,5.1742,4.396,0.88,366.8442,1.386479344,0.048132805
3.9243,3.668,0.13,5.1742,4.396,0.87,366.7649,1.336767926,0.055292786
3.9243,3.668,0.14,5.1742,4.396,0.86,366.7002,1.288995706,0.062796379
3.9243,3.668,0.15,5.1742,4.396,0.85,366.6478,1.243061778,0.070626204
3.9243,3.668,0.16,5.1742,4.396,0.84,366.6056,1.198867796,0.078764969
3.9243,3.668,0.17,5.1742,4.396,0.83,366.572,1.156321292,0.087195527
3.9243,3.668,0.18,5.1742,4.396,0.82,366.5458,1.115338293,0.09591
3.9243,3.668,0.19,5.1742,4.396,0.81,366.5258,1.075838251,0.104891406
3.9243,3.668,0.2,5.1742,4.396,0.8,366.5113,1.037747013,0.114131934
3.9243,3.668,0.21,5.1742,4.396,0.79,366.5013,1.00099211,0.123623723
3.9243,3.668,0.22,5.1742,4.396,0.78,366.4955,0.965515087,0.133341375
3.9243,3.668,0.23,5.1742,4.396,0.77,366.4932,0.931246337,0.143294825
3.9243,3.668,0.24,5.1742,4.396,0.76,366.4941,0.898138981,0.153459012
3.9243,3.668,0.25,5.1742,4.396,0.75,366.4979,0.866133634,0.163843552
3.9243,3.668,0.26,5.1742,4.396,0.74,366.5043,0.835180455,0.174423785
3.9243,3.668,0.27,5.1742,4.396,0.73,366.5132,0.805238493,0.185209051
3.9243,3.668,0.28,5.1742,4.396,0.72,366.5243,0.776260554,0.196191588
3.9243,3.668,0.29,5.1742,4.396,0.71,366.5376,0.748203386,0.207355575
3.9243,3.668,0.3,5.1742,4.396,0.7,366.553,0.721039547,0.218709736
3.9243,3.668,0.31,5.1742,4.396,0.69,366.5705,0.694720942,0.23023038
3.9243,3.668,0.32,5.1742,4.396,0.68,366.59,0.669218151,0.241933902
3.9243,3.668,0.33,5.1742,4.396,0.67,366.6115,0.644503006,0.253812417
3.9243,3.668,0.34,5.1742,4.396,0.66,366.6351,0.620544229,0.265850488
3.9243,3.668,0.35,5.1742,4.396,0.65,366.6609,0.597307861,0.278055889
3.9243,3.668,0.36,5.1742,4.396,0.64,366.6888,0.574780224,0.290413339
3.9243,3.668,0.37,5.1742,4.396,0.63,366.7189,0.552924882,0.302937613
3.9243,3.668,0.38,5.1742,4.396,0.62,366.7515,0.531721771,0.315613337
3.9243,3.668,0.39,5.1742,4.396,0.61,366.7864,0.511157569,0.328440065
3.9243,3.668,0.4,5.1742,4.396,0.6,366.824,0.491196221,0.341424241
3.9243,3.668,0.41,5.1742,4.396,0.59,366.8643,0.471826966,0.354550689
3.9243,3.668,0.42,5.1742,4.396,0.58,366.9074,0.453029124,0.367825544
3.9243,3.668,0.43,5.1742,4.396,0.57,366.9535,0.434790873,0.381240719
3.9243,3.668,0.44,5.1742,4.396,0.56,367.0028,0.417084013,0.39480179
3.9243,3.668,0.45,5.1742,4.396,0.55,367.0555,0.399903002,0.408507143
3.9243,3.668,0.46,5.1742,4.396,0.54,367.1117,0.383219499,0.422348446
3.9243,3.668,0.47,5.1742,4.396,0.53,367.1717,0.367036081,0.436324036
3.9243,3.668,0.48,5.1742,4.396,0.52,367.2356,0.3513327,0.450438474
3.9243,3.668,0.49,5.1742,4.396,0.51,367.3037,0.336086448,0.464689534
3.9243,3.668,0.5,5.1742,4.396,0.5,367.3762,0.321300584,0.479074861
3.9243,3.668,0.51,5.1742,4.396,0.49,367.4534,0.306955148,0.493598078
3.9243,3.668,0.52,5.1742,4.396,0.48,367.5356,0.293042679,0.508244295
3.9243,3.668,0.53,5.1742,4.396,0.47,367.623,0.279546569,0.52302886
3.9243,3.668,0.54,5.1742,4.396,0.46,367.7158,0.266455882,0.537942612
3.9243,3.668,0.55,5.1742,4.396,0.45,367.8146,0.253765865,0.552982407
3.9243,3.668,0.56,5.1742,4.396,0.44,367.9194,0.241470581,0.56815069
3.9243,3.668,0.57,5.1742,4.396,0.43,368.0308,0.229562903,0.583449495
3.9243,3.668,0.58,5.1742,4.396,0.42,368.149,0.21801844,0.598874962
3.9243,3.668,0.59,5.1742,4.396,0.41,368.2745,0.206843423,0.614423186
3.9243,3.668,0.6,5.1742,4.396,0.4,368.4076,0.196027204,0.630100879
3.9243,3.668,0.61,5.1742,4.396,0.39,368.5488,0.185557981,0.645898328
3.9243,3.668,0.62,5.1742,4.396,0.38,368.6986,0.175439597,0.661821619
3.9243,3.668,0.63,5.1742,4.396,0.37,368.8574,0.165658496,0.677866016
3.9243,3.668,0.64,5.1742,4.396,0.36,369.0257,0.156200007,0.694036785
3.9243,3.668,0.65,5.1742,4.396,0.35,369.2041,0.147074272,0.710323814
3.9243,3.668,0.66,5.1742,4.396,0.34,369.3931,0.138256462,0.726731849
3.9243,3.668,0.67,5.1742,4.396,0.33,369.5934,0.129764306,0.743260279
3.9243,3.668,0.68,5.1742,4.396,0.32,369.8056,0.121571406,0.75990823
3.9243,3.668,0.69,5.1742,4.396,0.31,370.0304,0.113685764,0.77666998
3.9243,3.668,0.7,5.1742,4.396,0.3,370.2685,0.106106238,0.793548922
3.9243,3.668,0.71,5.1742,4.396,0.29,370.5207,0.098804069,0.810543475
3.9243,3.668,0.72,5.1742,4.396,0.28,370.7878,0.09180404,0.827651849
3.9243,3.668,0.73,5.1742,4.396,0.27,371.0708,0.085085357,0.844872063
3.9243,3.668,0.74,5.1742,4.396,0.26,371.3706,0.078644808,0.862206177
3.9243,3.668,0.75,5.1742,4.396,0.25,371.6882,0.072488089,0.879647494
3.9243,3.668,0.76,5.1742,4.396,0.24,372.0247,0.06659266,0.897193536
3.9243,3.668,0.77,5.1742,4.396,0.23,372.3813,0.060972796,0.914849694
3.9243,3.668,0.78,5.1742,4.396,0.22,372.7592,0.055623904,0.932604929
3.9243,3.668,0.79,5.1742,4.396,0.21,373.16,0.050531504,0.950464113
3.9243,3.668,0.8,5.1742,4.396,0.2,373.585,0.045709232,0.968423873
3.9243,3.668,0.81,5.1742,4.396,0.19,374.035,0.041132346,0.986477024
3.9243,3.668,0.82,5.1742,4.396,0.18,374.513,0.036813973,1.004627563
3.9243,3.668,0.83,5.1742,4.396,0.17,375.02,0.032747886,1.022864511
3.9243,3.668,0.84,5.1742,4.396,0.16,375.559,0.02893725,1.041187957
3.9243,3.668,0.85,5.1742,4.396,0.15,376.13,0.025365557,1.059594222
3.9243,3.668,0.86,5.1742,4.396,0.14,376.738,0.022035427,1.078079595
3.9243,3.668,0.87,5.1742,4.396,0.13,377.384,0.018959134,1.096637006
3.9243,3.668,0.88,5.1742,4.396,0.12,378.07,0.016109542,1.115262895
3.9243,3.668,0.89,5.1742,4.396,0.11,378.801,0.01350835,1.133950475
3.9243,3.668,0.9,5.1742,4.396,0.1,379.579,0.011137744,1.152693194
3.9243,3.668,0.91,5.1742,4.396,0.09,380.407,0.008999384,1.171484736
3.9243,3.668,0.92,5.1742,4.396,0.08,381.29,0.007094772,1.190315973
3.9243,3.668,0.93,5.1742,4.396,0.07,382.231,0.005415311,1.209178233
3.9243,3.668,0.94,5.1742,4.396,0.06,383.236,0.003972101,1.228063284
3.9243,3.668,0.95,5.1742,4.396,0.05,384.309,0.002756198,1.246960452
3.9243,3.668,0.96,5.1742,4.396,0.04,385.455,0.001758453,1.265856868
3.9243,3.668,0.97,5.1742,4.396,0.03,386.681,0.00098951,1.28474048
3.9243,3.668,0.98,5.1742,4.396,0.02,387.992,0.000439903,1.3035973
3.9243,3.668,0.99,5.1742,4.396,0.01,389.395,0.000109994,1.322411625
3.9243,3.668,1.0,5.1742,4.396,0.0,390.899,0.0,1.341166234
5.1742,4.396,0.0,3.9243,3.668,1.0,390.899,1.341166234,0.0
5.1742,4.396,0.01,3.9243,3.668,0.99,389.395,1.322411625,0.000109994
5.1742,4.396,0.02,3.9243,3.668,0.98,387.992,1.3035973,0.000439903
5.1742,4.396,0.03,3.9243,3.668,0.97,386.681,1.28474048,0.00098951
5.1742,4.396,0.04,3.9243,3.668,0.96,385.455,1.265856868,0.001758453
5.1742,4.396,0.05,3.9243,3.668,0.95,384.309,1.246960452,0.002756198
5.1742,4.396,0.06,3.9243,3.668,0.94,383.236,1.228063284,0.003972101
5.1742,4.396,0.07,3.9243,3.668,0.93,382.231,1.209178233,0.005415311
5.1742,4.396,0.08,3.9243,3.668,0.92,381.29,1.190315973,0.007094772
5.1742,4.396,0.09,3.9243,3.668,0.91,380.407,1.171484736,0.008999384
5.1742,4.396,0.1,3.9243,3.668,0.9,379.579,1.152693194,0.011137744
5.1742,4.396,0.11,3.9243,3.668,0.89,378.801,1.133950475,0.01350835
5.1742,4.396,0.12,3.9243,3.668,0.88,378.07,1.115262895,0.016109542
5.1742,4.396,0.13,3.9243,3.668,0.87,377.384,1.096637006,0.018959134
5.1742,4.396,0.14,3.9243,3.668,0.86,376.738,1.078079595,0.022035427
5.1742,4.396,0.15,3.9243,3.668,0.85,376.13,1.059594222,0.025365557
5.1742,4.396,0.16,3.9243,3.668,0.84,375.559,1.041187957,0.02893725
5.1742,4.396,0.17,3.9243,3.668,0.83,375.02,1.022864511,0.032747886
5.1742,4.396,0.18,3.9243,3.668,0.82,374.513,1.004627563,0.036813973
5.1742,4.396,0.19,3.9243,3.668,0.81,374.035,0.986477024,0.041132346
5.1742,4.396,0.2,3.9243,3.668,0.8,373.585,0.968423873,0.045709232
5.1742,4.396,0.21,3.9243,3.668,0.79,373.16,0.950464113,0.050531504
5.1742,4.396,0.22,3.9243,3.668,0.78,372.7592,0.932604929,0.055623904
5.1742,4.396,0.23,3.9243,3.668,0.77,372.3813,0.914849694,0.060972796
5.1742,4.396,0.24,3.9243,3.668,0.76,372.0247,0.897193536,0.06659266
5.1742,4.396,0.25,3.9243,3.668,0.75,371.6882,0.879647494,0.072488089
5.1742,4.396,0.26,3.9243,3.668,0.74,371.3706,0.862206177,0.078644808
5.1742,4.396,0.27,3.9243,3.668,0.73,371.0708,0.844872063,0.085085357
5.1742,4.396,0.28,3.9243,3.668,0.72,370.7878,0.827651849,0.09180404
5.1742,4.396,0.29,3.9243,3.668,0.71,370.5207,0.810543475,0.098804069
5.1742,4.396,0.3,3.9243,3.668,0.7,370.2685,0.793548922,0.106106238
5.1742,4.396,0.31,3.9243,3.668,0.69,370.0304,0.77666998,0.113685764
5.1742,4.396,0.32,3.9243,3.668,0.68,369.8056,0.75990823,0.121571406
5.1742,4.396,0.33,3.9243,3.668,0.67,369.5934,0.743260279,0.129764306
5.1742,4.396,0.34,3.9243,3.668,0.66,369.3931,0.726731849,0.138256462
5.1742,4.396,0.35,3.9243,3.668,0.65,369.2041,0.710323814,0.147074272
5.1742,4.396,0.36,3.9243,3.668,0.64,369.0257,0.694036785,0.156200007
5.1742,4.396,0.37,3.9243,3.668,0.63,368.8574,0.677866016,0.165658496
5.1742,4.396,0.38,3.9243,3.668,0.62,368.6986,0.661821619,0.175439597
5.1742,4.396,0.39,3.9243,3.668,0.61,368.5488,0.645898328,0.185557981
5.1742,4.396,0.4,3.9243,3.668,0.6,368.4076,0.630100879,0.196027204
5.1742,4.396,0.41,3.9243,3.668,0.59,368.2745,0.614423186,0.206843423
5.1742,4.396,0.42,3.9243,3.668,0.58,368.149,0.598874962,0.21801844
5.1742,4.396,0.43,3.9243,3.668,0.57,368.0308,0.583449495,0.229562903
5.1742,4.396,0.44,3.9243,3.668,0.56,367.9194,0.56815069,0.241470581
5.1742,4.396,0.45,3.9243,3.668,0.55,367.8146,0.552982407,0.253765865
5.1742,4.396,0.46,3.9243,3.668,0.54,367.7158,0.537942612,0.266455882
5.1742,4.396,0.47,3.9243,3.668,0.53,367.623,0.52302886,0.279546569
5.1742,4.396,0.48,3.9243,3.668,0.52,367.5356,0.508244295,0.293042679
5.1742,4.396,0.49,3.9243,3.668,0.51,367.4534,0.493598078,0.306955148
5.1742,4.396,0.5,3.9243,3.668,0.5,367.3762,0.479074861,0.321300584
5.1742,4.396,0.51,3.9243,3.668,0.49,367.3037,0.464689534,0.336086448
5.1742,4.396,0.52,3.9243,3.668,0.48,367.2356,0.450438474,0.3513327
5.1742,4.396,0.53,3.9243,3.668,0.47,367.1717,0.436324036,0.367036081
5.1742,4.396,0.54,3.9243,3.668,0.46,367.1117,0.422348446,0.383219499
5.1742,4.396,0.55,3.9243,3.668,0.45,367.0555,0.408507143,0.399903002
5.1742,4.396,0.56,3.9243,3.668,0.44,367.0028,0.39480179,0.417084013
5.1742,4.396,0.57,3.9243,3.668,0.43,366.9535,0.381240719,0.434790873
5.1742,4.396,0.58,3.9243,3.668,0.42,366.9074,0.367825544,0.453029124
5.1742,4.396,0.59,3.9243,3.668,0.41,366.8643,0.354550689,0.471826966
5.1742,4.396,0.6,3.9243,3.668,0.4,366.824,0.341424241,0.491196221
5.1742,4.396,0.61,3.9243,3.668,0.39,366.7864,0.328440065,0.511157569
5.1742,4.396,0.62,3.9243,3.668,0.38,366.7515,0.315613337,0.531721771
5.1742,4.396,0.63,3.9243,3.668,0.37,366.7189,0.302937613,0.552924882
5.1742,4.396,0.64,3.9243,3.668,0.36,366.6888,0.290413339,0.574780224
5.1742,4.396,0.65,3.9243,3.668,0.35,366.6609,0.278055889,0.597307861
5.1742,4.396,0.66,3.9243,3.668,0.34,366.6351,0.265850488,0.620544229
5.1742,4.396,0.67,3.9243,3.668,0.33,366.6115,0.253812417,0.644503006
5.1742,4.396,0.68,3.9243,3.668,0.32,366.59,0.241933902,0.669218151
5.1742,4.396,0.69,3.9243,3.668,0.31,366.5705,0.23023038,0.694720942
5.1742,4.396,0.7,3.9243,3.668,0.3,366.553,0.218709736,0.721039547
5.1742,4.396,0.71,3.9243,3.668,0.29,366.5376,0.207355575,0.748203386
5.1742,4.396,0.72,3.9243,3.668,0.28,366.5243,0.196191588,0.776260554
5.1742,4.396,0.73,3.9243,3.668,0.27,366.5132,0.185209051,0.805238493
5.1742,4.396,0.74,3.9243,3.668,0.26,366.5043,0.174423785,0.835180455
5.1742,4.396,0.75,3.9243,3.668,0.25,366.4979,0.163843552,0.866133634
5.1742,4.396,0.76,3.9243,3.668,0.24,366.4941,0.153459012,0.898138981
5.1742,4.396,0.77,3.9243,3.668,0.23,366.4932,0.143294825,0.931246337
5.1742,4.396,0.78,3.9243,3.668,0.22,366.4955,0.133341375,0.965515087
5.1742,4.396,0.79,3.9243,3.668,0.21,366.5013,0.123623723,1.00099211
5.1742,4.396,0.8,3.9243,3.668,0.2,366.5113,0.114131934,1.037747013
5.1742,4.396,0.81,3.9243,3.668,0.19,366.5258,0.104891406,1.075838251
5.1742,4.396,0.82,3.9243,3.668,0.18,366.5458,0.09591,1.115338293
5.1742,4.396,0.83,3.9243,3.668,0.17,366.572,0.087195527,1.156321292
5.1742,4.396,0.84,3.9243,3.668,0.16,366.6056,0.078764969,1.198867796
5.1742,4.396,0.85,3.9243,3.668,0.15,366.6478,0.070626204,1.243061778
5.1742,4.396,0.86,3.9243,3.668,0.14,366.7002,0.062796379,1.288995706
5.1742,4.396,0.87,3.9243,3.668,0.13,366.7649,0.055292786,1.336767926
5.1742,4.396,0.88,3.9243,3.668,0.12,366.8442,0.048132805,1.386479344
5.1742,4.396,0.89,3.9243,3.668,0.11,366.9412,0.041353053,1.438243815
5.1742,4.396,0.9,3.9243,3.668,0.1,367.0595,0.034952,1.492168995
5.1742,4.396,0.91,3.9243,3.668,0.09,367.2038,0.028976108,1.54837707
5.1742,4.396,0.92,3.9243,3.668,0.08,367.3801,0.023433283,1.606988916
5.1742,4.396,0.93,3.9243,3.668,0.07,367.5957,0.018380047,1.668121829
5.1742,4.396,0.94,3.9243,3.668,0.06,367.8603,0.013833869,1.731885607
5.1742,4.396,0.95,3.9243,3.668,0.05,368.1864,0.009851316,1.798379177
5.1742,4.396,0.96,3.9243,3.668,0.04,368.5901,0.006469031,1.867665942
5.1742,4.396,0.97,3.9243,3.668,0.03,369.0932,0.003733024,1.939761283
5.1742,4.396,0.98,3.9243,3.668,0.02,369.7248,0.001698557,2.014592306
5.1742,4.396,0.99,3.9243,3.668,0.01,370.5249,0.000439903,2.091946774
5.1742,4.396,1.0,3.9243,3.668,0.0,371.5489,0.0,2.171390397
1.4311,1.432,0.0,5.8486,4.936,1.0,398.839,2.007006592,0.0
1.4311,1.432,0.01,5.8486,4.936,0.99,383.346,2.072667399,0.000189982
1.4311,1.432,0.02,5.8486,4.936,0.98,372.6102,2.106747809,0.000809672
1.4311,1.432,0.03,5.8486,4.936,0.97,364.8657,2.119307479,0.001918159
1.4311,1.432,0.04,5.8486,4.936,0.96,359.0671,2.117215295,0.003523784
1.4311,1.432,0.05,5.8486,4.936,0.95,354.592,2.104967953,0.005644042
1.4311,1.432,0.06,5.8486,4.936,0.94,351.0545,2.085549103,0.00828558
1.4311,1.432,0.07,5.8486,4.936,0.93,348.2048,2.060996218,0.011444264
1.4311,1.432,0.08,5.8486,4.936,0.92,345.8742,2.03273377,0.015095488
1.4311,1.432,0.09,5.8486,4.936,0.91,343.9449,2.001784008,0.019253457
1.4311,1.432,0.1,5.8486,4.936,0.9,342.3318,1.968896778,0.02391182
1.4311,1.432,0.11,5.8486,4.936,0.89,340.9732,1.93462384,0.029034393
1.4311,1.432,0.12,5.8486,4.936,0.88,339.8183,1.899402378,0.034642943
1.4311,1.432,0.13,5.8486,4.936,0.87,338.8383,1.863514079,0.040709988
1.4311,1.432,0.14,5.8486,4.936,0.86,337.9977,1.827240828,0.047246116
1.4311,1.432,0.15,5.8486,4.936,0.85,337.2762,1.790763974,0.054222999
1.4311,1.432,0.16,5.8486,4.936,0.84,336.6557,1.754228927,0.061649978
1.4311,1.432,0.17,5.8486,4.936,0.83,336.1211,1.717755851,0.069516734
1.4311,1.432,0.18,5.8486,4.936,0.82,335.9685,1.706295985,0.072088076
1.4311,1.432,0.19,5.8486,4.936,0.81,335.9685,1.706292354,0.072088076
1.4311,1.432,0.2,5.8486,4.936,0.8,335.9685,1.706290538,0.072088076
1.4311,1.432,0.21,5.8486,4.936,0.79,335.9685,1.706290538,0.072088076
1.4311,1.432,0.22,5.8486,4.936,0.78,335.9685,1.706290538,0.072088076
1.4311,1.432,0.23,5.8486,4.936,0.77,335.9685,1.706290538,0.072088076
1.4311,1.432,0.24,5.8486,4.936,0.76,335.9685,1.706290538,0.072088076
1.4311,1.432,0.25,5.8486,4.936,0.75,335.9685,1.706290538,0.072088076
1.4311,1.432,0.26,5.8486,4.936,0.74,335.9685,1.706290538,0.072088076
1.4311,1.432,0.27,5.8486,4.936,0.73,335.9685,1.706290538,0.072088076
1.4311,1.432,0.28,5.8486,4.936,0.72,335.9685,1.706290538,0.072088076
1.4311,1.432,0.29,5.8486,4.936,0.71,335.9685,1.706290538,0.072088076
1.4311,1.432,0.3,5.8486,4.936,0.7,335.9685,1.706290538,0.072088076
1.4311,1.432,0.31,5.8486,4.936,0.69,335.9685,1.706290538,0.072088076
1.4311,1.432,0.32,5.8486,4.936,0.68,335.9685,1.706290538,0.072088076
1.4311,1.432,0.33,5.8486,4.936,0.67,335.9685,1.706290538,0.072088076
1.4311,1.432,0.34,5.8486,4.936,0.66,335.9685,1.706290538,0.072088076
1.4311,1.432,0.35,5.8486,4.936,0.65,335.9685,1.706290538,0.072088076
1.4311,1.432,0.36,5.8486,4.936,0.64,335.9685,1.706290538,0.072088076
1.4311,1.432,0.37,5.8486,4.936,0.63,335.9685,1.706290538,0.072088076
1.4311,1.432,0.38,5.8486,4.936,0.62,335.9685,1.706290538,0.072088076
1.4311,1.432,0.39,5.8486,4.936,0.61,335.9685,1.706290538,0.072088076
1.4311,1.432,0.4,5.8486,4.936,0.6,335.9685,1.706290538,0.072088076
1.4311,1.432,0.41,5.8486,4.936,0.59,335.9685,1.706290538,0.072088076
1.4311,1.432,0.42,5.8486,4.936,0.58,335.9685,1.706290538,0.072088076
1.4311,1.432,0.43,5.8486,4.936,0.57,335.9685,1.706290538,0.072088076
1.4311,1.432,0.44,5.8486,4.936,0.56,335.9685,1.706290538,0.072088076
1.4311,1.432,0.45,5.8486,4.936,0.55,335.9685,1.706290538,0.072088076
1.4311,1.432,0.46,5.8486,4.936,0.54,335.9685,1.706290538,0.072088076
1.4311,1.432,0.47,5.8486,4.936,0.53,335.9685,1.706290538,0.072088076
1.4311,1.432,0.48,5.8486,4.936,0.52,335.9685,1.706290538,0.072088076
1.4311,1.432,0.49,5.8486,4.936,0.51,335.9685,1.706290538,0.072088076
1.4311,1.432,0.5,5.8486,4.936,0.5,335.9685,1.706290538,0.072088076
1.4311,1.432,0.51,5.8486,4.936,0.49,335.9685,1.706290538,0.072088076
1.4311,1.432,0.52,5.8486,4.936,0.48,335.9685,1.706290538,0.072088076
1.4311,1.432,0.53,5.8486,4.936,0.47,335.9685,1.706290538,0.072088076
1.4311,1.432,0.54,5.8486,4.936,0.46,335.9685,1.706290538,0.072088076
1.4311,1.432,0.55,5.8486,4.936,0.45,335.9685,1.706290538,0.072088076
1.4311,1.432,0.56,5.8486,4.936,0.44,335.9685,1.706290538,0.072088076
1.4311,1.432,0.57,5.8486,4.936,0.43,335.9685,1.706290538,0.072088076
1.4311,1.432,0.58,5.8486,4.936,0.42,335.9685,1.706290538,0.072088076
1.4311,1.432,0.59,5.8486,4.936,0.41,335.9685,1.706290538,0.072088076
1.4311,1.432,0.6,5.8486,4.936,0.4,335.9685,1.706290538,0.072088076
1.4311,1.432,0.61,5.8486,4.936,0.39,335.9685,1.706290538,0.072088076
1.4311,1.432,0.62,5.8486,4.936,0.38,335.9685,1.706290538,0.072088076
1.4311,1.432,0.63,5.8486,4.936,0.37,335.9685,1.706290538,0.072088076
1.4311,1.432,0.64,5.8486,4.936,0.36,335.9685,1.706290538,0.072088076
1.4311,1.432,0.65,5.8486,4.936,0.35,335.9685,1.706290538,0.072088076
1.4311,1.432,0.66,5.8486,4.936,0.34,335.9685,1.706290538,0.072088076
1.4311,1.432,0.67,5.8486,4.936,0.33,335.9685,1.706290538,0.072088076
1.4311,1.432,0.68,5.8486,4.936,0.32,335.9685,1.706290538,0.072088076
1.4311,1.432,0.69,5.8486,4.936,0.31,335.9685,1.706290538,0.072088076
1.4311,1.432,0.7,5.8486,4.936,0.3,335.9685,1.706290538,0.072088076
1.4311,1.432,0.71,5.8486,4.936,0.29,335.9685,1.706290538,0.072088076
1.4311,1.432,0.72,5.8486,4.936,0.28,335.9685,1.706290538,0.072088076
1.4311,1.432,0.73,5.8486,4.936,0.27,335.9685,1.706290538,0.072088076
1.4311,1.432,0.74,5.8486,4.936,0.26,335.9685,1.706290538,0.072088076
1.4311,1.432,0.75,5.8486,4.936,0.25,335.9685,1.706290538,0.072088076
1.4311,1.432,0.76,5.8486,4.936,0.24,335.9685,1.706290538,0.072088076
1.4311,1.432,0.77,5.8486,4.936,0.23,335.9685,1.706290538,0.072088076
1.4311,1.432,0.78,5.8486,4.936,0.22,335.9685,1.706290538,0.072088076
1.4311,1.432,0.79,5.8486,4.936,0.21,335.9685,1.706290538,0.072088076
1.4311,1.432,0.8,5.8486,4.936,0.2,335.9685,1.706290538,0.072088076
1.4311,1.432,0.81,5.8486,4.936,0.19,335.9685,1.706290538,0.072088076
1.4311,1.432,0.82,5.8486,4.936,0.18,335.9685,1.706290538,0.072088076
1.4311,1.432,0.83,5.8486,4.936,0.17,335.9685,1.706290538,0.072088076
1.4311,1.432,0.84,5.8486,4.936,0.16,335.9685,1.706290538,0.072088076
1.4311,1.432,0.85,5.8486,4.936,0.15,335.9685,1.706290538,0.072088076
1.4311,1.432,0.86,5.8486,4.936,0.14,335.9685,1.706290538,0.072088076
1.4311,1.432,0.87,5.8486,4.936,0.13,335.9685,1.706290538,0.072088076
1.4311,1.432,0.88,5.8486,4.936,0.12,335.9685,1.706290538,0.072088076
1.4311,1.432,0.89,5.8486,4.936,0.11,335.9685,1.706290538,0.072088076
1.4311,1.432,0.9,5.8486,4.936,0.1,335.9685,1.706290538,0.072088076
1.4311,1.432,0.91,5.8486,4.936,0.09,335.9685,1.706290538,0.072088076
1.4311,1.432,0.92,5.8486,4.936,0.08,335.9685,1.706290538,0.072088076
1.4311,1.432,0.93,5.8486,4.936,0.07,335.9685,1.706290538,0.072088076
1.4311,1.432,0.94,5.8486,4.936,0.06,336.0332,0.018517488,2.637613431
1.4311,1.432,0.95,5.8486,4.936,0.05,336.1389,0.013143248,2.729492007
1.4311,1.432,0.96,5.8486,4.936,0.04,336.2876,0.008602889,2.82522861
1.4311,1.432,0.97,5.8486,4.936,0.03,336.4935,0.00495769,2.925046899
1.4311,1.432,0.98,5.8486,4.936,0.02,336.7759,0.00225745,3.029157378
1.4311,1.432,0.99,5.8486,4.936,0.01,337.1609,0.000579832,3.137778561
1.4311,1.432,1.0,5.8486,4.936,0.0,337.6848,0.0,3.251091289
5.8486,4.936,0.0,1.4311,1.432,1.0,337.6848,3.251091289,0.0
5.8486,4.936,0.01,1.4311,1.432,0.99,337.1609,3.137778561,0.000579832
5.8486,4.936,0.02,1.4311,1.432,0.98,336.7759,3.029157378,0.00225745
5.8486,4.936,0.03,1.4311,1.432,0.97,336.4935,2.925046899,0.00495769
5.8486,4.936,0.04,1.4311,1.432,0.96,336.2875,2.82522861,0.008602889
5.8486,4.936,0.05,1.4311,1.432,0.95,336.1389,2.729492007,0.013143248
5.8486,4.936,0.06,1.4311,1.432,0.94,336.0332,2.637613431,0.018517488
5.8486,4.936,0.07,1.4311,1.432,0.93,335.9685,0.072088076,1.706290538
5.8486,4.936,0.08,1.4311,1.432,0.92,335.9685,0.072088076,1.706290538
5.8486,4.936,0.09,1.4311,1.432,0.91,335.9685,0.072088076,1.706290538
5.8486,4.936,0.1,1.4311,1.432,0.9,335.9685,0.072088076,1.706290538
5.8486,4.936,0.11,1.4311,1.432,0.89,335.9685,0.072088076,1.706290538
5.8486,4.936,0.12,1.4311,1.432,0.88,335.9685,0.072088076,1.706290538
5.8486,4.936,0.13,1.4311,1.432,0.87,335.9685,0.072088076,1.706290538
5.8486,4.936,0.14,1.4311,1.432,0.86,335.9685,0.072088076,1.706290538
5.8486,4.936,0.15,1.4311,1.432,0.85,335.9685,0.072088076,1.706290538
5.8486,4.936,0.16,1.4311,1.432,0.84,335.9685,0.072088076,1.706290538
5.8486,4.936,0.17,1.4311,1.432,0.83,335.9685,0.072088076,1.706290538
5.8486,4.936,0.18,1.4311,1.432,0.82,335.9685,0.072088076,1.706290538
5.8486,4.936,0.19,1.4311,1.432,0.81,335.9685,0.072088076,1.706290538
5.8486,4.936,0.2,1.4311,1.432,0.8,335.9685,0.072088076,1.706290538
5.8486,4.936,0.21,1.4311,1.432,0.79,335.9685,0.072088076,1.706290538
5.8486,4.936,0.22,1.4311,1.432,0.78,335.9685,0.072088076,1.706290538
5.8486,4.936,0.23,1.4311,1.432,0.77,335.9685,0.072088076,1.706290538
5.8486,4.936,0.24,1.4311,1.432,0.76,335.9685,0.072088076,1.706290538
5.8486,4.936,0.25,1.4311,1.432,0.75,335.9685,0.072088076,1.706290538
5.8486,4.936,0.26,1.4311,1.432,0.74,335.9685,0.072088076,1.706290538
5.8486,4.936,0.27,1.4311,1.432,0.73,335.9685,0.072088076,1.706290538
5.8486,4.936,0.28,1.4311,1.432,0.72,335.9685,0.072088076,1.706290538
5.8486,4.936,0.29,1.4311,1.432,0.71,335.9685,0.072088076,1.706290538
5.8486,4.936,0.3,1.4311,1.432,0.7,335.9685,0.072088076,1.706290538
5.8486,4.936,0.31,1.4311,1.432,0.69,335.9685,0.072088076,1.706290538
5.8486,4.936,0.32,1.4311,1.432,0.68,335.9685,0.072088076,1.706290538
5.8486,4.936,0.33,1.4311,1.432,0.67,335.9685,0.072088076,1.706290538
5.8486,4.936,0.34,1.4311,1.432,0.66,335.9685,0.072088076,1.706290538
5.8486,4.936,0.35,1.4311,1.432,0.65,335.9685,0.072088076,1.706290538
5.8486,4.936,0.36,1.4311,1.432,0.64,335.9685,0.072088076,1.706290538
5.8486,4.936,0.37,1.4311,1.432,0.63,335.9685,0.072088076,1.706290538
5.8486,4.936,0.38,1.4311,1.432,0.62,335.9685,0.072088076,1.706290538
5.8486,4.936,0.39,1.4311,1.432,0.61,335.9685,0.072088076,1.706290538
5.8486,4.936,0.4,1.4311,1.432,0.6,335.9685,0.072088076,1.706290538
5.8486,4.936,0.41,1.4311,1.432,0.59,335.9685,0.072088076,1.706290538
5.8486,4.936,0.42,1.4311,1.432,0.58,335.9685,0.072088076,1.706290538
5.8486,4.936,0.43,1.4311,1.432,0.57,335.9685,0.072088076,1.706290538
5.8486,4.936,0.44,1.4311,1.432,0.56,335.9685,0.072088076,1.706290538
5.8486,4.936,0.45,1.4311,1.432,0.55,335.9685,0.072088076,1.706290538
5.8486,4.936,0.46,1.4311,1.432,0.54,335.9685,0.072088076,1.706290538
5.8486,4.936,0.47,1.4311,1.432,0.53,335.9685,0.072088076,1.706290538
5.8486,4.936,0.48,1.4311,1.432,0.52,335.9685,0.072088076,1.706290538
5.8486,4.936,0.49,1.4311,1.432,0.51,335.9685,0.072088076,1.706290538
5.8486,4.936,0.5,1.4311,1.432,0.5,335.9685,0.072088076,1.706290538
5.8486,4.936,0.51,1.4311,1.432,0.49,335.9685,0.072088076,1.706290538
5.8486,4.936,0.52,1.4311,1.432,0.48,335.9685,0.072088076,1.706290538
5.8486,4.936,0.53,1.4311,1.432,0.47,335.9685,0.072088076,1.706290538
5.8486,4.936,0.54,1.4311,1.432,0.46,335.9685,0.072088076,1.706290538
5.8486,4.936,0.55,1.4311,1.432,0.45,335.9685,0.072088076,1.706290538
5.8486,4.936,0.56,1.4311,1.432,0.44,335.9685,0.072088076,1.706290538
5.8486,4.936,0.57,1.4311,1.432,0.43,335.9685,0.072088076,1.706290538
5.8486,4.936,0.58,1.4311,1.432,0.42,335.9685,0.072088076,1.706290538
5.8486,4.936,0.59,1.4311,1.432,0.41,335.9685,0.072088076,1.706290538
5.8486,4.936,0.6,1.4311,1.432,0.4,335.9685,0.072088076,1.706290538
5.8486,4.936,0.61,1.4311,1.432,0.39,335.9685,0.072088076,1.706290538
5.8486,4.936,0.62,1.4311,1.432,0.38,335.9685,0.072088076,1.706290538
5.8486,4.936,0.63,1.4311,1.432,0.37,335.9685,0.072088076,1.706290538
5.8486,4.936,0.64,1.4311,1.432,0.36,335.9685,0.072088076,1.706290538
5.8486,4.936,0.65,1.4311,1.432,0.35,335.9685,0.072088076,1.706290538
5.8486,4.936,0.66,1.4311,1.432,0.34,335.9685,0.072088076,1.706290538
5.8486,4.936,0.67,1.4311,1.432,0.33,335.9685,0.072088076,1.706290538
5.8486,4.936,0.68,1.4311,1.432,0.32,335.9685,0.072088076,1.706290538
5.8486,4.936,0.69,1.4311,1.432,0.31,335.9685,0.072088076,1.706290538
5.8486,4.936,0.7,1.4311,1.432,0.3,335.9685,0.072088076,1.706290538
5.8486,4.936,0.71,1.4311,1.432,0.29,335.9685,0.072088076,1.706290538
5.8486,4.936,0.72,1.4311,1.432,0.28,335.9685,0.072088076,1.706290538
5.8486,4.936,0.73,1.4311,1.432,0.27,335.9685,0.072088076,1.706290538
5.8486,4.936,0.74,1.4311,1.432,0.26,335.9685,0.072088076,1.706290538
5.8486,4.936,0.75,1.4311,1.432,0.25,335.9685,0.072088076,1.706290538
5.8486,4.936,0.76,1.4311,1.432,0.24,335.9685,0.072088076,1.706290538
5.8486,4.936,0.77,1.4311,1.432,0.23,335.9685,0.072088076,1.706290538
5.8486,4.936,0.78,1.4311,1.432,0.22,335.9685,0.072088076,1.706290538
5.8486,4.936,0.79,1.4311,1.432,0.21,335.9685,0.072088076,1.706290538
5.8486,4.936,0.8,1.4311,1.432,0.2,335.9685,0.072088076,1.706290538
5.8486,4.936,0.81,1.4311,1.432,0.19,335.9685,0.072088076,1.706290538
5.8486,4.936,0.82,1.4311,1.432,0.18,335.9685,0.072088076,1.706290538
5.8486,4.936,0.83,1.4311,1.432,0.17,336.1211,0.069516734,1.717755851
5.8486,4.936,0.84,1.4311,1.432,0.16,336.6556,0.061649978,1.754230657
5.8486,4.936,0.85,1.4311,1.432,0.15,337.2762,0.054222999,1.790763974
5.8486,4.936,0.86,1.4311,1.432,0.14,337.9977,0.047246116,1.827240828
5.8486,4.936,0.87,1.4311,1.432,0.13,338.8384,0.040709988,1.863514079
5.8486,4.936,0.88,1.4311,1.432,0.12,339.8206,0.034642943,1.899390406
5.8486,4.936,0.89,1.4311,1.432,0.11,340.9731,0.029034393,1.93462384
5.8486,4.936,0.9,1.4311,1.432,0.1,342.3321,0.02391182,1.968895382
5.8486,4.936,0.91,1.4311,1.432,0.09,343.9449,0.019253457,2.001784008
5.8486,4.936,0.92,1.4311,1.432,0.08,345.8742,0.015095488,2.03273377
5.8486,4.936,0.93,1.4311,1.432,0.07,348.2048,0.011444264,2.060996218
5.8486,4.936,0.94,1.4311,1.432,0.06,351.0545,0.00828558,2.085549103
5.8486,4.936,0.95,1.4311,1.432,0.05,354.592,0.005644042,2.104967953
5.8486,4.936,0.96,1.4311,1.432,0.04,359.0671,0.003523784,2.117215295
5.8486,4.936,0.97,1.4311,1.432,0.03,364.8657,0.001918159,2.119307479
5.8486,4.936,0.98,1.4311,1.432,0.02,372.6102,0.000809672,2.106747809
5.8486,4.936,0.99,1.4311,1.432,0.01,383.346,0.000189982,2.072667399
5.8486,4.936,1.0,1.4311,1.432,0.0,398.839,0.0,2.007006592
3.9243,3.668,0.0,8.5462,7.096,1.0,489.517,1.351247326,0.0
3.9243,3.668,0.01,8.5462,7.096,0.99,473.171,1.3921472,0.00013999
3.9243,3.668,0.02,8.5462,7.096,0.98,460.091,1.42003615,0.000589826
3.9243,3.668,0.03,8.5462,7.096,0.97,449.872,1.435291647,0.001409007
3.9243,3.668,0.04,8.5462,7.096,0.96,441.869,1.440112341,0.0026066
3.9243,3.668,0.05,8.5462,7.096,0.95,435.516,1.436856763,0.004191205
3.9243,3.668,0.06,8.5462,7.096,0.94,430.39,1.427493884,0.006180859
3.9243,3.668,0.07,8.5462,7.096,0.93,426.187,1.41353981,0.008573145
3.9243,3.668,0.08,8.5462,7.096,0.92,422.691,1.396130824,0.011365171
3.9243,3.668,0.09,8.5462,7.096,0.91,419.747,1.376127857,0.014543725
3.9243,3.668,0.1,8.5462,7.096,0.9,417.24,1.354173981,0.018114929
3.9243,3.668,0.11,8.5462,7.096,0.89,415.086,1.330765795,0.022064773
3.9243,3.668,0.12,8.5462,7.096,0.88,413.219,1.30628207,0.026378995
3.9243,3.668,0.13,8.5462,7.096,0.87,411.59,1.281019953,0.03107222
3.9243,3.668,0.14,8.5462,7.096,0.86,410.16,1.255211397,0.036119756
3.9243,3.668,0.15,8.5462,7.096,0.85,408.896,1.229040956,0.041516154
3.9243,3.668,0.16,8.5462,7.096,0.84,407.774,1.202650931,0.047274731
3.9243,3.668,0.17,8.5462,7.096,0.83,406.774,1.176162662,0.053370136
3.9243,3.668,0.18,8.5462,7.096,0.82,405.879,1.149663387,0.059796043
3.9243,3.668,0.19,8.5462,7.096,0.81,405.075,1.123233354,0.066564592
3.9243,3.668,0.2,8.5462,7.096,0.8,404.35,1.096930876,0.0736593
3.9243,3.668,0.21,8.5462,7.096,0.79,403.694,1.070802489,0.081082167
3.9243,3.668,0.22,8.5462,7.096,0.78,403.099,1.044887972,0.088825564
3.9243,3.668,0.23,8.5462,7.096,0.77,402.559,1.019219092,0.096881672
3.9243,3.668,0.24,8.5462,7.096,0.76,402.066,0.993825682,0.105260511
3.9243,3.668,0.25,8.5462,7.096,0.75,401.616,0.968719981,0.11395349
3.9243,3.668,0.26,8.5462,7.096,0.74,401.204,0.943921463,0.122951876
3.9243,3.668,0.27,8.5462,7.096,0.73,400.825,0.919441762,0.13226434
3.9243,3.668,0.28,8.5462,7.096,0.72,400.478,0.895291789,0.141890111
3.9243,3.668,0.29,8.5462,7.096,0.71,400.158,0.871477449,0.151819393
3.9243,3.668,0.3,8.5462,7.096,0.7,399.862,0.848003326,0.16205082
3.9243,3.668,0.31,8.5462,7.096,0.69,399.589,0.824872568,0.17259945
3.9243,3.668,0.32,8.5462,7.096,0.68,399.336,0.802086784,0.183445924
3.9243,3.668,0.33,8.5462,7.096,0.67,399.101,0.779650512,0.194604149
3.9243,3.668,0.34,8.5462,7.096,0.66,398.882,0.757562257,0.206070635
3.9243,3.668,0.35,8.5462,7.096,0.65,398.678,0.735823455,0.21784152
3.9243,3.668,0.36,8.5462,7.096,0.64,398.488,0.714429105,0.229920536
3.9243,3.668,0.37,8.5462,7.096,0.63,398.311,0.693377154,0.242310683
3.9243,3.668,0.38,8.5462,7.096,0.62,398.144,0.672668925,0.255014242
3.9243,3.668,0.39,8.5462,7.096,0.61,397.988,0.652299144,0.268032783
3.9243,3.668,0.4,8.5462,7.096,0.6,397.84,0.632265963,0.281367175
3.9243,3.668,0.41,8.5462,7.096,0.59,397.701,0.612571414,0.295017602
3.9243,3.668,0.42,8.5462,7.096,0.58,397.57,0.593210816,0.308990918
3.9243,3.668,0.43,8.5462,7.096,0.57,397.445,0.574172185,0.323292912
3.9243,3.668,0.44,8.5462,7.096,0.56,397.327,0.555464325,0.337914054
3.9243,3.668,0.45,8.5462,7.096,0.55,397.214,0.537083839,0.352865698
3.9243,3.668,0.46,8.5462,7.096,0.54,397.106,0.519019958,0.368150843
3.9243,3.668,0.47,8.5462,7.096,0.53,397.002,0.501272134,0.383778307
3.9243,3.668,0.48,8.5462,7.096,0.52,396.903,0.483844895,0.399742096
3.9243,3.668,0.49,8.5462,7.096,0.51,396.807,0.466723255,0.416055498
3.9243,3.668,0.5,8.5462,7.096,0.5,396.714,0.449915711,0.432717044
3.9243,3.668,0.51,8.5462,7.096,0.49,396.624,0.433417443,0.449737144
3.9243,3.668,0.52,8.5462,7.096,0.48,396.536,0.417222386,0.46711822
3.9243,3.668,0.53,8.5462,7.096,0.47,396.45,0.401329903,0.484861453
3.9243,3.668,0.54,8.5462,7.096,0.46,396.366,0.385738478,0.502978919
3.9243,3.668,0.55,8.5462,7.096,0.45,396.283,0.37044569,0.52147472
3.9243,3.668,0.56,8.5462,7.096,0.44,396.201,0.355448192,0.540357241
3.9243,3.668,0.57,8.5462,7.096,0.43,396.121,0.340748793,0.559627216
3.9243,3.668,0.58,8.5462,7.096,0.42,396.04,0.326342533,0.579300761
3.9243,3.668,0.59,8.5462,7.096,0.41,395.96,0.312230772,0.599374818
3.9243,3.668,0.6,8.5462,7.096,0.4,395.88,0.298406856,0.619861178
3.9243,3.668,0.61,8.5462,7.096,0.39,395.8,0.284878145,0.640774356
3.9243,3.668,0.62,8.5462,7.096,0.38,395.72,0.271636528,0.662110487
3.9243,3.668,0.63,8.5462,7.096,0.37,395.639,0.258680565,0.68388946
3.9243,3.668,0.64,8.5462,7.096,0.36,395.557,0.246015972,0.706112763
3.9243,3.668,0.65,8.5462,7.096,0.35,395.475,0.233640268,0.728794208
3.9243,3.668,0.66,8.5462,7.096,0.34,395.391,0.221558295,0.751944251
3.9243,3.668,0.67,8.5462,7.096,0.33,395.306,0.209758368,0.775565526
3.9243,3.668,0.68,8.5462,7.096,0.32,395.22,0.198252319,0.799680508
3.9243,3.668,0.69,8.5462,7.096,0.31,395.131,0.187035429,0.824289472
3.9243,3.668,0.7,8.5462,7.096,0.3,395.042,0.176110642,0.84941134
3.9243,3.668,0.71,8.5462,7.096,0.29,394.95,0.16548054,0.875056152
3.9243,3.668,0.72,8.5462,7.096,0.28,394.856,0.155138763,0.901233945
3.9243,3.668,0.73,8.5462,7.096,0.27,394.76,0.14509552,0.927962353
3.9243,3.668,0.74,8.5462,7.096,0.26,394.661,0.135352234,0.955249872
3.9243,3.668,0.75,8.5462,7.096,0.25,394.56,0.125901106,0.983119129
3.9243,3.668,0.76,8.5462,7.096,0.24,394.457,0.116760291,1.011575457
3.9243,3.668,0.77,8.5462,7.096,0.23,394.35,0.107912257,1.040644135
3.9243,3.668,0.78,8.5462,7.096,0.22,394.241,0.09938369,1.070332834
3.9243,3.668,0.79,8.5462,7.096,0.21,394.129,0.091156109,1.100663517
3.9243,3.668,0.8,8.5462,7.096,0.2,394.013,0.0832468,1.131650468
3.9243,3.668,0.81,8.5462,7.096,0.19,393.894,0.075654633,1.163316421
3.9243,3.668,0.82,8.5462,7.096,0.18,393.772,0.068387355,1.195678502
3.9243,3.668,0.83,8.5462,7.096,0.17,393.647,0.06144311,1.228754193
3.9243,3.668,0.84,8.5462,7.096,0.16,393.517,0.054838503,1.262569017
3.9243,3.668,0.85,8.5462,7.096,0.15,393.384,0.048561567,1.297143424
3.9243,3.668,0.86,8.5462,7.096,0.14,393.247,0.042637945,1.332497937
3.9243,3.668,0.87,8.5462,7.096,0.13,393.107,0.037054908,1.368659782
3.9243,3.668,0.88,8.5462,7.096,0.12,392.962,0.03182807,1.405653263
3.9243,3.668,0.89,8.5462,7.096,0.11,392.813,0.026963204,1.443503746
3.9243,3.668,0.9,8.5462,7.096,0.1,392.66,0.022475523,1.48223616
3.9243,3.668,0.91,8.5462,7.096,0.09,392.503,0.018360411,1.52188457
3.9243,3.668,0.92,8.5462,7.096,0.08,392.342,0.014632422,1.562474179
3.9243,3.668,0.93,8.5462,7.096,0.07,392.176,0.011305847,1.604039366
3.9243,3.668,0.94,8.5462,7.096,0.06,392.006,0.00838475,1.646610376
3.9243,3.668,0.95,8.5462,7.096,0.05,391.832,0.005872722,1.690223114
3.9243,3.668,0.96,8.5462,7.096,0.04,391.653,0.003792798,1.734912183
3.9243,3.668,0.97,8.5462,7.096,0.03,391.471,0.002157671,1.780717059
3.9243,3.668,0.98,8.5462,7.096,0.02,391.284,0.00096953,1.827676655
3.9243,3.668,0.99,8.5462,7.096,0.01,391.093,0.000249969,1.875830973
3.9243,3.668,1.0,8.5462,7.096,0.0,390.899,0.0,1.92522336
8.5462,7.096,0.0,3.9243,3.668,1.0,390.899,1.92522336,0.0
8.5462,7.096,0.01,3.9243,3.668,0.99,391.093,1.875830973,0.000249969
8.5462,7.096,0.02,3.9243,3.668,0.98,391.284,1.827676655,0.00096953
8.5462,7.096,0.03,3.9243,3.668,0.97,391.471,1.780717059,0.002157671
8.5462,7.096,0.04,3.9243,3.668,0.96,391.653,1.734912183,0.003792798
8.5462,7.096,0.05,3.9243,3.668,0.95,391.832,1.690223114,0.005872722
8.5462,7.096,0.06,3.9243,3.668,0.94,392.006,1.646610376,0.00838475
8.5462,7.096,0.07,3.9243,3.668,0.93,392.176,1.604039366,0.011305847
8.5462,7.096,0.08,3.9243,3.668,0.92,392.342,1.562474179,0.014632422
8.5462,7.096,0.09,3.9243,3.668,0.91,392.503,1.52188457,0.018360411
8.5462,7.096,0.1,3.9243,3.668,0.9,392.66,1.48223616,0.022475523
8.5462,7.096,0.11,3.9243,3.668,0.89,392.813,1.443503746,0.026963204
8.5462,7.096,0.12,3.9243,3.668,0.88,392.962,1.405653263,0.03182807
8.5462,7.096,0.13,3.9243,3.668,0.87,393.107,1.368659782,0.037054908
8.5462,7.096,0.14,3.9243,3.668,0.86,393.247,1.332497937,0.042637945
8.5462,7.096,0.15,3.9243,3.668,0.85,393.384,1.297143424,0.048561567
8.5462,7.096,0.16,3.9243,3.668,0.84,393.517,1.262569017,0.054838503
8.5462,7.096,0.17,3.9243,3.668,0.83,393.647,1.228754193,0.06144311
8.5462,7.096,0.18,3.9243,3.668,0.82,393.772,1.195678502,0.068387355
8.5462,7.096,0.19,3.9243,3.668,0.81,393.894,1.163316421,0.075654633
8.5462,7.096,0.2,3.9243,3.668,0.8,394.013,1.131650468,0.0832468
8.5462,7.096,0.21,3.9243,3.668,0.79,394.129,1.100663517,0.091156109
8.5462,7.096,0.22,3.9243,3.668,0.78,394.241,1.070332834,0.09938369
8.5462,7.096,0.23,3.9243,3.668,0.77,394.35,1.040644135,0.107912257
8.5462,7.096,0.24,3.9243,3.668,0.76,394.457,1.011575457,0.116760291
8.5462,7.096,0.25,3.9243,3.668,0.75,394.56,0.983119129,0.125901106
8.5462,7.096,0.26,3.9243,3.668,0.74,394.661,0.955249872,0.135352234
8.5462,7.096,0.27,3.9243,3.668,0.73,394.76,0.927962353,0.14509552
8.5462,7.096,0.28,3.9243,3.668,0.72,394.856,0.901233945,0.155138763
8.5462,7.096,0.29,3.9243,3.668,0.71,394.95,0.875056152,0.16548054
8.5462,7.096,0.3,3.9243,3.668,0.7,395.042,0.84941134,0.176110642
8.5462,7.096,0.31,3.9243,3.668,0.69,395.131,0.824289472,0.187035429
8.5462,7.096,0.32,3.9243,3.668,0.68,395.22,0.799680508,0.198252319
8.5462,7.096,0.33,3.9243,3.668,0.67,395.306,0.775565526,0.209758368
8.5462,7.096,0.34,3.9243,3.668,0.66,395.391,0.751944251,0.221558295
8.5462,7.096,0.35,3.9243,3.668,0.65,395.475,0.728794208,0.233640268
8.5462,7.096,0.36,3.9243,3.668,0.64,395.557,0.706112763,0.246015972
8.5462,7.096,0.37,3.9243,3.668,0.63,395.639,0.68388946,0.258680565
8.5462,7.096,0.38,3.9243,3.668,0.62,395.72,0.662110487,0.271636528
8.5462,7.096,0.39,3.9243,3.668,0.61,395.8,0.640774356,0.284878145
8.5462,7.096,0.4,3.9243,3.668,0.6,395.88,0.619861178,0.298406856
8.5462,7.096,0.41,3.9243,3.668,0.59,395.96,0.599374818,0.312230772
8.5462,7.096,0.42,3.9243,3.668,0.58,396.04,0.579300761,0.326342533
8.5462,7.096,0.43,3.9243,3.668,0.57,396.121,0.559627216,0.340748793
8.5462,7.096,0.44,3.9243,3.668,0.56,396.201,0.540357241,0.355448192
8.5462,7.096,0.45,3.9243,3.668,0.55,396.283,0.52147472,0.37044569
8.5462,7.096,0.46,3.9243,3.668,0.54,396.366,0.502978919,0.385738478
8.5462,7.096,0.47,3.9243,3.668,0.53,396.45,0.484861453,0.401329903
8.5462,7.096,0.48,3.9243,3.668,0.52,396.536,0.46711822,0.417222386
8.5462,7.096,0.49,3.9243,3.668,0.51,396.624,0.449737144,0.433417443
8.5462,7.096,0.5,3.9243,3.668,0.5,396.714,0.432717044,0.449915711
8.5462,7.096,0.51,3.9243,3.668,0.49,396.807,0.416055498,0.466723255
8.5462,7.096,0.52,3.9243,3.668,0.48,396.903,0.399742096,0.483844895
8.5462,7.096,0.53,3.9243,3.668,0.47,397.002,0.383778307,0.501272134
8.5462,7.096,0.54,3.9243,3.668,0.46,397.106,0.368150843,0.519019958
8.5462,7.096,0.55,3.9243,3.668,0.45,397.214,0.352865698,0.537083839
8.5462,7.096,0.56,3.9243,3.668,0.44,397.327,0.337914054,0.555464325
8.5462,7.096,0.57,3.9243,3.668,0.43,397.445,0.323292912,0.574172185
8.5462,7.096,0.58,3.9243,3.668,0.42,397.57,0.308990918,0.593210816
8.5462,7.096,0.59,3.9243,3.668,0.41,397.701,0.295017602,0.612571414
8.5462,7.096,0.6,3.9243,3.668,0.4,397.84,0.281367175,0.632265963
8.5462,7.096,0.61,3.9243,3.668,0.39,397.988,0.268032783,0.652299144
8.5462,7.096,0.62,3.9243,3.668,0.38,398.144,0.255014242,0.672668925
8.5462,7.096,0.63,3.9243,3.668,0.37,398.311,0.242310683,0.693377154
8.5462,7.096,0.64,3.9243,3.668,0.36,398.488,0.229920536,0.714429105
8.5462,7.096,0.65,3.9243,3.668,0.35,398.678,0.21784152,0.735823455
8.5462,7.096,0.66,3.9243,3.668,0.34,398.882,0.206070635,0.757562257
8.5462,7.096,0.67,3.9243,3.668,0.33,399.101,0.194604149,0.779650512
8.5462,7.096,0.68,3.9243,3.668,0.32,399.336,0.183445924,0.802086784
8.5462,7.096,0.69,3.9243,3.668,0.31,399.589,0.17259945,0.824872568
8.5462,7.096,0.7,3.9243,3.668,0.3,399.862,0.16205082,0.848003326
8.5462,7.096,0.71,3.9243,3.668,0.29,400.158,0.151819393,0.871477449
8.5462,7.096,0.72,3.9243,3.668,0.28,400.478,0.141890111,0.895291789
8.5462,7.096,0.73,3.9243,3.668,0.27,400.825,0.13226434,0.919441762
8.5462,7.096,0.74,3.9243,3.668,0.26,401.204,0.122951876,0.943921463
8.5462,7.096,0.75,3.9243,3.668,0.25,401.616,0.11395349,0.968719981
8.5462,7.096,0.76,3.9243,3.668,0.24,402.066,0.105260511,0.993825682
8.5462,7.096,0.77,3.9243,3.668,0.23,402.559,0.096881672,1.019219092
8.5462,7.096,0.78,3.9243,3.668,0.22,403.099,0.088825564,1.044887972
8.5462,7.096,0.79,3.9243,3.668,0.21,403.694,0.081082167,1.070802489
8.5462,7.096,0.8,3.9243,3.668,0.2,404.35,0.0736593,1.096930876
8.5462,7.096,0.81,3.9243,3.668,0.19,405.075,0.066564592,1.123233354
8.5462,7.096,0.82,3.9243,3.668,0.18,405.879,0.059796043,1.149663387
8.5462,7.096,0.83,3.9243,3.668,0.17,406.774,0.053370136,1.176162662
8.5462,7.096,0.84,3.9243,3.668,0.16,407.774,0.047274731,1.202650931
8.5462,7.096,0.85,3.9243,3.668,0.15,408.896,0.041516154,1.229040956
8.5462,7.096,0.86,3.9243,3.668,0.14,410.16,0.036119756,1.255211397
8.5462,7.096,0.87,3.9243,3.668,0.13,411.59,0.03107222,1.281019953
8.5462,7.096,0.88,3.9243,3.668,0.12,413.219,0.026378995,1.30628207
8.5462,7.096,0.89,3.9243,3.668,0.11,415.086,0.022064773,1.330765795
8.5462,7.096,0.9,3.9243,3.668,0.1,417.24,0.018114929,1.354173981
8.5462,7.096,0.91,3.9243,3.668,0.09,419.747,0.014543725,1.376127857
8.5462,7.096,0.92,3.9243,3.668,0.08,422.691,0.011365171,1.396130824
8.5462,7.096,0.93,3.9243,3.668,0.07,426.187,0.008573145,1.41353981
8.5462,7.096,0.94,3.9243,3.668,0.06,430.39,0.006180859,1.427493884
8.5462,7.096,0.95,3.9243,3.668,0.05,435.516,0.004191205,1.436856763
8.5462,7.096,0.96,3.9243,3.668,0.04,441.869,0.0026066,1.440112341
8.5462,7.096,0.97,3.9243,3.668,0.03,449.872,0.001409007,1.435291647
8.5462,7.096,0.98,3.9243,3.668,0.02,460.091,0.000589826,1.42003615
8.5462,7.096,0.99,3.9243,3.668,0.01,473.171,0.00013999,1.3921472
8.5462,7.096,1.0,3.9243,3.668,0.0,489.517,0.0,1.351247326
2.5755,2.588,0.0,6.523,5.476,1.0,423.805,2.028266661,0.0
2.5755,2.588,0.01,6.523,5.476,0.99,403.159,2.10920906,0.000269964
2.5755,2.588,0.02,6.523,5.476,0.98,390.063,2.140600139,0.001169316
2.5755,2.588,0.03,6.523,5.476,0.97,381.337,2.140718892,0.002756198
2.5755,2.588,0.04,6.523,5.476,0.96,375.204,2.121859063,0.005027342
2.5755,2.588,0.05,6.523,5.476,0.95,370.7044,2.091372583,0.00796817
2.5755,2.588,0.06,6.523,5.476,0.94,367.2937,2.05370698,0.011562891
2.5755,2.588,0.07,6.523,5.476,0.93,364.6419,2.011637695,0.015755232
2.5755,2.588,0.08,6.523,5.476,0.92,362.5386,1.966954302,0.020537651
2.5755,2.588,0.09,6.523,5.476,0.91,360.8435,1.920832605,0.02586266
2.5755,2.588,0.1,6.523,5.476,0.9,359.4596,1.874062697,0.031711823
2.5755,2.588,0.11,6.523,5.476,0.89,358.3172,1.827182918,0.038056574
2.5755,2.588,0.12,6.523,5.476,0.88,357.3692,1.780545157,0.044868198
2.5755,2.588,0.13,6.523,5.476,0.87,356.571,1.734426923,0.052136938
2.5755,2.588,0.14,6.523,5.476,0.86,355.899,1.688975262,0.05984314
2.5755,2.588,0.15,6.523,5.476,0.85,355.3302,1.644308794,0.067957669
2.5755,2.588,0.16,6.523,5.476,0.84,354.8431,1.600510179,0.076488707
2.5755,2.588,0.17,6.523,5.476,0.83,354.4327,1.557594993,0.085397576
2.5755,2.588,0.18,6.523,5.476,0.82,354.0791,1.515617223,0.094691807
2.5755,2.588,0.19,6.523,5.476,0.81,353.7769,1.474614257,0.104341997
2.5755,2.588,0.2,6.523,5.476,0.8,353.5187,1.434453374,0.114381702
2.5755,2.588,0.21,6.523,5.476,0.79,353.2906,1.395276402,0.124763063
2.5755,2.588,0.22,6.523,5.476,0.78,353.1052,1.356978829,0.135483237
2.5755,2.588,0.23,6.523,5.476,0.77,352.941,1.319588159,0.1465562
2.5755,2.588,0.24,6.523,5.476,0.76,352.8033,1.283081538,0.157952017
2.5755,2.588,0.25,6.523,5.476,0.75,352.6827,1.247379935,0.16970058
2.5755,2.588,0.26,6.523,5.476,0.74,352.5847,1.212518188,0.181771405
2.5755,2.588,0.27,6.523,5.476,0.73,352.5004,1.178458054,0.194176014
2.5755,2.588,0.28,6.523,5.476,0.72,352.4299,1.145174576,0.206908473
2.5755,2.588,0.29,6.523,5.476,0.71,352.4044,1.131966468,0.212131137
2.5755,2.588,0.3,6.523,5.476,0.7,352.4043,1.131918107,0.212147314
2.5755,2.588,0.31,6.523,5.476,0.69,352.4043,1.131872968,0.212171579
2.5755,2.588,0.32,6.523,5.476,0.68,352.4043,1.131837501,0.212179667
2.5755,2.588,0.33,6.523,5.476,0.67,352.4043,1.131805256,0.212195843
2.5755,2.588,0.34,6.523,5.476,0.66,352.4043,1.131776235,0.212203931
2.5755,2.588,0.35,6.523,5.476,0.65,352.4043,1.131753663,0.212220107
2.5755,2.588,0.36,6.523,5.476,0.64,352.4043,1.131734314,0.212228195
2.5755,2.588,0.37,6.523,5.476,0.63,352.4043,1.131714966,0.212228195
2.5755,2.588,0.38,6.523,5.476,0.62,352.4043,1.131698842,0.212236283
2.5755,2.588,0.39,6.523,5.476,0.61,352.4043,1.131685942,0.21224437
2.5755,2.588,0.4,6.523,5.476,0.6,352.4043,1.131676267,0.21224437
2.5755,2.588,0.41,6.523,5.476,0.59,352.4043,1.131663368,0.212252458
2.5755,2.588,0.42,6.523,5.476,0.58,352.4043,1.131656918,0.212252458
2.5755,2.588,0.43,6.523,5.476,0.57,352.4043,1.131650468,0.212260546
2.5755,2.588,0.44,6.523,5.476,0.56,352.4043,1.131644018,0.212260546
2.5755,2.588,0.45,6.523,5.476,0.55,352.4043,1.131637568,0.212260546
2.5755,2.588,0.46,6.523,5.476,0.54,352.4043,1.131631118,0.212260546
2.5755,2.588,0.47,6.523,5.476,0.53,352.4043,1.131627892,0.212268633
2.5755,2.588,0.48,6.523,5.476,0.52,352.4043,1.131624667,0.212268633
2.5755,2.588,0.49,6.523,5.476,0.51,352.4043,1.131621442,0.212268633
2.5755,2.588,0.5,6.523,5.476,0.5,352.4043,1.131618217,0.212268633
2.5755,2.588,0.51,6.523,5.476,0.49,352.4043,1.131618217,0.212268633
2.5755,2.588,0.52,6.523,5.476,0.48,352.4043,1.131614992,0.212268633
2.5755,2.588,0.53,6.523,5.476,0.47,352.4043,1.131611767,0.212268633
2.5755,2.588,0.54,6.523,5.476,0.46,352.4043,1.131611767,0.212276721
2.5755,2.588,0.55,6.523,5.476,0.45,352.4043,1.131611767,0.212276721
2.5755,2.588,0.56,6.523,5.476,0.44,352.4043,1.131608542,0.212276721
2.5755,2.588,0.57,6.523,5.476,0.43,352.4043,1.131608542,0.212276721
2.5755,2.588,0.58,6.523,5.476,0.42,352.4043,1.131608542,0.212276721
2.5755,2.588,0.59,6.523,5.476,0.41,352.4043,1.131608542,0.212276721
2.5755,2.588,0.6,6.523,5.476,0.4,352.4043,1.131605317,0.212276721
2.5755,2.588,0.61,6.523,5.476,0.39,352.4043,1.131605317,0.212276721
2.5755,2.588,0.62,6.523,5.476,0.38,352.4043,1.131605317,0.212276721
2.5755,2.588,0.63,6.523,5.476,0.37,352.4043,1.131605317,0.212276721
2.5755,2.588,0.64,6.523,5.476,0.36,352.4043,1.131605317,0.212276721
2.5755,2.588,0.65,6.523,5.476,0.35,352.4043,1.131605317,0.212276721
2.5755,2.588,0.66,6.523,5.476,0.34,352.4043,1.131605317,0.212276721
2.5755,2.588,0.67,6.523,5.476,0.33,352.4043,1.131605317,0.212276721
2.5755,2.588,0.68,6.523,5.476,0.32,352.4043,1.131605317,0.212276721
2.5755,2.588,0.69,6.523,5.476,0.31,352.4043,1.131602091,0.212276721
2.5755,2.588,0.7,6.523,5.476,0.3,352.4043,1.131602091,0.212276721
2.5755,2.588,0.71,6.523,5.476,0.29,352.4043,1.131602091,0.212276721
2.5755,2.588,0.72,6.523,5.476,0.28,352.4016,0.201977114,1.150594179
2.5755,2.588,0.73,6.523,5.476,0.27,352.3813,0.189321996,1.184019046
2.5755,2.588,0.74,6.523,5.476,0.26,352.3586,0.177007462,1.218227719
2.5755,2.588,0.75,6.523,5.476,0.25,352.3333,0.165048228,1.253248565
2.5755,2.588,0.76,6.523,5.476,0.24,352.3056,0.15343328,1.289108674
2.5755,2.588,0.77,6.523,5.476,0.23,352.2753,0.142176416,1.325840818
2.5755,2.588,0.78,6.523,5.476,0.22,352.2426,0.131273846,1.363470876
2.5755,2.588,0.79,6.523,5.476,0.21,352.2074,0.120738663,1.402037288
2.5755,2.588,0.8,6.523,5.476,0.2,352.1699,0.110574897,1.441570588
2.5755,2.588,0.81,6.523,5.476,0.19,352.13,0.100777028,1.482106688
2.5755,2.588,0.82,6.523,5.476,0.18,352.0879,0.091366048,1.523683926
2.5755,2.588,0.83,6.523,5.476,0.17,352.0438,0.082344672,1.566342502
2.5755,2.588,0.84,6.523,5.476,0.16,351.9977,0.073715038,1.610125676
2.5755,2.588,0.85,6.523,5.476,0.15,351.9499,0.065497436,1.655074538
2.5755,2.588,0.86,6.523,5.476,0.14,351.9006,0.057693271,1.701236479
2.5755,2.588,0.87,6.523,5.476,0.13,351.8503,0.050312814,1.748660579
2.5755,2.588,0.88,6.523,5.476,0.12,351.7993,0.043375531,1.797396882
2.5755,2.588,0.89,6.523,5.476,0.11,351.748,0.036881441,1.847503179
2.5755,2.588,0.9,6.523,5.476,0.1,351.697,0.030858928,1.899032655
2.5755,2.588,0.91,6.523,5.476,0.09,351.647,0.025307058,1.952048414
2.5755,2.588,0.92,6.523,5.476,0.08,351.599,0.020253506,2.006611407
2.5755,2.588,0.93,6.523,5.476,0.07,351.5538,0.015715856,2.062788649
2.5755,2.588,0.94,6.523,5.476,0.06,351.5127,0.011701272,2.120651861
2.5755,2.588,0.95,6.523,5.476,0.05,351.4772,0.008235991,2.180273946
2.5755,2.588,0.96,6.523,5.476,0.04,351.449,0.005345686,2.24173257
2.5755,2.588,0.97,6.523,5.476,0.03,351.4304,0.003055328,2.305111898
2.5755,2.588,0.98,6.523,5.476,0.02,351.4238,0.001379049,2.370486703
2.5755,2.588,0.99,6.523,5.476,0.01,351.4325,0.000349939,2.437963529
2.5755,2.588,1.0,6.523,5.476,0.0,351.4603,0.0,2.507621699
6.523,5.476,0.0,2.5755,2.588,1.0,351.4603,2.507621699,0.0
6.523,5.476,0.01,2.5755,2.588,0.99,351.4325,2.437963529,0.000349939
6.523,5.476,0.02,2.5755,2.588,0.98,351.4238,2.370486703,0.001379049
6.523,5.476,0.03,2.5755,2.588,0.97,351.4304,2.305111898,0.003055328
6.523,5.476,0.04,2.5755,2.588,0.96,351.449,2.24173257,0.005345686
6.523,5.476,0.05,2.5755,2.588,0.95,351.4772,2.180273946,0.008235991
6.523,5.476,0.06,2.5755,2.588,0.94,351.5127,2.120651861,0.011701272
6.523,5.476,0.07,2.5755,2.588,0.93,351.5538,2.062788649,0.015715856
6.523,5.476,0.08,2.5755,2.588,0.92,351.599,2.006611407,0.020253506
6.523,5.476,0.09,2.5755,2.588,0.91,351.647,1.952048414,0.025307058
6.523,5.476,0.1,2.5755,2.588,0.9,351.697,1.899032655,0.030858928
6.523,5.476,0.11,2.5755,2.588,0.89,351.748,1.847503179,0.036881441
6.523,5.476,0.12,2.5755,2.588,0.88,351.7993,1.797396882,0.043375531
6.523,5.476,0.13,2.5755,2.588,0.87,351.8503,1.748660579,0.050312814
6.523,5.476,0.14,2.5755,2.588,0.86,351.9007,1.701234655,0.057693271
6.523,5.476,0.15,2.5755,2.588,0.85,351.9499,1.655072627,0.065497436
6.523,5.476,0.16,2.5755,2.588,0.84,351.9977,1.610125676,0.073715038
6.523,5.476,0.17,2.5755,2.588,0.83,352.0438,1.566342502,0.082344672
6.523,5.476,0.18,2.5755,2.588,0.82,352.0878,1.523683926,0.091366048
6.523,5.476,0.19,2.5755,2.588,0.81,352.1299,1.482106688,0.100777028
6.523,5.476,0.2,2.5755,2.588,0.8,273.15,,
6.523,5.476,0.21,2.5755,2.588,0.79,352.2073,1.402037288,0.120738663
6.523,5.476,0.22,2.5755,2.588,0.78,352.2415,1.363473433,0.131273846
6.523,5.476,0.23,2.5755,2.588,0.77,352.2736,1.325843474,0.142176416
6.523,5.476,0.24,2.5755,2.588,0.76,273.15,,
6.523,5.476,0.25,2.5755,2.588,0.75,273.15,,
6.523,5.476,0.26,2.5755,2.588,0.74,352.3586,1.218227719,0.177007462
6.523,5.476,0.27,2.5755,2.588,0.73,352.3812,1.184019046,0.189321996
6.523,5.476,0.28,2.5755,2.588,0.72,352.4016,1.150594179,0.201977114
6.523,5.476,0.29,2.5755,2.588,0.71,352.4044,0.212058337,1.132159889
6.523,5.476,0.3,2.5755,2.588,0.7,352.4043,0.212082604,1.132085749
6.523,5.476,0.31,2.5755,2.588,0.69,352.4043,0.212114959,1.132018051
6.523,5.476,0.32,2.5755,2.588,0.68,352.4043,0.212131137,1.13196002
6.523,5.476,0.33,2.5755,2.588,0.67,352.4043,0.212155402,1.131911659
6.523,5.476,0.34,2.5755,2.588,0.66,352.4043,0.212171579,1.131869744
6.523,5.476,0.35,2.5755,2.588,0.65,352.4043,0.212187755,1.131834276
6.523,5.476,0.36,2.5755,2.588,0.64,352.4043,0.212195843,1.131802032
6.523,5.476,0.37,2.5755,2.588,0.63,352.4043,0.212212019,1.13177301
6.523,5.476,0.38,2.5755,2.588,0.62,352.4043,0.212220107,1.131750438
6.523,5.476,0.39,2.5755,2.588,0.61,352.4043,0.212228195,1.13173109
6.523,5.476,0.4,2.5755,2.588,0.6,352.4043,0.212236283,1.131711741
6.523,5.476,0.41,2.5755,2.588,0.59,352.4043,0.212236283,1.131698842
6.523,5.476,0.42,2.5755,2.588,0.58,352.4043,0.21224437,1.131685942
6.523,5.476,0.43,2.5755,2.588,0.57,352.4043,0.21224437,1.131673043
6.523,5.476,0.44,2.5755,2.588,0.56,352.4043,0.212252458,1.131663368
6.523,5.476,0.45,2.5755,2.588,0.55,352.4043,0.212252458,1.131656918
6.523,5.476,0.46,2.5755,2.588,0.54,352.4043,0.212260546,1.131647243
6.523,5.476,0.47,2.5755,2.588,0.53,352.4043,0.212260546,1.131640793
6.523,5.476,0.48,2.5755,2.588,0.52,352.4043,0.212260546,1.131637568
6.523,5.476,0.49,2.5755,2.588,0.51,352.4043,0.212268633,1.131631118
6.523,5.476,0.5,2.5755,2.588,0.5,352.4043,0.212268633,1.131627892
6.523,5.476,0.51,2.5755,2.588,0.49,352.4043,0.212268633,1.131624667
6.523,5.476,0.52,2.5755,2.588,0.48,352.4043,0.212268633,1.131621442
6.523,5.476,0.53,2.5755,2.588,0.47,352.4043,0.212268633,1.131618217
6.523,5.476,0.54,2.5755,2.588,0.46,352.4043,0.212268633,1.131618217
6.523,5.476,0.55,2.5755,2.588,0.45,352.4043,0.212268633,1.131614992
6.523,5.476,0.56,2.5755,2.588,0.44,352.4043,0.212268633,1.131611767
6.523,5.476,0.57,2.5755,2.588,0.43,352.4043,0.212276721,1.131611767
6.523,5.476,0.58,2.5755,2.588,0.42,352.4043,0.212276721,1.131611767
6.523,5.476,0.59,2.5755,2.588,0.41,352.4043,0.212276721,1.131608542
6.523,5.476,0.6,2.5755,2.588,0.4,352.4043,0.212276721,1.131608542
6.523,5.476,0.61,2.5755,2.588,0.39,352.4043,0.212276721,1.131608542
6.523,5.476,0.62,2.5755,2.588,0.38,352.4043,0.212276721,1.131605317
6.523,5.476,0.63,2.5755,2.588,0.37,352.4043,0.212276721,1.131605317
6.523,5.476,0.64,2.5755,2.588,0.36,352.4043,0.212276721,1.131605317
6.523,5.476,0.65,2.5755,2.588,0.35,352.4043,0.212276721,1.131605317
6.523,5.476,0.66,2.5755,2.588,0.34,352.4043,0.212276721,1.131605317
6.523,5.476,0.67,2.5755,2.588,0.33,352.4043,0.212276721,1.131605317
6.523,5.476,0.68,2.5755,2.588,0.32,352.4043,0.212276721,1.131605317
6.523,5.476,0.69,2.5755,2.588,0.31,352.4043,0.212276721,1.131605317
6.523,5.476,0.7,2.5755,2.588,0.3,352.4043,0.212276721,1.131605317
6.523,5.476,0.71,2.5755,2.588,0.29,352.4043,0.212276721,1.131605317
6.523,5.476,0.72,2.5755,2.588,0.28,352.4299,0.206908473,1.145174576
6.523,5.476,0.73,2.5755,2.588,0.27,352.5004,0.194176014,1.178458054
6.523,5.476,0.74,2.5755,2.588,0.26,352.5848,0.181771405,1.212518188
6.523,5.476,0.75,2.5755,2.588,0.25,352.685,0.16970058,1.247377062
6.523,5.476,0.76,2.5755,2.588,0.24,352.8033,0.157960556,1.283056591
6.523,5.476,0.77,2.5755,2.588,0.23,352.9423,0.1465562,1.319585486
6.523,5.476,0.78,2.5755,2.588,0.22,353.1052,0.135483237,1.356978829
6.523,5.476,0.79,2.5755,2.588,0.21,353.2956,0.124754236,1.395264013
6.523,5.476,0.8,2.5755,2.588,0.2,353.5178,0.114381702,1.434453374
6.523,5.476,0.81,2.5755,2.588,0.19,353.7771,0.104351006,1.474568482
6.523,5.476,0.82,2.5755,2.588,0.18,354.0797,0.094691807,1.515615026
6.523,5.476,0.83,2.5755,2.588,0.17,354.4329,0.085397576,1.557594993
6.523,5.476,0.84,2.5755,2.588,0.16,354.846,0.076488707,1.600500089
6.523,5.476,0.85,2.5755,2.588,0.15,355.3301,0.067957669,1.644308794
6.523,5.476,0.86,2.5755,2.588,0.14,355.8993,0.05984314,1.688975262
6.523,5.476,0.87,2.5755,2.588,0.13,356.571,0.052136938,1.734426923
6.523,5.476,0.88,2.5755,2.588,0.12,357.3676,0.044868198,1.780551898
6.523,5.476,0.89,2.5755,2.588,0.11,358.3178,0.038056574,1.8271797
6.523,5.476,0.9,2.5755,2.588,0.1,359.4596,0.031711823,1.874062697
6.523,5.476,0.91,2.5755,2.588,0.09,360.8435,0.02586266,1.920832605
6.523,5.476,0.92,2.5755,2.588,0.08,362.5386,0.020537651,1.966954302
6.523,5.476,0.93,2.5755,2.588,0.07,364.6419,0.015755232,2.011637695
6.523,5.476,0.94,2.5755,2.588,0.06,367.2937,0.011562891,2.05370698
6.523,5.476,0.95,2.5755,2.588,0.05,370.7044,0.00796817,2.091372583
6.523,5.476,0.96,2.5755,2.588,0.04,375.204,0.005027342,2.121859063
6.523,5.476,0.97,2.5755,2.588,0.03,381.337,0.002756198,2.140718892
6.523,5.476,0.98,2.5755,2.588,0.02,390.063,0.001169316,2.140600139
6.523,5.476,0.99,2.5755,2.588,0.01,403.159,0.000269964,2.10920906
6.523,5.476,1.0,2.5755,2.588,0.0,423.805,0.0,2.028266661
1.4311,1.432,0.0,4.0464,3.24,1.0,353.9317,2.658397665,0.0
1.4311,1.432,0.01,4.0464,3.24,0.99,346.8984,2.638871598,0.000389924
1.4311,1.432,0.02,4.0464,3.24,0.98,342.0031,2.600650571,0.001588737
1.4311,1.432,0.03,4.0464,3.24,0.97,338.4561,2.55142758,0.003583571
1.4311,1.432,0.04,4.0464,3.24,0.96,335.8084,2.495797133,0.006369671
1.4311,1.432,0.05,4.0464,3.24,0.95,333.7872,2.436582627,0.009910726
1.4311,1.432,0.06,4.0464,3.24,0.94,332.2174,2.375556705,0.014159283
1.4311,1.432,0.07,4.0464,3.24,0.93,330.9822,2.31389094,0.019086685
1.4311,1.432,0.08,4.0464,3.24,0.92,330.0002,2.252324949,0.024653587
1.4311,1.432,0.09,4.0464,3.24,0.91,329.2138,2.191365223,0.030829839
1.4311,1.432,0.1,4.0464,3.24,0.9,328.5811,2.131325724,0.03758476
1.4311,1.432,0.11,4.0464,3.24,0.89,328.0691,2.072421962,0.044896881
1.4311,1.432,0.12,4.0464,3.24,0.88,327.6553,2.014775012,0.052734755
1.4311,1.432,0.13,4.0464,3.24,0.87,327.5518,1.998464648,0.055075134
1.4311,1.432,0.14,4.0464,3.24,0.86,327.5518,1.998467359,0.055075134
1.4311,1.432,0.15,4.0464,3.24,0.85,327.5518,1.998468714,0.055075134
1.4311,1.432,0.16,4.0464,3.24,0.84,327.5518,1.998468714,0.055075134
1.4311,1.432,0.17,4.0464,3.24,0.83,327.5518,1.99847007,0.055075134
1.4311,1.432,0.18,4.0464,3.24,0.82,327.5518,1.99847007,0.055075134
1.4311,1.432,0.19,4.0464,3.24,0.81,327.5518,1.99847007,0.055075134
1.4311,1.432,0.2,4.0464,3.24,0.8,327.5518,1.99847007,0.055075134
1.4311,1.432,0.21,4.0464,3.24,0.79,327.5518,1.99847007,0.055075134
1.4311,1.432,0.22,4.0464,3.24,0.78,327.5518,1.99847007,0.055075134
1.4311,1.432,0.23,4.0464,3.24,0.77,327.5518,1.99847007,0.055075134
1.4311,1.432,0.24,4.0464,3.24,0.76,327.5518,1.99847007,0.055075134
1.4311,1.432,0.25,4.0464,3.24,0.75,327.5518,1.99847007,0.055075134
1.4311,1.432,0.26,4.0464,3.24,0.74,327.5518,1.99847007,0.055075134
1.4311,1.432,0.27,4.0464,3.24,0.73,327.5518,1.99847007,0.055075134
1.4311,1.432,0.28,4.0464,3.24,0.72,327.5518,1.99847007,0.055075134
1.4311,1.432,0.29,4.0464,3.24,0.71,327.5518,1.99847007,0.055075134
1.4311,1.432,0.3,4.0464,3.24,0.7,327.5518,1.99847007,0.055075134
1.4311,1.432,0.31,4.0464,3.24,0.69,327.5518,1.99847007,0.055075134
1.4311,1.432,0.32,4.0464,3.24,0.68,327.5518,1.99847007,0.055075134
1.4311,1.432,0.33,4.0464,3.24,0.67,327.5518,1.99847007,0.055075134
1.4311,1.432,0.34,4.0464,3.24,0.66,327.5518,1.99847007,0.055075134
1.4311,1.432,0.35,4.0464,3.24,0.65,327.5518,1.99847007,0.055075134
1.4311,1.432,0.36,4.0464,3.24,0.64,327.5518,1.99847007,0.055075134
1.4311,1.432,0.37,4.0464,3.24,0.63,327.5518,1.99847007,0.055075134
1.4311,1.432,0.38,4.0464,3.24,0.62,327.5518,1.99847007,0.055075134
1.4311,1.432,0.39,4.0464,3.24,0.61,327.5518,1.99847007,0.055075134
1.4311,1.432,0.4,4.0464,3.24,0.6,327.5518,1.99847007,0.055075134
1.4311,1.432,0.41,4.0464,3.24,0.59,327.5518,1.99847007,0.055075134
1.4311,1.432,0.42,4.0464,3.24,0.58,327.5518,1.99847007,0.055075134
1.4311,1.432,0.43,4.0464,3.24,0.57,327.5518,1.99847007,0.055075134
1.4311,1.432,0.44,4.0464,3.24,0.56,327.5518,1.99847007,0.055075134
1.4311,1.432,0.45,4.0464,3.24,0.55,327.5518,1.99847007,0.055075134
1.4311,1.432,0.46,4.0464,3.24,0.54,327.5518,1.99847007,0.055075134
1.4311,1.432,0.47,4.0464,3.24,0.53,327.5518,1.99847007,0.055075134
1.4311,1.432,0.48,4.0464,3.24,0.52,327.5518,1.99847007,0.055075134
1.4311,1.432,0.49,4.0464,3.24,0.51,327.5518,1.99847007,0.055075134
1.4311,1.432,0.5,4.0464,3.24,0.5,327.5518,1.99847007,0.055075134
1.4311,1.432,0.51,4.0464,3.24,0.49,327.5518,1.99847007,0.055075134
1.4311,1.432,0.52,4.0464,3.24,0.48,327.5518,1.99847007,0.055075134
1.4311,1.432,0.53,4.0464,3.24,0.47,327.5518,1.99847007,0.055075134
1.4311,1.432,0.54,4.0464,3.24,0.46,327.5518,1.99847007,0.055075134
1.4311,1.432,0.55,4.0464,3.24,0.45,327.5518,1.99847007,0.055075134
1.4311,1.432,0.56,4.0464,3.24,0.44,327.5518,1.99847007,0.055075134
1.4311,1.432,0.57,4.0464,3.24,0.43,327.5518,1.99847007,0.055075134
1.4311,1.432,0.58,4.0464,3.24,0.42,327.5518,1.99847007,0.055075134
1.4311,1.432,0.59,4.0464,3.24,0.41,327.5518,1.99847007,0.055075134
1.4311,1.432,0.6,4.0464,3.24,0.4,327.5518,1.99847007,0.055075134
1.4311,1.432,0.61,4.0464,3.24,0.39,327.5518,1.99847007,0.055075134
1.4311,1.432,0.62,4.0464,3.24,0.38,327.5518,1.99847007,0.055075134
1.4311,1.432,0.63,4.0464,3.24,0.37,327.5518,1.99847007,0.055075134
1.4311,1.432,0.64,4.0464,3.24,0.36,327.5518,1.99847007,0.055075134
1.4311,1.432,0.65,4.0464,3.24,0.35,327.5518,1.99847007,0.055075134
1.4311,1.432,0.66,4.0464,3.24,0.34,327.5518,1.99847007,0.055075134
1.4311,1.432,0.67,4.0464,3.24,0.33,327.5518,1.99847007,0.055075134
1.4311,1.432,0.68,4.0464,3.24,0.32,327.5518,1.99847007,0.055075134
1.4311,1.432,0.69,4.0464,3.24,0.31,327.5518,1.99847007,0.055075134
1.4311,1.432,0.7,4.0464,3.24,0.3,327.5518,1.99847007,0.055075134
1.4311,1.432,0.71,4.0464,3.24,0.29,327.5518,1.99847007,0.055075134
1.4311,1.432,0.72,4.0464,3.24,0.28,327.5518,1.99847007,0.055075134
1.4311,1.432,0.73,4.0464,3.24,0.27,327.5518,1.99847007,0.055075134
1.4311,1.432,0.74,4.0464,3.24,0.26,327.5518,1.99847007,0.055075134
1.4311,1.432,0.75,4.0464,3.24,0.25,327.5518,1.99847007,0.055075134
1.4311,1.432,0.76,4.0464,3.24,0.24,327.5518,1.99847007,0.055075134
1.4311,1.432,0.77,4.0464,3.24,0.23,327.5518,1.99847007,0.055075134
1.4311,1.432,0.78,4.0464,3.24,0.22,327.5518,1.99847007,0.055075134
1.4311,1.432,0.79,4.0464,3.24,0.21,327.5518,1.99847007,0.055075134
1.4311,1.432,0.8,4.0464,3.24,0.2,327.5518,1.99847007,0.055075134
1.4311,1.432,0.81,4.0464,3.24,0.19,327.5518,1.99847007,0.055075134
1.4311,1.432,0.82,4.0464,3.24,0.18,327.5518,1.99847007,0.055075134
1.4311,1.432,0.83,4.0464,3.24,0.17,327.5518,1.99847007,0.055075134
1.4311,1.432,0.84,4.0464,3.24,0.16,327.5518,1.99847007,0.055075134
1.4311,1.432,0.85,4.0464,3.24,0.15,327.6347,0.066349381,1.809858031
1.4311,1.432,0.86,4.0464,3.24,0.14,327.7978,0.058316077,1.856821291
1.4311,1.432,0.87,4.0464,3.24,0.13,327.9911,0.050740642,1.904835146
1.4311,1.432,0.88,4.0464,3.24,0.12,328.2195,0.043634037,1.953926503
1.4311,1.432,0.89,4.0464,3.24,0.11,328.4887,0.037016362,2.004119756
1.4311,1.432,0.9,4.0464,3.24,0.1,328.8056,0.030888016,2.055444656
1.4311,1.432,0.91,4.0464,3.24,0.09,329.1783,0.025268057,2.107922093
1.4311,1.432,0.92,4.0464,3.24,0.08,329.6166,0.020175107,2.161574371
1.4311,1.432,0.93,4.0464,3.24,0.07,330.1322,0.015607566,2.216421357
1.4311,1.432,0.94,4.0464,3.24,0.06,330.7395,0.011592546,2.272472217
1.4311,1.432,0.95,4.0464,3.24,0.05,331.4561,0.008136806,2.329733225
1.4311,1.432,0.96,4.0464,3.24,0.04,332.3039,0.00526611,2.388203
1.4311,1.432,0.97,4.0464,3.24,0.03,333.3105,0.002995509,2.447844938
1.4311,1.432,0.98,4.0464,3.24,0.02,334.5107,0.00134909,2.508631314
1.4311,1.432,0.99,4.0464,3.24,0.01,335.9493,0.000339942,2.570487838
1.4311,1.432,1.0,4.0464,3.24,0.0,337.6848,0.0,2.633305103
4.0464,3.24,0.0,1.4311,1.432,1.0,337.6848,2.633305103,0.0
4.0464,3.24,0.01,1.4311,1.432,0.99,335.9493,2.570487838,0.000339942
4.0464,3.24,0.02,1.4311,1.432,0.98,334.5107,2.508631314,0.00134909
4.0464,3.24,0.03,1.4311,1.432,0.97,333.3105,2.447844938,0.002995509
4.0464,3.24,0.04,1.4311,1.432,0.96,332.3039,2.388203,0.00526611
4.0464,3.24,0.05,1.4311,1.432,0.95,331.4561,2.329733225,0.008136806
4.0464,3.24,0.06,1.4311,1.432,0.94,330.7395,2.272472217,0.011592546
4.0464,3.24,0.07,1.4311,1.432,0.93,330.1322,2.216421357,0.015607566
4.0464,3.24,0.08,1.4311,1.432,0.92,329.6166,2.161574371,0.020175107
4.0464,3.24,0.09,1.4311,1.432,0.91,329.1783,2.107922093,0.025268057
4.0464,3.24,0.1,1.4311,1.432,0.9,328.8056,2.055444656,0.030888016
4.0464,3.24,0.11,1.4311,1.432,0.89,328.4888,2.004119756,0.037016362
4.0464,3.24,0.12,1.4311,1.432,0.88,328.2195,1.953926503,0.043634037
4.0464,3.24,0.13,1.4311,1.432,0.87,327.9911,1.904835146,0.050740642
4.0464,3.24,0.14,1.4311,1.432,0.86,327.7978,1.856821291,0.058316077
4.0464,3.24,0.15,1.4311,1.432,0.85,327.635,1.809858031,0.066349381
4.0464,3.24,0.16,1.4311,1.432,0.84,327.5518,0.055075134,1.998466003
4.0464,3.24,0.17,1.4311,1.432,0.83,327.5518,0.055075134,1.998467359
4.0464,3.24,0.18,1.4311,1.432,0.82,327.5518,0.055075134,1.998468714
4.0464,3.24,0.19,1.4311,1.432,0.81,327.5518,0.055075134,1.998468714
4.0464,3.24,0.2,1.4311,1.432,0.8,327.5518,0.055075134,1.99847007
4.0464,3.24,0.21,1.4311,1.432,0.79,327.5518,0.055075134,1.99847007
4.0464,3.24,0.22,1.4311,1.432,0.78,327.5518,0.055075134,1.99847007
4.0464,3.24,0.23,1.4311,1.432,0.77,327.5518,0.055075134,1.99847007
4.0464,3.24,0.24,1.4311,1.432,0.76,327.5518,0.055075134,1.99847007
4.0464,3.24,0.25,1.4311,1.432,0.75,327.5518,0.055075134,1.99847007
4.0464,3.24,0.26,1.4311,1.432,0.74,327.5518,0.055075134,1.99847007
4.0464,3.24,0.27,1.4311,1.432,0.73,327.5518,0.055075134,1.99847007
4.0464,3.24,0.28,1.4311,1.432,0.72,327.5518,0.055075134,1.99847007
4.0464,3.24,0.29,1.4311,1.432,0.71,327.5518,0.055075134,1.99847007
4.0464,3.24,0.3,1.4311,1.432,0.7,327.5518,0.055075134,1.99847007
4.0464,3.24,0.31,1.4311,1.432,0.69,327.5518,0.055075134,1.99847007
4.0464,3.24,0.32,1.4311,1.432,0.68,327.5518,0.055075134,1.99847007
4.0464,3.24,0.33,1.4311,1.432,0.67,327.5518,0.055075134,1.99847007
4.0464,3.24,0.34,1.4311,1.432,0.66,327.5518,0.055075134,1.99847007
4.0464,3.24,0.35,1.4311,1.432,0.65,327.5518,0.055075134,1.99847007
4.0464,3.24,0.36,1.4311,1.432,0.64,327.5518,0.055075134,1.99847007
4.0464,3.24,0.37,1.4311,1.432,0.63,327.5518,0.055075134,1.99847007
4.0464,3.24,0.38,1.4311,1.432,0.62,327.5518,0.055075134,1.99847007
4.0464,3.24,0.39,1.4311,1.432,0.61,327.5518,0.055075134,1.99847007
4.0464,3.24,0.4,1.4311,1.432,0.6,327.5518,0.055075134,1.99847007
4.0464,3.24,0.41,1.4311,1.432,0.59,327.5518,0.055075134,1.99847007
4.0464,3.24,0.42,1.4311,1.432,0.58,327.5518,0.055075134,1.99847007
4.0464,3.24,0.43,1.4311,1.432,0.57,327.5518,0.055075134,1.99847007
4.0464,3.24,0.44,1.4311,1.432,0.56,327.5518,0.055075134,1.99847007
4.0464,3.24,0.45,1.4311,1.432,0.55,327.5518,0.055075134,1.99847007
4.0464,3.24,0.46,1.4311,1.432,0.54,327.5518,0.055075134,1.99847007
4.0464,3.24,0.47,1.4311,1.432,0.53,327.5518,0.055075134,1.99847007
4.0464,3.24,0.48,1.4311,1.432,0.52,327.5518,0.055075134,1.99847007
4.0464,3.24,0.49,1.4311,1.432,0.51,327.5518,0.055075134,1.99847007
4.0464,3.24,0.5,1.4311,1.432,0.5,327.5518,0.055075134,1.99847007
4.0464,3.24,0.51,1.4311,1.432,0.49,327.5518,0.055075134,1.99847007
4.0464,3.24,0.52,1.4311,1.432,0.48,327.5518,0.055075134,1.99847007
4.0464,3.24,0.53,1.4311,1.432,0.47,327.5518,0.055075134,1.99847007
4.0464,3.24,0.54,1.4311,1.432,0.46,327.5518,0.055075134,1.99847007
4.0464,3.24,0.55,1.4311,1.432,0.45,327.5518,0.055075134,1.99847007
4.0464,3.24,0.56,1.4311,1.432,0.44,327.5518,0.055075134,1.99847007
4.0464,3.24,0.57,1.4311,1.432,0.43,327.5518,0.055075134,1.99847007
4.0464,3.24,0.58,1.4311,1.432,0.42,327.5518,0.055075134,1.99847007
4.0464,3.24,0.59,1.4311,1.432,0.41,327.5518,0.055075134,1.99847007
4.0464,3.24,0.6,1.4311,1.432,0.4,327.5518,0.055075134,1.99847007
4.0464,3.24,0.61,1.4311,1.432,0.39,327.5518,0.055075134,1.99847007
4.0464,3.24,0.62,1.4311,1.432,0.38,327.5518,0.055075134,1.99847007
4.0464,3.24,0.63,1.4311,1.432,0.37,327.5518,0.055075134,1.99847007
4.0464,3.24,0.64,1.4311,1.432,0.36,327.5518,0.055075134,1.99847007
4.0464,3.24,0.65,1.4311,1.432,0.35,327.5518,0.055075134,1.99847007
4.0464,3.24,0.66,1.4311,1.432,0.34,327.5518,0.055075134,1.99847007
4.0464,3.24,0.67,1.4311,1.432,0.33,327.5518,0.055075134,1.99847007
4.0464,3.24,0.68,1.4311,1.432,0.32,327.5518,0.055075134,1.99847007
4.0464,3.24,0.69,1.4311,1.432,0.31,327.5518,0.055075134,1.99847007
4.0464,3.24,0.7,1.4311,1.432,0.3,327.5518,0.055075134,1.99847007
4.0464,3.24,0.71,1.4311,1.432,0.29,327.5518,0.055075134,1.99847007
4.0464,3.24,0.72,1.4311,1.432,0.28,327.5518,0.055075134,1.99847007
4.0464,3.24,0.73,1.4311,1.432,0.27,327.5518,0.055075134,1.99847007
4.0464,3.24,0.74,1.4311,1.432,0.26,327.5518,0.055075134,1.99847007
4.0464,3.24,0.75,1.4311,1.432,0.25,327.5518,0.055075134,1.99847007
4.0464,3.24,0.76,1.4311,1.432,0.24,327.5518,0.055075134,1.99847007
4.0464,3.24,0.77,1.4311,1.432,0.23,327.5518,0.055075134,1.99847007
4.0464,3.24,0.78,1.4311,1.432,0.22,327.5518,0.055075134,1.99847007
4.0464,3.24,0.79,1.4311,1.432,0.21,327.5518,0.055075134,1.99847007
4.0464,3.24,0.8,1.4311,1.432,0.2,327.5518,0.055075134,1.99847007
4.0464,3.24,0.81,1.4311,1.432,0.19,327.5518,0.055075134,1.99847007
4.0464,3.24,0.82,1.4311,1.432,0.18,327.5518,0.055075134,1.99847007
4.0464,3.24,0.83,1.4311,1.432,0.17,327.5518,0.055075134,1.99847007
4.0464,3.24,0.84,1.4311,1.432,0.16,327.5518,0.055075134,1.99847007
4.0464,3.24,0.85,1.4311,1.432,0.15,327.5518,0.055075134,1.99847007
4.0464,3.24,0.86,1.4311,1.432,0.14,327.5518,0.055075134,1.99847007
4.0464,3.24,0.87,1.4311,1.432,0.13,327.5518,0.055075134,1.99847007
4.0464,3.24,0.88,1.4311,1.432,0.12,327.6553,0.052734755,2.014775012
4.0464,3.24,0.89,1.4311,1.432,0.11,328.0691,0.044896881,2.072421962
4.0464,3.24,0.9,1.4311,1.432,0.1,328.5806,0.03758476,2.131328098
4.0464,3.24,0.91,1.4311,1.432,0.09,329.2138,0.030829839,2.191365223
4.0464,3.24,0.92,1.4311,1.432,0.08,330.0002,0.024653587,2.252324949
4.0464,3.24,0.93,1.4311,1.432,0.07,330.9822,0.019086685,2.31389094
4.0464,3.24,0.94,1.4311,1.432,0.06,332.2174,0.014159283,2.375556705
4.0464,3.24,0.95,1.4311,1.432,0.05,333.7872,0.009910726,2.436582627
4.0464,3.24,0.96,1.4311,1.432,0.04,335.8084,0.006369671,2.495797133
4.0464,3.24,0.97,1.4311,1.432,0.03,338.4561,0.003583571,2.55142758
4.0464,3.24,0.98,1.4311,1.432,0.02,342.0031,0.001588737,2.600650571
4.0464,3.24,0.99,1.4311,1.432,0.01,346.8984,0.000389924,2.638871598
4.0464,3.24,1.0,1.4311,1.432,0.0,353.9317,0.0,2.658397665
2.5755,2.588,0.0,3.9228,2.968,1.0,383.829,1.73885435,0.0
2.5755,2.588,0.01,3.9228,2.968,0.99,378.626,1.716752118,0.000239971
2.5755,2.588,0.02,3.9228,2.968,0.98,374.568,1.688855194,0.00096953
2.5755,2.588,0.03,3.9228,2.968,0.97,371.3275,1.657101728,0.002187605
2.5755,2.588,0.04,3.9228,2.968,0.96,368.6909,1.622814052,0.003892415
2.5755,2.588,0.05,3.9228,2.968,0.95,366.5118,1.586910055,0.006071531
2.5755,2.588,0.06,3.9228,2.968,0.94,364.6872,1.550044532,0.008711941
2.5755,2.588,0.07,3.9228,2.968,0.93,363.1426,1.512680286,0.011800104
2.5755,2.588,0.08,3.9228,2.968,0.92,361.8226,1.475154237,0.015322016
2.5755,2.588,0.09,3.9228,2.968,0.91,360.6854,1.437716772,0.019263266
2.5755,2.588,0.1,3.9228,2.968,0.9,359.6986,1.400542374,0.023618866
2.5755,2.588,0.11,3.9228,2.968,0.89,358.8368,1.36376497,0.028363914
2.5755,2.588,0.12,3.9228,2.968,0.88,358.0801,1.327480755,0.033483131
2.5755,2.588,0.13,3.9228,2.968,0.87,357.4121,1.291758382,0.038970682
2.5755,2.588,0.14,3.9228,2.968,0.86,356.8197,1.256643999,0.044810829
2.5755,2.588,0.15,3.9228,2.968,0.85,356.2922,1.222171204,0.051006753
2.5755,2.588,0.16,3.9228,2.968,0.84,355.8206,1.188364628,0.057532788
2.5755,2.588,0.17,3.9228,2.968,0.83,355.3974,1.155232039,0.064382259
2.5755,2.588,0.18,3.9228,2.968,0.82,355.0164,1.122781187,0.07155758
2.5755,2.588,0.19,3.9228,2.968,0.81,354.6723,1.09101685,0.079042207
2.5755,2.588,0.2,3.9228,2.968,0.8,354.3605,1.059926899,0.08682886
2.5755,2.588,0.21,3.9228,2.968,0.79,354.0773,1.029512269,0.094919194
2.5755,2.588,0.22,3.9228,2.968,0.78,353.8192,0.999760177,0.103296387
2.5755,2.588,0.23,3.9228,2.968,0.77,353.5834,0.970661486,0.11196168
2.5755,2.588,0.24,3.9228,2.968,0.76,353.3674,0.942204062,0.12090704
2.5755,2.588,0.25,3.9228,2.968,0.75,353.1691,0.914376902,0.130133125
2.5755,2.588,0.26,3.9228,2.968,0.74,352.9865,0.887170833,0.139622802
2.5755,2.588,0.27,3.9228,2.968,0.73,352.8179,0.860566583,0.149393669
2.5755,2.588,0.28,3.9228,2.968,0.72,352.662,0.834551252,0.159419632
2.5755,2.588,0.29,3.9228,2.968,0.71,352.5174,0.809115237,0.169717458
2.5755,2.588,0.3,3.9228,2.968,0.7,352.3829,0.784243951,0.180277803
2.5755,2.588,0.31,3.9228,2.968,0.69,352.2576,0.759922261,0.191091323
2.5755,2.588,0.32,3.9228,2.968,0.68,352.1405,0.736144408,0.202165033
2.5755,2.588,0.33,3.9228,2.968,0.67,352.0308,0.712890983,0.213489097
2.5755,2.588,0.34,3.9228,2.968,0.66,351.9278,0.690147687,0.225069695
2.5755,2.588,0.35,3.9228,2.968,0.65,351.8309,0.66791142,0.236904435
2.5755,2.588,0.36,3.9228,2.968,0.64,351.7395,0.64616563,0.248982823
2.5755,2.588,0.37,3.9228,2.968,0.63,351.6529,0.624900459,0.261317563
2.5755,2.588,0.38,3.9228,2.968,0.62,351.5709,0.604102829,0.273905104
2.5755,2.588,0.39,3.9228,2.968,0.61,351.4929,0.583767488,0.286734123
2.5755,2.588,0.4,3.9228,2.968,0.6,351.4186,0.563875275,0.299823071
2.5755,2.588,0.41,3.9228,2.968,0.59,351.3477,0.544432532,0.313152431
2.5755,2.588,0.42,3.9228,2.968,0.58,351.2797,0.525414684,0.326739311
2.5755,2.588,0.43,3.9228,2.968,0.57,351.2145,0.506817602,0.340570968
2.5755,2.588,0.44,3.9228,2.968,0.56,351.1519,0.488641363,0.354662921
2.5755,2.588,0.45,3.9228,2.968,0.55,351.0914,0.470865758,0.369001657
2.5755,2.588,0.46,3.9228,2.968,0.54,351.0331,0.453486723,0.383594344
2.5755,2.588,0.47,3.9228,2.968,0.53,350.9767,0.436498551,0.398440493
2.5755,2.588,0.48,3.9228,2.968,0.52,350.922,0.419900416,0.413539092
2.5755,2.588,0.49,3.9228,2.968,0.51,350.8689,0.403676843,0.428901648
2.5755,2.588,0.5,3.9228,2.968,0.5,350.8172,0.387823744,0.444519141
2.5755,2.588,0.51,3.9228,2.968,0.49,350.7669,0.372335672,0.460401425
2.5755,2.588,0.52,3.9228,2.968,0.48,350.7179,0.357205803,0.476538481
2.5755,2.588,0.53,3.9228,2.968,0.47,350.6701,0.342425907,0.492950817
2.5755,2.588,0.54,3.9228,2.968,0.46,350.6234,0.32800074,0.509620898
2.5755,2.588,0.55,3.9228,2.968,0.45,350.5777,0.313919832,0.526567074
2.5755,2.588,0.56,3.9228,2.968,0.44,350.533,0.300171257,0.543782529
2.5755,2.588,0.57,3.9228,2.968,0.43,350.4893,0.286764151,0.561271559
2.5755,2.588,0.58,3.9228,2.968,0.42,350.4466,0.273684563,0.57903739
2.5755,2.588,0.59,3.9228,2.968,0.41,350.4048,0.260932471,0.597082216
2.5755,2.588,0.6,3.9228,2.968,0.4,350.364,0.248499359,0.61541264
2.5755,2.588,0.61,3.9228,2.968,0.39,350.3241,0.23639141,0.634028612
2.5755,2.588,0.62,3.9228,2.968,0.38,350.2852,0.224598492,0.652939581
2.5755,2.588,0.63,3.9228,2.968,0.37,350.2474,0.213117458,0.672138026
2.5755,2.588,0.64,3.9228,2.968,0.36,350.2106,0.201952601,0.691631032
2.5755,2.588,0.65,3.9228,2.968,0.35,350.1749,0.191091323,0.711429044
2.5755,2.588,0.66,3.9228,2.968,0.34,350.1403,0.180536631,0.731526193
2.5755,2.588,0.67,3.9228,2.968,0.33,350.1071,0.170282713,0.751934822
2.5755,2.588,0.68,3.9228,2.968,0.32,350.0752,0.160340057,0.7726559
2.5755,2.588,0.69,3.9228,2.968,0.31,350.0447,0.150693281,0.793689105
2.5755,2.588,0.7,3.9228,2.968,0.3,350.0158,0.1413433,0.815046178
2.5755,2.588,0.71,3.9228,2.968,0.29,349.9887,0.132290623,0.836727909
2.5755,2.588,0.72,3.9228,2.968,0.28,349.9633,0.123535348,0.858737887
2.5755,2.588,0.73,3.9228,2.968,0.27,349.94,0.115077156,0.881082119
2.5755,2.588,0.74,3.9228,2.968,0.26,349.919,0.106915306,0.903768657
2.5755,2.588,0.75,3.9228,2.968,0.25,349.9003,0.099048638,0.926795365
2.5755,2.588,0.76,3.9228,2.968,0.24,349.8842,0.091466438,0.950170283
2.5755,2.588,0.77,3.9228,2.968,0.23,349.871,0.084184886,0.973902821
2.5755,2.588,0.78,3.9228,2.968,0.22,349.8609,0.077201753,0.99799237
2.5755,2.588,0.79,3.9228,2.968,0.21,349.8543,0.070505061,1.022447331
2.5755,2.588,0.8,3.9228,2.968,0.2,349.8513,0.064110304,1.047273379
2.5755,2.588,0.81,3.9228,2.968,0.19,349.8525,0.058004722,1.072473631
2.5755,2.588,0.82,3.9228,2.968,0.18,349.8581,0.052193889,1.098055467
2.5755,2.588,0.83,3.9228,2.968,0.17,349.8686,0.04667364,1.124023342
2.5755,2.588,0.84,3.9228,2.968,0.16,349.8844,0.041458592,1.150385301
2.5755,2.588,0.85,3.9228,2.968,0.15,349.9061,0.036544057,1.177146166
2.5755,2.588,0.86,3.9228,2.968,0.14,349.9341,0.031924933,1.204313746
2.5755,2.588,0.87,3.9228,2.968,0.13,349.969,0.027615167,1.231889482
2.5755,2.588,0.88,3.9228,2.968,0.12,350.0116,0.023599332,1.259883273
2.5755,2.588,0.89,3.9228,2.968,0.11,350.0625,0.019890859,1.288298328
2.5755,2.588,0.9,3.9228,2.968,0.1,350.1224,0.016493236,1.317145227
2.5755,2.588,0.91,3.9228,2.968,0.09,350.1923,0.013409687,1.346425038
2.5755,2.588,0.92,3.9228,2.968,0.08,350.273,0.010623372,1.376145536
2.5755,2.588,0.93,3.9228,2.968,0.07,350.3657,0.008166563,1.406312651
2.5755,2.588,0.94,3.9228,2.968,0.06,350.4714,0.006021832,1.436932816
2.5755,2.588,0.95,3.9228,2.968,0.05,350.5914,0.004201163,1.468010284
2.5755,2.588,0.96,3.9228,2.968,0.04,350.7272,0.002696362,1.499551615
2.5755,2.588,0.97,3.9228,2.968,0.03,350.8801,0.001518846,1.531560692
2.5755,2.588,0.98,3.9228,2.968,0.02,351.052,0.000679769,1.564042978
2.5755,2.588,0.99,3.9228,2.968,0.01,351.2447,0.000169986,1.597002917
2.5755,2.588,1.0,3.9228,2.968,0.0,351.4603,0.0,1.630441779
3.9228,2.968,0.0,2.5755,2.588,1.0,351.4603,1.630441779,0.0
3.9228,2.968,0.01,2.5755,2.588,0.99,351.2447,1.597002917,0.000169986
3.9228,2.968,0.02,2.5755,2.588,0.98,351.052,1.564042978,0.000679769
3.9228,2.968,0.03,2.5755,2.588,0.97,350.8801,1.531560692,0.001518846
3.9228,2.968,0.04,2.5755,2.588,0.96,350.7272,1.499551615,0.002696362
3.9228,2.968,0.05,2.5755,2.588,0.95,350.5914,1.468010284,0.004201163
3.9228,2.968,0.06,2.5755,2.588,0.94,350.4714,1.436932816,0.006021832
3.9228,2.968,0.07,2.5755,2.588,0.93,350.3657,1.406312651,0.008166563
3.9228,2.968,0.08,2.5755,2.588,0.92,350.273,1.376145536,0.010623372
3.9228,2.968,0.09,2.5755,2.588,0.91,350.1923,1.346425038,0.013409687
3.9228,2.968,0.1,2.5755,2.588,0.9,350.1224,1.317145227,0.016493236
3.9228,2.968,0.11,2.5755,2.588,0.89,350.0625,1.288298328,0.019890859
3.9228,2.968,0.12,2.5755,2.588,0.88,350.0116,1.259883273,0.023599332
3.9228,2.968,0.13,2.5755,2.588,0.87,349.969,1.231889482,0.027615167
3.9228,2.968,0.14,2.5755,2.588,0.86,349.9341,1.204313746,0.031924933
3.9228,2.968,0.15,2.5755,2.588,0.85,349.9061,1.177146166,0.036544057
3.9228,2.968,0.16,2.5755,2.588,0.84,349.8844,1.150385301,0.041458592
3.9228,2.968,0.17,2.5755,2.588,0.83,349.8686,1.124023342,0.04667364
3.9228,2.968,0.18,2.5755,2.588,0.82,349.8581,1.098055467,0.052193889
3.9228,2.968,0.19,2.5755,2.588,0.81,349.8525,1.072473631,0.058004722
3.9228,2.968,0.2,2.5755,2.588,0.8,349.8513,1.047273379,0.064110304
3.9228,2.968,0.21,2.5755,2.588,0.79,349.8543,1.022447331,0.070505061
3.9228,2.968,0.22,2.5755,2.588,0.78,349.8609,0.99799237,0.077201753
3.9228,2.968,0.23,2.5755,2.588,0.77,349.871,0.973902821,0.084184886
3.9228,2.968,0.24,2.5755,2.588,0.76,349.8842,0.950170283,0.091466438
3.9228,2.968,0.25,2.5755,2.588,0.75,349.9003,0.926795365,0.099048638
3.9228,2.968,0.26,2.5755,2.588,0.74,349.919,0.903768657,0.106915306
3.9228,2.968,0.27,2.5755,2.588,0.73,349.94,0.881082119,0.115077156
3.9228,2.968,0.28,2.5755,2.588,0.72,349.9633,0.858737887,0.123535348
3.9228,2.968,0.29,2.5755,2.588,0.71,349.9887,0.836727909,0.132290623
3.9228,2.968,0.3,2.5755,2.588,0.7,350.0158,0.815046178,0.1413433
3.9228,2.968,0.31,2.5755,2.588,0.69,350.0447,0.793689105,0.150693281
3.9228,2.968,0.32,2.5755,2.588,0.68,350.0752,0.7726559,0.160340057
3.9228,2.968,0.33,2.5755,2.588,0.67,350.1071,0.751934822,0.170282713
3.9228,2.968,0.34,2.5755,2.588,0.66,350.1403,0.731526193,0.180536631
3.9228,2.968,0.35,2.5755,2.588,0.65,350.1749,0.711429044,0.191091323
3.9228,2.968,0.36,2.5755,2.588,0.64,350.2106,0.691631032,0.201952601
3.9228,2.968,0.37,2.5755,2.588,0.63,350.2474,0.672138026,0.213117458
3.9228,2.968,0.38,2.5755,2.588,0.62,350.2852,0.652939581,0.224598492
3.9228,2.968,0.39,2.5755,2.588,0.61,350.3241,0.634028612,0.23639141
3.9228,2.968,0.4,2.5755,2.588,0.6,350.364,0.61541264,0.248499359
3.9228,2.968,0.41,2.5755,2.588,0.59,350.4048,0.597082216,0.260932471
3.9228,2.968,0.42,2.5755,2.588,0.58,350.4466,0.57903739,0.273684563
3.9228,2.968,0.43,2.5755,2.588,0.57,350.4893,0.561271559,0.286764151
3.9228,2.968,0.44,2.5755,2.588,0.56,350.533,0.543782529,0.300171257
3.9228,2.968,0.45,2.5755,2.588,0.55,350.5777,0.526567074,0.313919832
3.9228,2.968,0.46,2.5755,2.588,0.54,350.6234,0.509620898,0.32800074
3.9228,2.968,0.47,2.5755,2.588,0.53,350.6701,0.492950817,0.342425907
3.9228,2.968,0.48,2.5755,2.588,0.52,350.7179,0.476538481,0.357205803
3.9228,2.968,0.49,2.5755,2.588,0.51,350.7669,0.460401425,0.372335672
3.9228,2.968,0.5,2.5755,2.588,0.5,350.8172,0.444519141,0.387823744
3.9228,2.968,0.51,2.5755,2.588,0.49,350.8689,0.428901648,0.403676843
3.9228,2.968,0.52,2.5755,2.588,0.48,350.922,0.413539092,0.419900416
3.9228,2.968,0.53,2.5755,2.588,0.47,350.9767,0.398440493,0.436498551
3.9228,2.968,0.54,2.5755,2.588,0.46,351.0331,0.383594344,0.453486723
3.9228,2.968,0.55,2.5755,2.588,0.45,351.0914,0.369001657,0.470865758
3.9228,2.968,0.56,2.5755,2.588,0.44,351.1519,0.354662921,0.488641363
3.9228,2.968,0.57,2.5755,2.588,0.43,351.2145,0.340570968,0.506817602
3.9228,2.968,0.58,2.5755,2.588,0.42,351.2797,0.326739311,0.525414684
3.9228,2.968,0.59,2.5755,2.588,0.41,351.3477,0.313152431,0.544432532
3.9228,2.968,0.6,2.5755,2.588,0.4,351.4186,0.299823071,0.563875275
3.9228,2.968,0.61,2.5755,2.588,0.39,351.4929,0.286734123,0.583767488
3.9228,2.968,0.62,2.5755,2.588,0.38,351.5709,0.273905104,0.604102829
3.9228,2.968,0.63,2.5755,2.588,0.37,351.6529,0.261317563,0.624900459
3.9228,2.968,0.64,2.5755,2.588,0.36,351.7395,0.248982823,0.64616563
3.9228,2.968,0.65,2.5755,2.588,0.35,351.8309,0.236904435,0.66791142
3.9228,2.968,0.66,2.5755,2.588,0.34,351.9278,0.225069695,0.690147687
3.9228,2.968,0.67,2.5755,2.588,0.33,352.0308,0.213489097,0.712890983
3.9228,2.968,0.68,2.5755,2.588,0.32,352.1405,0.202165033,0.736144408
3.9228,2.968,0.69,2.5755,2.588,0.31,352.2576,0.191091323,0.759922261
3.9228,2.968,0.7,2.5755,2.588,0.3,352.3829,0.180277803,0.784243951
3.9228,2.968,0.71,2.5755,2.588,0.29,352.5174,0.169717458,0.809115237
3.9228,2.968,0.72,2.5755,2.588,0.28,352.662,0.159419632,0.834551252
3.9228,2.968,0.73,2.5755,2.588,0.27,352.8179,0.149393669,0.860566583
3.9228,2.968,0.74,2.5755,2.588,0.26,352.9865,0.139622802,0.887170833
3.9228,2.968,0.75,2.5755,2.588,0.25,353.1691,0.130133125,0.914376902
3.9228,2.968,0.76,2.5755,2.588,0.24,353.3674,0.12090704,0.942204062
3.9228,2.968,0.77,2.5755,2.588,0.23,353.5834,0.11196168,0.970661486
3.9228,2.968,0.78,2.5755,2.588,0.22,353.8192,0.103296387,0.999760177
3.9228,2.968,0.79,2.5755,2.588,0.21,354.0773,0.094919194,1.029512269
3.9228,2.968,0.8,2.5755,2.588,0.2,354.3605,0.08682886,1.059926899
3.9228,2.968,0.81,2.5755,2.588,0.19,354.6723,0.079042207,1.09101685
3.9228,2.968,0.82,2.5755,2.588,0.18,355.0164,0.07155758,1.122781187
3.9228,2.968,0.83,2.5755,2.588,0.17,355.3974,0.064382259,1.155232039
3.9228,2.968,0.84,2.5755,2.588,0.16,355.8206,0.057532788,1.188364628
3.9228,2.968,0.85,2.5755,2.588,0.15,356.2922,0.051006753,1.222171204
3.9228,2.968,0.86,2.5755,2.588,0.14,356.8197,0.044810829,1.256643999
3.9228,2.968,0.87,2.5755,2.588,0.13,357.4121,0.038970682,1.291758382
3.9228,2.968,0.88,2.5755,2.588,0.12,358.0801,0.033483131,1.327480755
3.9228,2.968,0.89,2.5755,2.588,0.11,358.8368,0.028363914,1.36376497
3.9228,2.968,0.9,2.5755,2.588,0.1,359.6986,0.023618866,1.400542374
3.9228,2.968,0.91,2.5755,2.588,0.09,360.6854,0.019263266,1.437716772
3.9228,2.968,0.92,2.5755,2.588,0.08,361.8226,0.015322016,1.475154237
3.9228,2.968,0.93,2.5755,2.588,0.07,363.1426,0.011800104,1.512680286
3.9228,2.968,0.94,2.5755,2.588,0.06,364.6872,0.008711941,1.550044532
3.9228,2.968,0.95,2.5755,2.588,0.05,366.5118,0.006071531,1.586910055
3.9228,2.968,0.96,2.5755,2.588,0.04,368.6909,0.003892415,1.622814052
3.9228,2.968,0.97,2.5755,2.588,0.03,371.3275,0.002187605,1.657101728
3.9228,2.968,0.98,2.5755,2.588,0.02,374.568,0.00096953,1.688855194
3.9228,2.968,0.99,2.5755,2.588,0.01,378.626,0.000239971,1.716752118
3.9228,2.968,1.0,2.5755,2.588,0.0,383.829,0.0,1.73885435
3.9243,3.668,0.0,3.9228,2.968,1.0,383.829,1.401256863,0.0
3.9243,3.668,0.01,3.9228,2.968,0.99,383.099,1.360242951,0.000219976
3.9243,3.668,0.02,3.9228,2.968,0.98,382.465,1.319988947,0.000879613
3.9243,3.668,0.03,3.9228,2.968,0.97,381.913,1.280572669,0.001948101
3.9243,3.668,0.04,3.9228,2.968,0.96,381.431,1.242039968,0.003414165
3.9243,3.668,0.05,3.9228,2.968,0.95,381.007,1.204418705,0.00526611
3.9243,3.668,0.06,3.9228,2.968,0.94,380.634,1.167727819,0.007491866
3.9243,3.668,0.07,3.9228,2.968,0.93,380.304,1.131972916,0.010059236
3.9243,3.668,0.08,3.9228,2.968,0.92,380.012,1.097144545,0.012975454
3.9243,3.668,0.09,3.9228,2.968,0.91,379.754,1.063237238,0.016207939
3.9243,3.668,0.1,3.9228,2.968,0.9,379.523,1.030240653,0.019763411
3.9243,3.668,0.11,3.9228,2.968,0.89,379.319,0.998132436,0.023609099
3.9243,3.668,0.12,3.9228,2.968,0.88,379.136,0.96689639,0.027751345
3.9243,3.668,0.13,3.9228,2.968,0.87,378.973,0.936508959,0.032167048
3.9243,3.668,0.14,3.9228,2.968,0.86,378.827,0.906955292,0.036852527
3.9243,3.668,0.15,3.9228,2.968,0.85,378.697,0.878206653,0.041803912
3.9243,3.668,0.16,3.9228,2.968,0.84,378.581,0.850249215,0.046998083
3.9243,3.668,0.17,3.9228,2.968,0.83,378.477,0.823052005,0.052431147
3.9243,3.668,0.18,3.9228,2.968,0.82,378.385,0.796596872,0.058099082
3.9243,3.668,0.19,3.9228,2.968,0.81,378.303,0.770862567,0.06399775
3.9243,3.668,0.2,3.9228,2.968,0.8,378.229,0.745829759,0.070113577
3.9243,3.668,0.21,3.9228,2.968,0.79,378.164,0.721472212,0.076433124
3.9243,3.668,0.22,3.9228,2.968,0.78,378.107,0.697776449,0.082970725
3.9243,3.668,0.23,3.9228,2.968,0.77,378.057,0.674723502,0.089694441
3.9243,3.668,0.24,3.9228,2.968,0.76,378.013,0.652288727,0.096627494
3.9243,3.668,0.25,3.9228,2.968,0.75,377.975,0.630457616,0.1037382
3.9243,3.668,0.26,3.9228,2.968,0.74,377.942,0.609216508,0.111040355
3.9243,3.668,0.27,3.9228,2.968,0.73,377.915,0.588536384,0.118511659
3.9243,3.668,0.28,3.9228,2.968,0.72,377.892,0.568416944,0.126165582
3.9243,3.668,0.29,3.9228,2.968,0.71,377.874,0.548832139,0.133988788
3.9243,3.668,0.3,3.9228,2.968,0.7,377.86,0.529769059,0.141976879
3.9243,3.668,0.31,3.9228,2.968,0.69,377.85,0.511217547,0.150125447
3.9243,3.668,0.32,3.9228,2.968,0.68,377.844,0.493158475,0.158438616
3.9243,3.668,0.33,3.9228,2.968,0.67,377.842,0.475581792,0.166903304
3.9243,3.668,0.34,3.9228,2.968,0.66,377.843,0.458468606,0.175523502
3.9243,3.668,0.35,3.9228,2.968,0.65,377.847,0.441816324,0.184286292
3.9243,3.668,0.36,3.9228,2.968,0.64,377.856,0.425607547,0.193203797
3.9243,3.668,0.37,3.9228,2.968,0.63,377.867,0.409835544,0.202254895
3.9243,3.668,0.38,3.9228,2.968,0.62,377.882,0.394478307,0.211451464
3.9243,3.668,0.39,3.9228,2.968,0.61,377.9,0.379538568,0.220780762
3.9243,3.668,0.4,3.9228,2.968,0.6,377.921,0.36500416,0.230254211
3.9243,3.668,0.41,3.9228,2.968,0.59,377.945,0.350854035,0.239851198
3.9243,3.668,0.42,3.9228,2.968,0.58,377.972,0.337093472,0.24958293
3.9243,3.668,0.43,3.9228,2.968,0.57,378.003,0.323698137,0.259444622
3.9243,3.668,0.44,3.9228,2.968,0.56,378.037,0.310678125,0.26943154
3.9243,3.668,0.45,3.9228,2.968,0.55,378.074,0.298013519,0.279539008
3.9243,3.668,0.46,3.9228,2.968,0.54,378.114,0.285697605,0.289769891
3.9243,3.668,0.47,3.9228,2.968,0.53,378.158,0.273722591,0.300126814
3.9243,3.668,0.48,3.9228,2.968,0.52,378.206,0.262079609,0.310597497
3.9243,3.668,0.49,3.9228,2.968,0.51,378.257,0.2507665,0.321184545
3.9243,3.668,0.5,3.9228,2.968,0.5,378.311,0.23977252,0.331890327
3.9243,3.668,0.51,3.9228,2.968,0.49,378.369,0.229093813,0.342702786
3.9243,3.668,0.52,3.9228,2.968,0.48,378.431,0.218725807,0.353631317
3.9243,3.668,0.53,3.9228,2.968,0.47,378.497,0.208655099,0.364670891
3.9243,3.668,0.54,3.9228,2.968,0.46,378.567,0.198883645,0.375823436
3.9243,3.668,0.55,3.9228,2.968,0.45,378.641,0.189404745,0.38707708
3.9243,3.668,0.56,3.9228,2.968,0.44,378.72,0.180202647,0.398433779
3.9243,3.668,0.57,3.9228,2.968,0.43,378.803,0.171285887,0.409901918
3.9243,3.668,0.58,3.9228,2.968,0.42,378.891,0.162645921,0.421469682
3.9243,3.668,0.59,3.9228,2.968,0.41,378.983,0.154273529,0.433138639
3.9243,3.668,0.6,3.9228,2.968,0.4,379.081,0.14616747,0.444910155
3.9243,3.668,0.61,3.9228,2.968,0.39,379.183,0.138317421,0.456779069
3.9243,3.668,0.62,3.9228,2.968,0.38,379.291,0.130721198,0.46874659
3.9243,3.668,0.63,3.9228,2.968,0.37,379.405,0.123385093,0.480807556
3.9243,3.668,0.64,3.9228,2.968,0.36,379.524,0.116288586,0.492963033
3.9243,3.668,0.65,3.9228,2.968,0.35,379.65,0.109446158,0.505219941
3.9243,3.668,0.66,3.9228,2.968,0.34,379.782,0.102836333,0.517560891
3.9243,3.668,0.67,3.9228,2.968,0.33,379.92,0.096464059,0.529992755
3.9243,3.668,0.68,3.9228,2.968,0.32,380.065,0.090325047,0.542521946
3.9243,3.668,0.69,3.9228,2.968,0.31,380.217,0.084414675,0.555131463
3.9243,3.668,0.7,3.9228,2.968,0.3,380.377,0.078727998,0.56783336
3.9243,3.668,0.71,3.9228,2.968,0.29,380.544,0.073269049,0.580616577
3.9243,3.668,0.72,3.9228,2.968,0.28,380.719,0.068023068,0.593487053
3.9243,3.668,0.73,3.9228,2.968,0.27,380.903,0.063002968,0.606433941
3.9243,3.668,0.74,3.9228,2.968,0.26,381.095,0.058183999,0.619468347
3.9243,3.668,0.75,3.9228,2.968,0.25,381.296,0.053588159,0.632579432
3.9243,3.668,0.76,3.9228,2.968,0.24,381.507,0.049190084,0.645772514
3.9243,3.668,0.77,3.9228,2.968,0.23,381.728,0.045002046,0.659036986
3.9243,3.668,0.78,3.9228,2.968,0.22,381.959,0.041017175,0.672383091
3.9243,3.668,0.79,3.9228,2.968,0.21,382.201,0.037228345,0.685795221
3.9243,3.668,0.8,3.9228,2.968,0.2,382.454,0.03363785,0.699283316
3.9243,3.668,0.81,3.9228,2.968,0.19,382.719,0.030247885,0.712837056
3.9243,3.668,0.82,3.9228,2.968,0.18,382.996,0.027041072,0.72646106
3.9243,3.668,0.83,3.9228,2.968,0.17,383.286,0.024028978,0.740150034
3.9243,3.668,0.84,3.9228,2.968,0.16,383.59,0.021203606,0.753903558
3.9243,3.668,0.85,3.9228,2.968,0.15,383.907,0.01856657,0.767721116
3.9243,3.668,0.86,3.9228,2.968,0.14,384.24,0.016119382,0.781592945
3.9243,3.668,0.87,3.9228,2.968,0.13,384.587,0.013843732,0.795523247
3.9243,3.668,0.88,3.9228,2.968,0.12,384.951,0.011750689,0.809506982
3.9243,3.668,0.89,3.9228,2.968,0.11,385.332,0.009841414,0.823543664
3.9243,3.668,0.9,3.9228,2.968,0.1,385.73,0.008107049,0.837628404
3.9243,3.668,0.91,3.9228,2.968,0.09,386.147,0.006538577,0.851760744
3.9243,3.668,0.92,3.9228,2.968,0.08,386.584,0.005146733,0.865935944
3.9243,3.668,0.93,3.9228,2.968,0.07,387.041,0.003932259,0.880149432
3.9243,3.668,0.94,3.9228,2.968,0.06,387.519,0.002875861,0.894400888
3.9243,3.668,0.95,3.9228,2.968,0.05,388.019,0.001988023,0.908685888
3.9243,3.668,0.96,3.9228,2.968,0.04,388.543,0.001269194,0.9229962
3.9243,3.668,0.97,3.9228,2.968,0.03,389.092,0.000709748,0.937335724
3.9243,3.668,0.98,3.9228,2.968,0.02,389.667,0.000319949,0.951696485
3.9243,3.668,0.99,3.9228,2.968,0.01,390.269,7.9997e-05,0.966074688
3.9243,3.668,1.0,3.9228,2.968,0.0,390.899,0.0,0.980462936
3.9228,2.968,0.0,3.9243,3.668,1.0,390.899,0.980462936,0.0
3.9228,2.968,0.01,3.9243,3.668,0.99,390.269,0.966074688,7.9997e-05
3.9228,2.968,0.02,3.9243,3.668,0.98,389.667,0.951696485,0.000319949
3.9228,2.968,0.03,3.9243,3.668,0.97,389.092,0.937335724,0.000709748
3.9228,2.968,0.04,3.9243,3.668,0.96,388.543,0.9229962,0.001269194
3.9228,2.968,0.05,3.9243,3.668,0.95,388.019,0.908685888,0.001988023
3.9228,2.968,0.06,3.9243,3.668,0.94,387.519,0.894400888,0.002875861
3.9228,2.968,0.07,3.9243,3.668,0.93,387.041,0.880149432,0.003932259
3.9228,2.968,0.08,3.9243,3.668,0.92,386.584,0.865935944,0.005146733
3.9228,2.968,0.09,3.9243,3.668,0.91,386.147,0.851760744,0.006538577
3.9228,2.968,0.1,3.9243,3.668,0.9,385.73,0.837628404,0.008107049
3.9228,2.968,0.11,3.9243,3.668,0.89,385.332,0.823543664,0.009841414
3.9228,2.968,0.12,3.9243,3.668,0.88,384.951,0.809506982,0.011750689
3.9228,2.968,0.13,3.9243,3.668,0.87,384.587,0.795523247,0.013843732
3.9228,2.968,0.14,3.9243,3.668,0.86,384.24,0.781592945,0.016119382
3.9228,2.968,0.15,3.9243,3.668,0.85,383.907,0.767721116,0.01856657
3.9228,2.968,0.16,3.9243,3.668,0.84,383.59,0.753903558,0.021203606
3.9228,2.968,0.17,3.9243,3.668,0.83,383.286,0.740150034,0.024028978
3.9228,2.968,0.18,3.9243,3.668,0.82,382.996,0.72646106,0.027041072
3.9228,2.968,0.19,3.9243,3.668,0.81,382.719,0.712837056,0.030247885
3.9228,2.968,0.2,3.9243,3.668,0.8,382.454,0.699283316,0.03363785
3.9228,2.968,0.21,3.9243,3.668,0.79,382.201,0.685795221,0.037228345
3.9228,2.968,0.22,3.9243,3.668,0.78,381.959,0.672383091,0.041017175
3.9228,2.968,0.23,3.9243,3.668,0.77,381.728,0.659036986,0.045002046
3.9228,2.968,0.24,3.9243,3.668,0.76,381.507,0.645772514,0.049190084
3.9228,2.968,0.25,3.9243,3.668,0.75,381.296,0.632579432,0.053588159
3.9228,2.968,0.26,3.9243,3.668,0.74,381.095,0.619468347,0.058183999
3.9228,2.968,0.27,3.9243,3.668,0.73,380.903,0.606433941,0.063002968
3.9228,2.968,0.28,3.9243,3.668,0.72,380.719,0.593487053,0.068023068
3.9228,2.968,0.29,3.9243,3.668,0.71,380.544,0.580616577,0.073269049
3.9228,2.968,0.3,3.9243,3.668,0.7,380.377,0.56783336,0.078727998
3.9228,2.968,0.31,3.9243,3.668,0.69,380.217,0.555131463,0.084414675
3.9228,2.968,0.32,3.9243,3.668,0.68,380.065,0.542521946,0.090325047
3.9228,2.968,0.33,3.9243,3.668,0.67,379.92,0.529992755,0.096464059
3.9228,2.968,0.34,3.9243,3.668,0.66,379.782,0.517560891,0.102836333
3.9228,2.968,0.35,3.9243,3.668,0.65,379.65,0.505219941,0.109446158
3.9228,2.968,0.36,3.9243,3.668,0.64,379.524,0.492963033,0.116288586
3.9228,2.968,0.37,3.9243,3.668,0.63,379.405,0.480807556,0.123385093
3.9228,2.968,0.38,3.9243,3.668,0.62,379.291,0.46874659,0.130721198
3.9228,2.968,0.39,3.9243,3.668,0.61,379.183,0.456779069,0.138317421
3.9228,2.968,0.4,3.9243,3.668,0.6,379.081,0.444910155,0.14616747
3.9228,2.968,0.41,3.9243,3.668,0.59,378.983,0.433138639,0.154273529
3.9228,2.968,0.42,3.9243,3.668,0.58,378.891,0.421469682,0.162645921
3.9228,2.968,0.43,3.9243,3.668,0.57,378.803,0.409901918,0.171285887
3.9228,2.968,0.44,3.9243,3.668,0.56,378.72,0.398433779,0.180202647
3.9228,2.968,0.45,3.9243,3.668,0.55,378.641,0.38707708,0.189404745
3.9228,2.968,0.46,3.9243,3.668,0.54,378.567,0.375823436,0.198883645
3.9228,2.968,0.47,3.9243,3.668,0.53,378.497,0.364670891,0.208655099
3.9228,2.968,0.48,3.9243,3.668,0.52,378.431,0.353631317,0.218725807
3.9228,2.968,0.49,3.9243,3.668,0.51,378.369,0.342702786,0.229093813
3.9228,2.968,0.5,3.9243,3.668,0.5,378.311,0.331890327,0.23977252
3.9228,2.968,0.51,3.9243,3.668,0.49,378.257,0.321184545,0.2507665
3.9228,2.968,0.52,3.9243,3.668,0.48,378.206,0.310597497,0.262079609
3.9228,2.968,0.53,3.9243,3.668,0.47,378.158,0.300126814,0.273722591
3.9228,2.968,0.54,3.9243,3.668,0.46,378.114,0.289769891,0.285697605
3.9228,2.968,0.55,3.9243,3.668,0.45,378.074,0.279539008,0.298013519
3.9228,2.968,0.56,3.9243,3.668,0.44,378.037,0.26943154,0.310678125
3.9228,2.968,0.57,3.9243,3.668,0.43,378.003,0.259444622,0.323698137
3.9228,2.968,0.58,3.9243,3.668,0.42,377.972,0.24958293,0.337093472
3.9228,2.968,0.59,3.9243,3.668,0.41,377.945,0.239851198,0.350854035
3.9228,2.968,0.6,3.9243,3.668,0.4,377.921,0.230254211,0.36500416
3.9228,2.968,0.61,3.9243,3.668,0.39,377.9,0.220780762,0.379538568
3.9228,2.968,0.62,3.9243,3.668,0.38,377.882,0.211451464,0.394478307
3.9228,2.968,0.63,3.9243,3.668,0.37,377.867,0.202254895,0.409835544
3.9228,2.968,0.64,3.9243,3.668,0.36,377.856,0.193203797,0.425607547
3.9228,2.968,0.65,3.9243,3.668,0.35,377.847,0.184286292,0.441816324
3.9228,2.968,0.66,3.9243,3.668,0.34,377.843,0.175523502,0.458468606
3.9228,2.968,0.67,3.9243,3.668,0.33,377.842,0.166903304,0.475581792
3.9228,2.968,0.68,3.9243,3.668,0.32,377.844,0.158438616,0.493158475
3.9228,2.968,0.69,3.9243,3.668,0.31,377.85,0.150125447,0.511217547
3.9228,2.968,0.7,3.9243,3.668,0.3,377.86,0.141976879,0.529769059
3.9228,2.968,0.71,3.9243,3.668,0.29,377.874,0.133988788,0.548832139
3.9228,2.968,0.72,3.9243,3.668,0.28,377.892,0.126165582,0.568416944
3.9228,2.968,0.73,3.9243,3.668,0.27,377.915,0.118511659,0.588536384
3.9228,2.968,0.74,3.9243,3.668,0.26,377.942,0.111040355,0.609216508
3.9228,2.968,0.75,3.9243,3.668,0.25,377.975,0.1037382,0.630457616
3.9228,2.968,0.76,3.9243,3.668,0.24,378.013,0.096627494,0.652288727
3.9228,2.968,0.77,3.9243,3.668,0.23,378.057,0.089694441,0.674723502
3.9228,2.968,0.78,3.9243,3.668,0.22,378.107,0.082970725,0.697776449
3.9228,2.968,0.79,3.9243,3.668,0.21,378.164,0.076433124,0.721472212
3.9228,2.968,0.8,3.9243,3.668,0.2,378.229,0.070113577,0.745829759
3.9228,2.968,0.81,3.9243,3.668,0.19,378.303,0.06399775,0.770862567
3.9228,2.968,0.82,3.9243,3.668,0.18,378.385,0.058099082,0.796596872
3.9228,2.968,0.83,3.9243,3.668,0.17,378.477,0.052431147,0.823052005
3.9228,2.968,0.84,3.9243,3.668,0.16,378.581,0.046998083,0.850249215
3.9228,2.968,0.85,3.9243,3.668,0.15,378.697,0.041803912,0.878206653
3.9228,2.968,0.86,3.9243,3.668,0.14,378.827,0.036852527,0.906955292
3.9228,2.968,0.87,3.9243,3.668,0.13,378.973,0.032167048,0.936508959
3.9228,2.968,0.88,3.9243,3.668,0.12,379.136,0.027751345,0.96689639
3.9228,2.968,0.89,3.9243,3.668,0.11,379.319,0.023609099,0.998132436
3.9228,2.968,0.9,3.9243,3.668,0.1,379.523,0.019763411,1.030240653
3.9228,2.968,0.91,3.9243,3.668,0.09,379.754,0.016207939,1.063237238
3.9228,2.968,0.92,3.9243,3.668,0.08,380.012,0.012975454,1.097144545
3.9228,2.968,0.93,3.9243,3.668,0.07,380.304,0.010059236,1.131972916
3.9228,2.968,0.94,3.9243,3.668,0.06,380.634,0.007491866,1.167727819
3.9228,2.968,0.95,3.9243,3.668,0.05,381.007,0.00526611,1.204418705
3.9228,2.968,0.96,3.9243,3.668,0.04,381.431,0.003414165,1.242039968
3.9228,2.968,0.97,3.9243,3.668,0.03,381.913,0.001948101,1.280572669
3.9228,2.968,0.98,3.9243,3.668,0.02,382.465,0.000879613,1.319988947
3.9228,2.968,0.99,3.9243,3.668,0.01,383.099,0.000219976,1.360242951
3.9228,2.968,1.0,3.9243,3.668,0.0,383.829,0.0,1.401256863
1.4311,1.432,0.0,3.1878,2.4,1.0,353.2785,2.380258843,0.0
1.4311,1.432,0.01,3.1878,2.4,0.99,348.1898,2.330307258,0.000419912
1.4311,1.432,0.02,3.1878,2.4,0.98,344.5353,2.271275008,0.00167859
1.4311,1.432,0.03,3.1878,2.4,0.97,341.8238,2.207518084,0.003762911
1.4311,1.432,0.04,3.1878,2.4,0.96,339.7607,2.14164844,0.006608118
1.4311,1.432,0.05,3.1878,2.4,0.95,338.1597,2.075257802,0.010187926
1.4311,1.432,0.06,3.1878,2.4,0.94,336.8974,2.009330188,0.014455021
1.4311,1.432,0.07,3.1878,2.4,0.93,335.8894,1.944474834,0.019351545
1.4311,1.432,0.08,3.1878,2.4,0.92,335.0757,1.881060722,0.024848698
1.4311,1.432,0.09,3.1878,2.4,0.91,334.4131,1.819303298,0.030907407
1.4311,1.432,0.1,3.1878,2.4,0.9,333.8696,1.759322362,0.037498076
1.4311,1.432,0.11,3.1878,2.4,0.89,333.4209,1.701168968,0.044571755
1.4311,1.432,0.12,3.1878,2.4,0.88,333.0486,1.644851387,0.052117954
1.4311,1.432,0.13,3.1878,2.4,0.87,332.7382,1.590350909,0.060097424
1.4311,1.432,0.14,3.1878,2.4,0.86,332.4784,1.537630369,0.068508754
1.4311,1.432,0.15,3.1878,2.4,0.85,332.2603,1.486639571,0.077303575
1.4311,1.432,0.16,3.1878,2.4,0.84,332.0767,1.437324871,0.086489574
1.4311,1.432,0.17,3.1878,2.4,0.83,331.9207,1.389628796,0.096037188
1.4311,1.432,0.18,3.1878,2.4,0.82,331.7874,1.343488629,0.105926356
1.4311,1.432,0.19,3.1878,2.4,0.81,331.6841,1.298825607,0.116146141
1.4311,1.432,0.2,3.1878,2.4,0.8,331.5846,1.255618886,0.126703133
1.4311,1.432,0.21,3.1878,2.4,0.79,331.5042,1.213781541,0.137559519
1.4311,1.432,0.22,3.1878,2.4,0.78,331.4357,1.173265112,0.148713066
1.4311,1.432,0.23,3.1878,2.4,0.77,331.3767,1.134014824,0.160161152
1.4311,1.432,0.24,3.1878,2.4,0.76,331.3262,1.095982166,0.171892361
1.4311,1.432,0.25,3.1878,2.4,0.75,331.2827,1.059112337,0.183895318
1.4311,1.432,0.26,3.1878,2.4,0.74,331.2449,1.02336418,0.196166932
1.4311,1.432,0.27,3.1878,2.4,0.73,331.2129,0.98868953,0.208703798
1.4311,1.432,0.28,3.1878,2.4,0.72,331.1839,0.955053648,0.221494192
1.4311,1.432,0.29,3.1878,2.4,0.71,331.1588,0.922407983,0.234526519
1.4311,1.432,0.3,3.1878,2.4,0.7,331.1365,0.890718533,0.247812749
1.4311,1.432,0.31,3.1878,2.4,0.69,331.1167,0.859948926,0.261332964
1.4311,1.432,0.32,3.1878,2.4,0.68,331.0987,0.830070315,0.275090632
1.4311,1.432,0.33,3.1878,2.4,0.67,331.0822,0.801041483,0.289081093
1.4311,1.432,0.34,3.1878,2.4,0.66,331.067,0.772845213,0.303306867
1.4311,1.432,0.35,3.1878,2.4,0.65,331.0529,0.745440725,0.317755305
1.4311,1.432,0.36,3.1878,2.4,0.64,331.0396,0.718805181,0.332428357
1.4311,1.432,0.37,3.1878,2.4,0.63,331.0269,0.692912153,0.347327391
1.4311,1.432,0.38,3.1878,2.4,0.62,331.0147,0.667742189,0.362439298
1.4311,1.432,0.39,3.1878,2.4,0.61,331.0028,0.643263419,0.377778685
1.4311,1.432,0.4,3.1878,2.4,0.6,330.9913,0.619462965,0.393325048
1.4311,1.432,0.41,3.1878,2.4,0.59,330.98,0.596316846,0.409098499
1.4311,1.432,0.42,3.1878,2.4,0.58,330.9689,0.573806057,0.425078175
1.4311,1.432,0.43,3.1878,2.4,0.57,330.9579,0.551906145,0.441276169
1.4311,1.432,0.44,3.1878,2.4,0.56,330.9528,0.530610604,0.45767798
1.4311,1.432,0.45,3.1878,2.4,0.55,330.9365,0.509891187,0.474306857
1.4311,1.432,0.46,3.1878,2.4,0.54,330.926,0.489738852,0.491147269
1.4311,1.432,0.47,3.1878,2.4,0.53,330.9158,0.470134871,0.50819617
1.4311,1.432,0.48,3.1878,2.4,0.52,330.9058,0.45106288,0.525461988
1.4311,1.432,0.49,3.1878,2.4,0.51,330.8962,0.432522402,0.54293457
1.4311,1.432,0.5,3.1878,2.4,0.5,330.8869,0.414484313,0.560626705
1.4311,1.432,0.51,3.1878,2.4,0.49,330.8781,0.396935501,0.578532869
1.4311,1.432,0.52,3.1878,2.4,0.48,330.8699,0.379880598,0.596658306
1.4311,1.432,0.53,3.1878,2.4,0.47,330.8624,0.363294983,0.614996432
1.4311,1.432,0.54,3.1878,2.4,0.46,330.8556,0.347171933,0.633556399
1.4311,1.432,0.55,3.1878,2.4,0.45,330.8497,0.331502766,0.652335603
1.4311,1.432,0.56,3.1878,2.4,0.44,330.8448,0.316269529,0.671330927
1.4311,1.432,0.57,3.1878,2.4,0.43,330.8412,0.301474025,0.690553821
1.4311,1.432,0.58,3.1878,2.4,0.42,330.8388,0.287101904,0.710004298
1.4311,1.432,0.59,3.1878,2.4,0.41,330.8379,0.273144411,0.729676776
1.4311,1.432,0.6,3.1878,2.4,0.4,330.8387,0.259598906,0.749584223
1.4311,1.432,0.61,3.1878,2.4,0.39,330.8413,0.24644593,0.769719257
1.4311,1.432,0.62,3.1878,2.4,0.38,330.846,0.233687765,0.790092387
1.4311,1.432,0.63,3.1878,2.4,0.37,330.8529,0.221317886,0.810699078
1.4311,1.432,0.64,3.1878,2.4,0.36,330.8624,0.209328562,0.831547327
1.4311,1.432,0.65,3.1878,2.4,0.35,330.8745,0.197710865,0.852639284
1.4311,1.432,0.66,3.1878,2.4,0.34,330.8897,0.186462969,0.87398013
1.4311,1.432,0.67,3.1878,2.4,0.33,330.9081,0.175573842,0.895573607
1.4311,1.432,0.68,3.1878,2.4,0.32,330.9301,0.16503975,0.917418096
1.4311,1.432,0.69,3.1878,2.4,0.31,330.9559,0.154864711,0.939522766
1.4311,1.432,0.7,3.1878,2.4,0.3,330.986,0.145034972,0.961891052
1.4311,1.432,0.71,3.1878,2.4,0.29,331.0207,0.135544365,0.984524916
1.4311,1.432,0.72,3.1878,2.4,0.28,331.0603,0.126394737,1.007432235
1.4311,1.432,0.73,3.1878,2.4,0.27,331.1054,0.11757857,1.030618918
1.4311,1.432,0.74,3.1878,2.4,0.26,331.1563,0.109096528,1.054085523
1.4311,1.432,0.75,3.1878,2.4,0.25,331.2135,0.100948798,1.077841393
1.4311,1.432,0.76,3.1878,2.4,0.24,331.2776,0.093116867,1.101893566
1.4311,1.432,0.77,3.1878,2.4,0.23,331.3491,0.085608727,1.126243668
1.4311,1.432,0.78,3.1878,2.4,0.22,331.4286,0.078422935,1.150904251
1.4311,1.432,0.79,3.1878,2.4,0.21,331.5169,0.07155758,1.175875753
1.4311,1.432,0.8,3.1878,2.4,0.2,331.6146,0.065010285,1.201168877
1.4311,1.432,0.81,3.1878,2.4,0.19,331.7226,0.058768783,1.226791467
1.4311,1.432,0.82,3.1878,2.4,0.18,331.8416,0.052848584,1.25275154
1.4311,1.432,0.83,3.1878,2.4,0.17,331.9726,0.047236577,1.279054302
1.4311,1.432,0.84,3.1878,2.4,0.16,332.1168,0.041938171,1.305713175
1.4311,1.432,0.85,3.1878,2.4,0.15,332.2751,0.036948904,1.332735344
1.4311,1.432,0.86,3.1878,2.4,0.14,332.4489,0.032273561,1.360130041
1.4311,1.432,0.87,3.1878,2.4,0.13,332.6395,0.027906953,1.387908058
1.4311,1.432,0.88,3.1878,2.4,0.12,332.8485,0.023853236,1.416081293
1.4311,1.432,0.89,3.1878,2.4,0.11,333.0776,0.020106503,1.444657604
1.4311,1.432,0.9,3.1878,2.4,0.1,333.3287,0.016670276,1.473652553
1.4311,1.432,0.91,3.1878,2.4,0.09,333.6039,0.013557678,1.503079121
1.4311,1.432,0.92,3.1878,2.4,0.08,333.9056,0.01075199,1.53294772
1.4311,1.432,0.93,3.1878,2.4,0.07,334.2365,0.008265744,1.563274595
1.4311,1.432,0.94,3.1878,2.4,0.06,334.5995,0.006101349,1.594072466
1.4311,1.432,0.95,3.1878,2.4,0.05,334.9982,0.004250952,1.625356536
1.4311,1.432,0.96,3.1878,2.4,0.04,335.4364,0.002736253,1.657145586
1.4311,1.432,0.97,3.1878,2.4,0.03,335.9186,0.0015488,1.689453543
1.4311,1.432,0.98,3.1878,2.4,0.02,336.4499,0.000689762,1.722300418
1.4311,1.432,0.99,3.1878,2.4,0.01,337.0364,0.000169986,1.755703875
1.4311,1.432,1.0,3.1878,2.4,0.0,337.6848,0.0,1.789683984
3.1878,2.4,0.0,1.4311,1.432,1.0,337.6848,1.789683984,0.0
3.1878,2.4,0.01,1.4311,1.432,0.99,337.0364,1.755703875,0.000169986
3.1878,2.4,0.02,1.4311,1.432,0.98,336.4499,1.722300418,0.000689762
3.1878,2.4,0.03,1.4311,1.432,0.97,335.9186,1.689453543,0.0015488
3.1878,2.4,0.04,1.4311,1.432,0.96,335.4364,1.657145586,0.002736253
3.1878,2.4,0.05,1.4311,1.432,0.95,334.9982,1.625356536,0.004250952
3.1878,2.4,0.06,1.4311,1.432,0.94,334.5995,1.594072466,0.006101349
3.1878,2.4,0.07,1.4311,1.432,0.93,334.2365,1.563274595,0.008265744
3.1878,2.4,0.08,1.4311,1.432,0.92,333.9056,1.53294772,0.01075199
3.1878,2.4,0.09,1.4311,1.432,0.91,333.6039,1.503079121,0.013557678
3.1878,2.4,0.1,1.4311,1.432,0.9,333.3287,1.473652553,0.016670276
3.1878,2.4,0.11,1.4311,1.432,0.89,333.0776,1.444657604,0.020106503
3.1878,2.4,0.12,1.4311,1.432,0.88,332.8485,1.416081293,0.023853236
3.1878,2.4,0.13,1.4311,1.432,0.87,332.6395,1.387908058,0.027906953
3.1878,2.4,0.14,1.4311,1.432,0.86,332.4489,1.360130041,0.032273561
3.1878,2.4,0.15,1.4311,1.432,0.85,332.2751,1.332735344,0.036948904
3.1878,2.4,0.16,1.4311,1.432,0.84,332.1168,1.305713175,0.041938171
3.1878,2.4,0.17,1.4311,1.432,0.83,331.9726,1.279054302,0.047236577
3.1878,2.4,0.18,1.4311,1.432,0.82,331.8416,1.25275154,0.052848584
3.1878,2.4,0.19,1.4311,1.432,0.81,331.7226,1.226791467,0.058768783
3.1878,2.4,0.2,1.4311,1.432,0.8,331.6146,1.201168877,0.065010285
3.1878,2.4,0.21,1.4311,1.432,0.79,331.5169,1.175875753,0.07155758
3.1878,2.4,0.22,1.4311,1.432,0.78,331.4286,1.150904251,0.078422935
3.1878,2.4,0.23,1.4311,1.432,0.77,331.3491,1.126243668,0.085608727
3.1878,2.4,0.24,1.4311,1.432,0.76,331.2776,1.101893566,0.093116867
3.1878,2.4,0.25,1.4311,1.432,0.75,331.2135,1.077841393,0.100948798
3.1878,2.4,0.26,1.4311,1.432,0.74,331.1563,1.054085523,0.109096528
3.1878,2.4,0.27,1.4311,1.432,0.73,331.1054,1.030618918,0.11757857
3.1878,2.4,0.28,1.4311,1.432,0.72,331.0603,1.007432235,0.126394737
3.1878,2.4,0.29,1.4311,1.432,0.71,331.0207,0.984524916,0.135544365
3.1878,2.4,0.3,1.4311,1.432,0.7,330.986,0.961891052,0.145034972
3.1878,2.4,0.31,1.4311,1.432,0.69,330.9559,0.939522766,0.154864711
3.1878,2.4,0.32,1.4311,1.432,0.68,330.9301,0.917418096,0.16503975
3.1878,2.4,0.33,1.4311,1.432,0.67,330.9081,0.895573607,0.175573842
3.1878,2.4,0.34,1.4311,1.432,0.66,330.8897,0.87398013,0.186462969
3.1878,2.4,0.35,1.4311,1.432,0.65,330.8745,0.852639284,0.197710865
3.1878,2.4,0.36,1.4311,1.432,0.64,330.8624,0.831547327,0.209328562
3.1878,2.4,0.37,1.4311,1.432,0.63,330.8529,0.810699078,0.221317886
3.1878,2.4,0.38,1.4311,1.432,0.62,330.846,0.790092387,0.233687765
3.1878,2.4,0.39,1.4311,1.432,0.61,330.8413,0.769719257,0.24644593
3.1878,2.4,0.4,1.4311,1.432,0.6,330.8387,0.749584223,0.259598906
3.1878,2.4,0.41,1.4311,1.432,0.59,330.8379,0.729676776,0.273144411
3.1878,2.4,0.42,1.4311,1.432,0.58,330.8388,0.710004298,0.287101904
3.1878,2.4,0.43,1.4311,1.432,0.57,330.8412,0.690553821,0.301474025
3.1878,2.4,0.44,1.4311,1.432,0.56,330.8448,0.671330927,0.316269529
3.1878,2.4,0.45,1.4311,1.432,0.55,330.8497,0.652335603,0.331502766
3.1878,2.4,0.46,1.4311,1.432,0.54,330.8556,0.633556399,0.347171933
3.1878,2.4,0.47,1.4311,1.432,0.53,330.8624,0.614996432,0.363294983
3.1878,2.4,0.48,1.4311,1.432,0.52,330.8699,0.596658306,0.379880598
3.1878,2.4,0.49,1.4311,1.432,0.51,330.8781,0.578532869,0.396935501
3.1878,2.4,0.5,1.4311,1.432,0.5,330.8869,0.560626705,0.414484313
3.1878,2.4,0.51,1.4311,1.432,0.49,330.8962,0.54293457,0.432522402
3.1878,2.4,0.52,1.4311,1.432,0.48,330.9058,0.525461988,0.45106288
3.1878,2.4,0.53,1.4311,1.432,0.47,330.9158,0.50819617,0.470134871
3.1878,2.4,0.54,1.4311,1.432,0.46,330.926,0.491147269,0.489738852
3.1878,2.4,0.55,1.4311,1.432,0.45,330.9365,0.474306857,0.509891187
3.1878,2.4,0.56,1.4311,1.432,0.44,330.9528,0.45767798,0.530610604
3.1878,2.4,0.57,1.4311,1.432,0.43,330.9579,0.441276169,0.551906145
3.1878,2.4,0.58,1.4311,1.432,0.42,330.9689,0.425078175,0.573806057
3.1878,2.4,0.59,1.4311,1.432,0.41,330.98,0.409098499,0.596316846
3.1878,2.4,0.6,1.4311,1.432,0.4,330.9913,0.393325048,0.619462965
3.1878,2.4,0.61,1.4311,1.432,0.39,331.0028,0.377778685,0.643263419
3.1878,2.4,0.62,1.4311,1.432,0.38,331.0147,0.362439298,0.667742189
3.1878,2.4,0.63,1.4311,1.432,0.37,331.0269,0.347327391,0.692912153
3.1878,2.4,0.64,1.4311,1.432,0.36,331.0396,0.332428357,0.718805181
3.1878,2.4,0.65,1.4311,1.432,0.35,331.0529,0.317755305,0.745440725
3.1878,2.4,0.66,1.4311,1.432,0.34,331.067,0.303306867,0.772845213
3.1878,2.4,0.67,1.4311,1.432,0.33,331.0822,0.289081093,0.801041483
3.1878,2.4,0.68,1.4311,1.432,0.32,331.0987,0.275090632,0.830070315
3.1878,2.4,0.69,1.4311,1.432,0.31,331.1167,0.261332964,0.859948926
3.1878,2.4,0.7,1.4311,1.432,0.3,331.1365,0.247812749,0.890718533
3.1878,2.4,0.71,1.4311,1.432,0.29,331.1588,0.234526519,0.922407983
3.1878,2.4,0.72,1.4311,1.432,0.28,331.1839,0.221494192,0.955053648
3.1878,2.4,0.73,1.4311,1.432,0.27,331.2129,0.208703798,0.98868953
3.1878,2.4,0.74,1.4311,1.432,0.26,331.2449,0.196166932,1.02336418
3.1878,2.4,0.75,1.4311,1.432,0.25,331.2827,0.183895318,1.059112337
3.1878,2.4,0.76,1.4311,1.432,0.24,331.3262,0.171892361,1.095982166
3.1878,2.4,0.77,1.4311,1.432,0.23,331.3767,0.160161152,1.134014824
3.1878,2.4,0.78,1.4311,1.432,0.22,331.4357,0.148713066,1.173265112
3.1878,2.4,0.79,1.4311,1.432,0.21,331.5042,0.137559519,1.213781541
3.1878,2.4,0.8,1.4311,1.432,0.2,331.5846,0.126703133,1.255618886
3.1878,2.4,0.81,1.4311,1.432,0.19,331.6841,0.116146141,1.298825607
3.1878,2.4,0.82,1.4311,1.432,0.18,331.7874,0.105926356,1.343488629
3.1878,2.4,0.83,1.4311,1.432,0.17,331.9207,0.096037188,1.389628796
3.1878,2.4,0.84,1.4311,1.432,0.16,332.0767,0.086489574,1.437324871
3.1878,2.4,0.85,1.4311,1.432,0.15,332.2603,0.077303575,1.486639571
3.1878,2.4,0.86,1.4311,1.432,0.14,332.4784,0.068508754,1.537630369
3.1878,2.4,0.87,1.4311,1.432,0.13,332.7382,0.060097424,1.590350909
3.1878,2.4,0.88,1.4311,1.432,0.12,333.0486,0.052117954,1.644851387
3.1878,2.4,0.89,1.4311,1.432,0.11,333.4209,0.044571755,1.701168968
3.1878,2.4,0.9,1.4311,1.432,0.1,333.8696,0.037498076,1.759322362
3.1878,2.4,0.91,1.4311,1.432,0.09,334.4131,0.030907407,1.819303298
3.1878,2.4,0.92,1.4311,1.432,0.08,335.0757,0.024848698,1.881060722
3.1878,2.4,0.93,1.4311,1.432,0.07,335.8894,0.019351545,1.944474834
3.1878,2.4,0.94,1.4311,1.432,0.06,336.8974,0.014455021,2.009330188
3.1878,2.4,0.95,1.4311,1.432,0.05,338.1597,0.010187926,2.075257802
3.1878,2.4,0.96,1.4311,1.432,0.04,339.7607,0.006608118,2.14164844
3.1878,2.4,0.97,1.4311,1.432,0.03,341.8238,0.003762911,2.207518084
3.1878,2.4,0.98,1.4311,1.432,0.02,344.5353,0.00167859,2.271275008
3.1878,2.4,0.99,1.4311,1.432,0.01,348.1898,0.000419912,2.330307258
3.1878,2.4,1.0,1.4311,1.432,0.0,353.2785,0.0,2.380258843
3.9235,3.664,0.0,3.9228,2.968,1.0,383.829,1.398650212,0.0
3.9235,3.664,0.01,3.9228,2.968,0.99,382.65,1.359619222,0.000219976
3.9235,3.664,0.02,3.9228,2.968,0.98,381.633,1.320902142,0.000879613
3.9235,3.664,0.03,3.9228,2.968,0.97,380.75,1.282668451,0.001958082
3.9235,3.664,0.04,3.9228,2.968,0.96,379.98,1.245044688,0.003434097
3.9235,3.664,0.05,3.9228,2.968,0.95,379.304,1.208115213,0.005305899
3.9235,3.664,0.06,3.9228,2.968,0.94,378.708,1.171943292,0.007551416
3.9235,3.664,0.07,3.9228,2.968,0.93,378.18,1.136566174,0.010148331
3.9235,3.664,0.08,3.9228,2.968,0.92,377.711,1.102009844,0.0130939
3.9235,3.664,0.09,3.9228,2.968,0.91,377.292,1.068287093,0.016375192
3.9235,3.664,0.1,3.9228,2.968,0.9,376.917,1.035402662,0.01996928
3.9235,3.664,0.11,3.9228,2.968,0.89,376.58,1.003352441,0.023872764
3.9235,3.664,0.12,3.9228,2.968,0.88,376.276,0.972130276,0.028062538
3.9235,3.664,0.13,3.9228,2.968,0.87,376.002,0.941720634,0.032544631
3.9235,3.664,0.14,3.9228,2.968,0.86,375.753,0.912114022,0.037286151
3.9235,3.664,0.15,3.9228,2.968,0.85,375.528,0.883296355,0.042302498
3.9235,3.664,0.16,3.9228,2.968,0.84,375.322,0.855244771,0.047560837
3.9235,3.664,0.17,3.9228,2.968,0.83,375.135,0.827944646,0.053076204
3.9235,3.664,0.18,3.9228,2.968,0.82,374.964,0.801378073,0.058815928
3.9235,3.664,0.19,3.9228,2.968,0.81,374.807,0.775524085,0.064785366
3.9235,3.664,0.2,3.9228,2.968,0.8,374.664,0.750363648,0.070980229
3.9235,3.664,0.21,3.9228,2.968,0.79,374.532,0.72588055,0.077386876
3.9235,3.664,0.22,3.9228,2.968,0.78,374.411,0.702052411,0.084010211
3.9235,3.664,0.23,3.9228,2.968,0.77,374.3,0.678865684,0.09082742
3.9235,3.664,0.24,3.9228,2.968,0.76,374.198,0.656301644,0.097834264
3.9235,3.664,0.25,3.9228,2.968,0.75,374.103,0.634341528,0.105044466
3.9235,3.664,0.26,3.9228,2.968,0.74,374.016,0.612966963,0.112426493
3.9235,3.664,0.27,3.9228,2.968,0.73,373.936,0.592165951,0.120002792
3.9235,3.664,0.28,3.9228,2.968,0.72,373.862,0.571922605,0.127742167
3.9235,3.664,0.29,3.9228,2.968,0.71,373.794,0.552211299,0.135666611
3.9235,3.664,0.3,3.9228,2.968,0.7,373.732,0.533031244,0.143745303
3.9235,3.664,0.31,3.9228,2.968,0.69,373.674,0.514361366,0.151999797
3.9235,3.664,0.32,3.9228,2.968,0.68,373.621,0.49618903,0.160408203
3.9235,3.664,0.33,3.9228,2.968,0.67,373.573,0.478504891,0.168966102
3.9235,3.664,0.34,3.9228,2.968,0.66,373.529,0.461284478,0.177685828
3.9235,3.664,0.35,3.9228,2.968,0.65,373.489,0.444531963,0.186554253
3.9235,3.664,0.36,3.9228,2.968,0.64,373.453,0.428224145,0.195566784
3.9235,3.664,0.37,3.9228,2.968,0.63,373.42,0.412348033,0.204727003
3.9235,3.664,0.38,3.9228,2.968,0.62,373.391,0.396901881,0.21403015
3.9235,3.664,0.39,3.9228,2.968,0.61,373.366,0.381868894,0.223471498
3.9235,3.664,0.4,3.9228,2.968,0.6,373.343,0.367243895,0.233046356
3.9235,3.664,0.41,3.9228,2.968,0.59,373.324,0.353013248,0.242750081
3.9235,3.664,0.42,3.9228,2.968,0.58,373.308,0.339161475,0.25259361
3.9235,3.664,0.43,3.9228,2.968,0.57,373.295,0.325692919,0.262564244
3.9235,3.664,0.44,3.9228,2.968,0.56,373.286,0.312596612,0.272664877
3.9235,3.664,0.45,3.9228,2.968,0.55,373.279,0.299852709,0.282883076
3.9235,3.664,0.46,3.9228,2.968,0.54,373.275,0.287462048,0.293236617
3.9235,3.664,0.47,3.9228,2.968,0.53,373.274,0.275417165,0.303705509
3.9235,3.664,0.48,3.9228,2.968,0.52,373.277,0.263709513,0.314292357
3.9235,3.664,0.49,3.9228,2.968,0.51,373.282,0.252337238,0.324999533
3.9235,3.664,0.5,3.9228,2.968,0.5,373.29,0.24128205,0.335822025
3.9235,3.664,0.51,3.9228,2.968,0.49,373.302,0.230540129,0.346761972
3.9235,3.664,0.52,3.9228,2.968,0.48,373.317,0.22011497,0.357821287
3.9235,3.664,0.53,3.9228,2.968,0.47,373.334,0.209985361,0.368987828
3.9235,3.664,0.54,3.9228,2.968,0.46,373.356,0.200161475,0.380263533
3.9235,3.664,0.55,3.9228,2.968,0.45,373.38,0.19062036,0.391650119
3.9235,3.664,0.56,3.9228,2.968,0.44,373.408,0.181371105,0.403142413
3.9235,3.664,0.57,3.9228,2.968,0.43,373.439,0.172405892,0.41474855
3.9235,3.664,0.58,3.9228,2.968,0.42,373.474,0.163716212,0.426456571
3.9235,3.664,0.59,3.9228,2.968,0.41,373.513,0.155292884,0.438267834
3.9235,3.664,0.6,3.9228,2.968,0.4,373.555,0.147143328,0.450183502
3.9235,3.664,0.61,3.9228,2.968,0.39,373.601,0.139248767,0.462204545
3.9235,3.664,0.62,3.9228,2.968,0.38,373.652,0.131615809,0.474319303
3.9235,3.664,0.63,3.9228,2.968,0.37,373.706,0.124233299,0.486541128
3.9235,3.664,0.64,3.9228,2.968,0.36,373.765,0.117098357,0.4988583
3.9235,3.664,0.65,3.9228,2.968,0.35,373.828,0.110207749,0.511277522
3.9235,3.664,0.66,3.9228,2.968,0.34,373.896,0.103566908,0.523787258
3.9235,3.664,0.67,3.9228,2.968,0.33,373.969,0.097153934,0.53639395
3.9235,3.664,0.68,3.9228,2.968,0.32,374.046,0.090982648,0.54909781
3.9235,3.664,0.69,3.9228,2.968,0.31,374.129,0.085030249,0.561893193
3.9235,3.664,0.7,3.9228,2.968,0.3,374.217,0.079310132,0.574780224
3.9235,3.664,0.71,3.9228,2.968,0.29,374.31,0.073817216,0.587758887
3.9235,3.664,0.72,3.9228,2.968,0.28,374.41,0.068546105,0.60082902
3.9235,3.664,0.73,3.9228,2.968,0.27,374.515,0.063491098,0.613984919
3.9235,3.664,0.74,3.9228,2.968,0.26,374.626,0.058646195,0.627231712
3.9235,3.664,0.75,3.9228,2.968,0.25,374.744,0.054014588,0.64056358
3.9235,3.664,0.76,3.9228,2.968,0.24,374.869,0.049589844,0.653985266
3.9235,3.664,0.77,3.9228,2.968,0.23,375.0,0.045374815,0.667485724
3.9235,3.664,0.78,3.9228,2.968,0.22,375.139,0.041353053,0.681069539
3.9235,3.664,0.79,3.9228,2.968,0.21,375.286,0.037546235,0.69474091
3.9235,3.664,0.8,3.9228,2.968,0.2,375.44,0.033927885,0.708488892
3.9235,3.664,0.81,3.9228,2.968,0.19,375.602,0.030509806,0.722312702
3.9235,3.664,0.82,3.9228,2.968,0.18,375.773,0.027284373,0.736216249
3.9235,3.664,0.83,3.9228,2.968,0.17,375.953,0.024253492,0.750198366
3.9235,3.664,0.84,3.9228,2.968,0.16,376.142,0.021409179,0.764253151
3.9235,3.664,0.85,3.9228,2.968,0.15,376.341,0.018743243,0.778384067
3.9235,3.664,0.86,3.9228,2.968,0.14,376.55,0.016276811,0.792585193
3.9235,3.664,0.87,3.9228,2.968,0.13,376.769,0.013981798,0.806855258
3.9235,3.664,0.88,3.9228,2.968,0.12,377.0,0.011869281,0.821197329
3.9235,3.664,0.89,3.9228,2.968,0.11,377.242,0.00994043,0.835601148
3.9235,3.664,0.9,3.9228,2.968,0.1,377.496,0.0081864,0.850074003
3.9235,3.664,0.91,3.9228,2.968,0.09,377.762,0.006608118,0.864609994
3.9235,3.664,0.92,3.9228,2.968,0.08,378.042,0.005206423,0.879203421
3.9235,3.664,0.93,3.9228,2.968,0.07,378.335,0.003972101,0.893856966
3.9235,3.664,0.94,3.9228,2.968,0.06,378.642,0.002905774,0.908564965
3.9235,3.664,0.95,3.9228,2.968,0.05,378.965,0.002017963,0.923325927
3.9235,3.664,0.96,3.9228,2.968,0.04,379.303,0.001289169,0.938142239
3.9235,3.664,0.97,3.9228,2.968,0.03,379.658,0.000719741,0.953004459
3.9235,3.664,0.98,3.9228,2.968,0.02,380.029,0.000319949,0.967911173
3.9235,3.664,0.99,3.9228,2.968,0.01,380.419,7.9997e-05,0.982860938
3.9235,3.664,1.0,3.9228,2.968,0.0,380.827,0.0,0.997852286
3.9228,2.968,0.0,3.9235,3.664,1.0,380.827,0.997852286,0.0
3.9228,2.968,0.01,3.9235,3.664,0.99,380.419,0.982860938,7.9997e-05
3.9228,2.968,0.02,3.9235,3.664,0.98,380.029,0.967911173,0.000319949
3.9228,2.968,0.03,3.9235,3.664,0.97,379.658,0.953004459,0.000719741
3.9228,2.968,0.04,3.9235,3.664,0.96,379.303,0.938142239,0.001289169
3.9228,2.968,0.05,3.9235,3.664,0.95,378.965,0.923325927,0.002017963
3.9228,2.968,0.06,3.9235,3.664,0.94,378.642,0.908564965,0.002905774
3.9228,2.968,0.07,3.9235,3.664,0.93,378.335,0.893856966,0.003972101
3.9228,2.968,0.08,3.9235,3.664,0.92,378.042,0.879203421,0.005206423
3.9228,2.968,0.09,3.9235,3.664,0.91,377.762,0.864609994,0.006608118
3.9228,2.968,0.1,3.9235,3.664,0.9,377.496,0.850074003,0.0081864
3.9228,2.968,0.11,3.9235,3.664,0.89,377.242,0.835601148,0.00994043
3.9228,2.968,0.12,3.9235,3.664,0.88,377.0,0.821197329,0.011869281
3.9228,2.968,0.13,3.9235,3.664,0.87,376.769,0.806855258,0.013981798
3.9228,2.968,0.14,3.9235,3.664,0.86,376.55,0.792585193,0.016276811
3.9228,2.968,0.15,3.9235,3.664,0.85,376.341,0.778384067,0.018743243
3.9228,2.968,0.16,3.9235,3.664,0.84,376.142,0.764253151,0.021409179
3.9228,2.968,0.17,3.9235,3.664,0.83,375.953,0.750198366,0.024253492
3.9228,2.968,0.18,3.9235,3.664,0.82,375.773,0.736216249,0.027284373
3.9228,2.968,0.19,3.9235,3.664,0.81,375.602,0.722312702,0.030509806
3.9228,2.968,0.2,3.9235,3.664,0.8,375.44,0.708488892,0.033927885
3.9228,2.968,0.21,3.9235,3.664,0.79,375.286,0.69474091,0.037546235
3.9228,2.968,0.22,3.9235,3.664,0.78,375.139,0.681069539,0.041353053
3.9228,2.968,0.23,3.9235,3.664,0.77,375.0,0.667485724,0.045374815
3.9228,2.968,0.24,3.9235,3.664,0.76,374.869,0.653985266,0.049589844
3.9228,2.968,0.25,3.9235,3.664,0.75,374.744,0.64056358,0.054014588
3.9228,2.968,0.26,3.9235,3.664,0.74,374.626,0.627231712,0.058646195
3.9228,2.968,0.27,3.9235,3.664,0.73,374.515,0.613984919,0.063491098
3.9228,2.968,0.28,3.9235,3.664,0.72,374.41,0.60082902,0.068546105
3.9228,2.968,0.29,3.9235,3.664,0.71,374.31,0.587758887,0.073817216
3.9228,2.968,0.3,3.9235,3.664,0.7,374.217,0.574780224,0.079310132
3.9228,2.968,0.31,3.9235,3.664,0.69,374.129,0.561893193,0.085030249
3.9228,2.968,0.32,3.9235,3.664,0.68,374.046,0.54909781,0.090982648
3.9228,2.968,0.33,3.9235,3.664,0.67,373.969,0.53639395,0.097153934
3.9228,2.968,0.34,3.9235,3.664,0.66,373.896,0.523787258,0.103566908
3.9228,2.968,0.35,3.9235,3.664,0.65,373.828,0.511277522,0.110207749
3.9228,2.968,0.36,3.9235,3.664,0.64,373.765,0.4988583,0.117098357
3.9228,2.968,0.37,3.9235,3.664,0.63,373.706,0.486541128,0.124233299
3.9228,2.968,0.38,3.9235,3.664,0.62,373.652,0.474319303,0.131615809
3.9228,2.968,0.39,3.9235,3.664,0.61,373.601,0.462204545,0.139248767
3.9228,2.968,0.4,3.9235,3.664,0.6,373.555,0.450183502,0.147143328
3.9228,2.968,0.41,3.9235,3.664,0.59,373.513,0.438267834,0.155292884
3.9228,2.968,0.42,3.9235,3.664,0.58,373.474,0.426456571,0.163716212
3.9228,2.968,0.43,3.9235,3.664,0.57,373.439,0.41474855,0.172405892
3.9228,2.968,0.44,3.9235,3.664,0.56,373.408,0.403142413,0.181371105
3.9228,2.968,0.45,3.9235,3.664,0.55,373.38,0.391650119,0.19062036
3.9228,2.968,0.46,3.9235,3.664,0.54,373.356,0.380263533,0.200161475
3.9228,2.968,0.47,3.9235,3.664,0.53,373.334,0.368987828,0.209985361
3.9228,2.968,0.48,3.9235,3.664,0.52,373.317,0.357821287,0.22011497
3.9228,2.968,0.49,3.9235,3.664,0.51,373.302,0.346761972,0.230540129
3.9228,2.968,0.5,3.9235,3.664,0.5,373.29,0.335822025,0.24128205
3.9228,2.968,0.51,3.9235,3.664,0.49,373.282,0.324999533,0.252337238
3.9228,2.968,0.52,3.9235,3.664,0.48,373.277,0.314292357,0.263709513
3.9228,2.968,0.53,3.9235,3.664,0.47,373.274,0.303705509,0.275417165
3.9228,2.968,0.54,3.9235,3.664,0.46,373.275,0.293236617,0.287462048
3.9228,2.968,0.55,3.9235,3.664,0.45,373.279,0.282883076,0.299852709
3.9228,2.968,0.56,3.9235,3.664,0.44,373.286,0.272664877,0.312596612
3.9228,2.968,0.57,3.9235,3.664,0.43,373.295,0.262564244,0.325692919
3.9228,2.968,0.58,3.9235,3.664,0.42,373.308,0.25259361,0.339161475
3.9228,2.968,0.59,3.9235,3.664,0.41,373.324,0.242750081,0.353013248
3.9228,2.968,0.6,3.9235,3.664,0.4,373.343,0.233046356,0.367243895
3.9228,2.968,0.61,3.9235,3.664,0.39,373.366,0.223471498,0.381868894
3.9228,2.968,0.62,3.9235,3.664,0.38,373.391,0.21403015,0.396901881
3.9228,2.968,0.63,3.9235,3.664,0.37,373.42,0.204727003,0.412348033
3.9228,2.968,0.64,3.9235,3.664,0.36,373.453,0.195566784,0.428224145
3.9228,2.968,0.65,3.9235,3.664,0.35,373.489,0.186554253,0.444531963
3.9228,2.968,0.66,3.9235,3.664,0.34,373.529,0.177685828,0.461284478
3.9228,2.968,0.67,3.9235,3.664,0.33,373.573,0.168966102,0.478504891
3.9228,2.968,0.68,3.9235,3.664,0.32,373.621,0.160408203,0.49618903
3.9228,2.968,0.69,3.9235,3.664,0.31,373.674,0.151999797,0.514361366
3.9228,2.968,0.7,3.9235,3.664,0.3,373.732,0.143745303,0.533031244
3.9228,2.968,0.71,3.9235,3.664,0.29,373.794,0.135666611,0.552211299
3.9228,2.968,0.72,3.9235,3.664,0.28,373.862,0.127742167,0.571922605
3.9228,2.968,0.73,3.9235,3.664,0.27,373.936,0.120002792,0.592165951
3.9228,2.968,0.74,3.9235,3.664,0.26,374.016,0.112426493,0.612966963
3.9228,2.968,0.75,3.9235,3.664,0.25,374.103,0.105044466,0.634341528
3.9228,2.968,0.76,3.9235,3.664,0.24,374.198,0.097834264,0.656301644
3.9228,2.968,0.77,3.9235,3.664,0.23,374.3,0.09082742,0.678865684
3.9228,2.968,0.78,3.9235,3.664,0.22,374.411,0.084010211,0.702052411
3.9228,2.968,0.79,3.9235,3.664,0.21,374.532,0.077386876,0.72588055
3.9228,2.968,0.8,3.9235,3.664,0.2,374.664,0.070980229,0.750363648
3.9228,2.968,0.81,3.9235,3.664,0.19,374.807,0.064785366,0.775524085
3.9228,2.968,0.82,3.9235,3.664,0.18,374.964,0.058815928,0.801378073
3.9228,2.968,0.83,3.9235,3.664,0.17,375.135,0.053076204,0.827944646
3.9228,2.968,0.84,3.9235,3.664,0.16,375.322,0.047560837,0.855244771
3.9228,2.968,0.85,3.9235,3.664,0.15,375.528,0.042302498,0.883296355
3.9228,2.968,0.86,3.9235,3.664,0.14,375.753,0.037286151,0.912114022
3.9228,2.968,0.87,3.9235,3.664,0.13,376.002,0.032544631,0.941720634
3.9228,2.968,0.88,3.9235,3.664,0.12,376.276,0.028062538,0.972130276
3.9228,2.968,0.89,3.9235,3.664,0.11,376.58,0.023872764,1.003352441
3.9228,2.968,0.9,3.9235,3.664,0.1,376.917,0.01996928,1.035402662
3.9228,2.968,0.91,3.9235,3.664,0.09,377.292,0.016375192,1.068287093
3.9228,2.968,0.92,3.9235,3.664,0.08,377.711,0.0130939,1.102009844
3.9228,2.968,0.93,3.9235,3.664,0.07,378.18,0.010148331,1.136566174
3.9228,2.968,0.94,3.9235,3.664,0.06,378.708,0.007551416,1.171943292
3.9228,2.968,0.95,3.9235,3.664,0.05,379.304,0.005305899,1.208115213
3.9228,2.968,0.96,3.9235,3.664,0.04,379.98,0.003434097,1.245044688
3.9228,2.968,0.97,3.9235,3.664,0.03,380.75,0.001958082,1.282668451
3.9228,2.968,0.98,3.9235,3.664,0.02,381.633,0.000879613,1.320902142
3.9228,2.968,0.99,3.9235,3.664,0.01,382.65,0.000219976,1.359619222
3.9228,2.968,1.0,3.9235,3.664,0.0,383.829,0.0,1.398650212
3.9228,2.968,0.0,6.523,5.476,1.0,423.805,0.223575458,0.0
3.9228,2.968,0.01,6.523,5.476,0.99,422.912,0.221261782,2e-05
3.9228,2.968,0.02,6.523,5.476,0.98,422.04,0.218918639,5.9998e-05
3.9228,2.968,0.03,6.523,5.476,0.97,421.187,0.216537781,0.000129992
3.9228,2.968,0.04,6.523,5.476,0.96,420.354,0.214135097,0.000239971
3.9228,2.968,0.05,6.523,5.476,0.95,419.54,0.211694258,0.000379928
3.9228,2.968,0.06,6.523,5.476,0.94,418.744,0.20922311,0.000559843
3.9228,2.968,0.07,6.523,5.476,0.93,417.966,0.206729576,0.000759711
3.9228,2.968,0.08,6.523,5.476,0.92,417.206,0.20420535,0.00100949
3.9228,2.968,0.09,6.523,5.476,0.91,416.462,0.201658389,0.001289169
3.9228,2.968,0.1,6.523,5.476,0.9,415.734,0.199080341,0.001608705
3.9228,2.968,0.11,6.523,5.476,0.89,415.023,0.196479196,0.001968062
3.9228,2.968,0.12,6.523,5.476,0.88,414.327,0.193854793,0.002367196
3.9228,2.968,0.13,6.523,5.476,0.87,413.647,0.191215224,0.002796087
3.9228,2.968,0.14,6.523,5.476,0.86,412.981,0.188552107,0.0032846
3.9228,2.968,0.15,6.523,5.476,0.85,412.329,0.18586527,0.00380276
3.9228,2.968,0.16,6.523,5.476,0.84,411.691,0.183162869,0.004370436
3.9228,2.968,0.17,6.523,5.476,0.83,411.067,0.180436448,0.004987542
3.9228,2.968,0.18,6.523,5.476,0.82,410.456,0.177702572,0.005644042
3.9228,2.968,0.19,6.523,5.476,0.81,409.858,0.174944412,0.006349797
3.9228,2.968,0.2,6.523,5.476,0.8,409.272,0.172170206,0.007104702
3.9228,2.968,0.21,6.523,5.476,0.79,408.698,0.169388281,0.007908644
3.9228,2.968,0.22,6.523,5.476,0.78,408.136,0.166590131,0.008761506
3.9228,2.968,0.23,6.523,5.476,0.77,407.586,0.163784129,0.009673065
3.9228,2.968,0.24,6.523,5.476,0.76,407.046,0.160961718,0.010633266
3.9228,2.968,0.25,6.523,5.476,0.75,406.518,0.158131318,0.011651853
3.9228,2.968,0.26,6.523,5.476,0.74,406.0,0.155284323,0.012718772
3.9228,2.968,0.27,6.523,5.476,0.73,405.492,0.152437785,0.013853594
3.9228,2.968,0.28,6.523,5.476,0.72,404.995,0.149583122,0.015036385
3.9228,2.968,0.29,6.523,5.476,0.71,404.507,0.146720286,0.01628665
3.9228,2.968,0.3,6.523,5.476,0.7,404.029,0.14385789,0.017594308
3.9228,2.968,0.31,6.523,5.476,0.69,403.559,0.140978593,0.018959134
3.9228,2.968,0.32,6.523,5.476,0.68,403.099,0.138108402,0.02039069
3.9228,2.968,0.33,6.523,5.476,0.67,402.648,0.135229949,0.021888685
3.9228,2.968,0.34,6.523,5.476,0.66,402.205,0.132351947,0.02345282
3.9228,2.968,0.35,6.523,5.476,0.65,401.77,0.129474424,0.025092533
3.9228,2.968,0.36,6.523,5.476,0.64,401.344,0.126588597,0.026787977
3.9228,2.968,0.37,6.523,5.476,0.63,400.925,0.123712091,0.02856802
3.9228,2.968,0.38,6.523,5.476,0.62,400.514,0.12084501,0.030412806
3.9228,2.968,0.39,6.523,5.476,0.61,400.11,0.117969685,0.032331653
3.9228,2.968,0.4,6.523,5.476,0.6,399.714,0.115103894,0.034324129
3.9228,2.968,0.41,6.523,5.476,0.59,399.325,0.112247744,0.036399429
3.9228,2.968,0.42,6.523,5.476,0.58,398.942,0.109392377,0.03854741
3.9228,2.968,0.43,6.523,5.476,0.57,398.566,0.106546812,0.040777194
3.9228,2.968,0.44,6.523,5.476,0.56,398.197,0.103711156,0.043088225
3.9228,2.968,0.45,6.523,5.476,0.55,397.834,0.100885518,0.045479929
3.9228,2.968,0.46,6.523,5.476,0.54,397.477,0.098070004,0.047961249
3.9228,2.968,0.47,6.523,5.476,0.53,397.126,0.095264724,0.050531504
3.9228,2.968,0.48,6.523,5.476,0.52,396.781,0.092478903,0.053180512
3.9228,2.968,0.49,6.523,5.476,0.51,396.442,0.089703583,0.055926544
3.9228,2.968,0.5,6.523,5.476,0.5,396.108,0.086938874,0.058768783
3.9228,2.968,0.51,6.523,5.476,0.49,395.78,0.084194079,0.061706389
3.9228,2.968,0.52,6.523,5.476,0.48,395.456,0.081469382,0.064729128
3.9228,2.968,0.53,6.523,5.476,0.47,395.138,0.078764969,0.067854891
3.9228,2.968,0.54,6.523,5.476,0.46,394.825,0.076081024,0.071082686
3.9228,2.968,0.55,6.523,5.476,0.45,394.517,0.073417734,0.074411498
3.9228,2.968,0.56,6.523,5.476,0.44,394.213,0.070775282,0.077840284
3.9228,2.968,0.57,6.523,5.476,0.43,393.914,0.068153853,0.081377201
3.9228,2.968,0.58,6.523,5.476,0.42,393.619,0.065562996,0.085030249
3.9228,2.968,0.59,6.523,5.476,0.41,393.329,0.062993578,0.088779812
3.9228,2.968,0.6,6.523,5.476,0.4,393.042,0.060464609,0.092652105
3.9228,2.968,0.61,6.523,5.476,0.39,392.76,0.057948102,0.096636572
3.9228,2.968,0.62,6.523,5.476,0.38,392.482,0.055472549,0.10073182
3.9228,2.968,0.63,6.523,5.476,0.37,392.207,0.053028788,0.104954433
3.9228,2.968,0.64,6.523,5.476,0.36,391.936,0.050617066,0.10929377
3.9228,2.968,0.65,6.523,5.476,0.35,391.669,0.048237631,0.11374824
3.9228,2.968,0.66,6.523,5.476,0.34,391.405,0.045900278,0.118342879
3.9228,2.968,0.67,6.523,5.476,0.33,391.145,0.043595744,0.123057987
3.9228,2.968,0.68,6.523,5.476,0.32,390.887,0.041333863,0.127900569
3.9228,2.968,0.69,6.523,5.476,0.31,390.633,0.039105322,0.132886185
3.9228,2.968,0.7,6.523,5.476,0.3,390.382,0.036919992,0.137995165
3.9228,2.968,0.71,6.523,5.476,0.29,390.134,0.034787825,0.143251499
3.9228,2.968,0.72,6.523,5.476,0.28,389.889,0.032699496,0.148644118
3.9228,2.968,0.73,6.523,5.476,0.27,389.647,0.030655288,0.154187822
3.9228,2.968,0.74,6.523,5.476,0.26,389.407,0.028655482,0.159862905
3.9228,2.968,0.75,6.523,5.476,0.25,389.17,0.026710088,0.165700862
3.9228,2.968,0.76,6.523,5.476,0.24,388.935,0.024819434,0.171681822
3.9228,2.968,0.77,6.523,5.476,0.23,388.703,0.022974064,0.177819772
3.9228,2.968,0.78,6.523,5.476,0.22,388.473,0.021193816,0.18411162
3.9228,2.968,0.79,6.523,5.476,0.21,388.245,0.019469238,0.190562507
3.9228,2.968,0.8,6.523,5.476,0.2,388.019,0.017800625,0.197177328
3.9228,2.968,0.81,6.523,5.476,0.19,387.795,0.0161981,0.203952577
3.9228,2.968,0.82,6.523,5.476,0.18,387.574,0.014652131,0.210900915
3.9228,2.968,0.83,6.523,5.476,0.17,387.354,0.013172856,0.21801844
3.9228,2.968,0.84,6.523,5.476,0.16,387.136,0.011760573,0.225309205
3.9228,2.968,0.85,6.523,5.476,0.15,386.919,0.010425465,0.232777
3.9228,2.968,0.86,6.523,5.476,0.14,386.704,0.009148029,0.240425357
3.9228,2.968,0.87,6.523,5.476,0.13,386.491,0.007948328,0.248257539
3.9228,2.968,0.88,6.523,5.476,0.12,386.279,0.006826645,0.256268802
3.9228,2.968,0.89,6.523,5.476,0.11,386.069,0.005783245,0.264469739
3.9228,2.968,0.9,6.523,5.476,0.1,385.86,0.004818373,0.272862808
3.9228,2.968,0.91,6.523,5.476,0.09,385.652,0.003932259,0.281450195
3.9228,2.968,0.92,6.523,5.476,0.08,385.446,0.00313508,0.290233814
3.9228,2.968,0.93,6.523,5.476,0.07,385.24,0.002417077,0.299215308
3.9228,2.968,0.94,6.523,5.476,0.06,385.036,0.0017884,0.308396049
3.9228,2.968,0.95,6.523,5.476,0.05,384.833,0.001249219,0.317784416
3.9228,2.968,0.96,6.523,5.476,0.04,384.63,0.000809672,0.327381037
3.9228,2.968,0.97,6.523,5.476,0.03,384.429,0.000459894,0.337186267
3.9228,2.968,0.98,6.523,5.476,0.02,384.228,0.000209978,0.347207267
3.9228,2.968,0.99,6.523,5.476,0.01,384.028,4.9999e-05,0.357443648
3.9228,2.968,1.0,6.523,5.476,0.0,383.829,0.0,0.367894766
6.523,5.476,0.0,3.9228,2.968,1.0,383.829,0.367894766,0.0
6.523,5.476,0.01,3.9228,2.968,0.99,384.028,0.357443648,4.9999e-05
6.523,5.476,0.02,3.9228,2.968,0.98,384.228,0.347207267,0.000209978
6.523,5.476,0.03,3.9228,2.968,0.97,384.429,0.337186267,0.000459894
6.523,5.476,0.04,3.9228,2.968,0.96,384.63,0.327381037,0.000809672
6.523,5.476,0.05,3.9228,2.968,0.95,384.833,0.317784416,0.001249219
6.523,5.476,0.06,3.9228,2.968,0.94,385.036,0.308396049,0.0017884
6.523,5.476,0.07,3.9228,2.968,0.93,385.24,0.299215308,0.002417077
6.523,5.476,0.08,3.9228,2.968,0.92,385.446,0.290233814,0.00313508
6.523,5.476,0.09,3.9228,2.968,0.91,385.652,0.281450195,0.003932259
6.523,5.476,0.1,3.9228,2.968,0.9,385.86,0.272862808,0.004818373
6.523,5.476,0.11,3.9228,2.968,0.89,386.069,0.264469739,0.005783245
6.523,5.476,0.12,3.9228,2.968,0.88,386.279,0.256268802,0.006826645
6.523,5.476,0.13,3.9228,2.968,0.87,386.491,0.248257539,0.007948328
6.523,5.476,0.14,3.9228,2.968,0.86,386.704,0.240425357,0.009148029
6.523,5.476,0.15,3.9228,2.968,0.85,386.919,0.232777,0.010425465
6.523,5.476,0.16,3.9228,2.968,0.84,387.136,0.225309205,0.011760573
6.523,5.476,0.17,3.9228,2.968,0.83,387.354,0.21801844,0.013172856
6.523,5.476,0.18,3.9228,2.968,0.82,387.574,0.210900915,0.014652131
6.523,5.476,0.19,3.9228,2.968,0.81,387.795,0.203952577,0.0161981
6.523,5.476,0.2,3.9228,2.968,0.8,388.019,0.197177328,0.017800625
6.523,5.476,0.21,3.9228,2.968,0.79,388.245,0.190562507,0.019469238
6.523,5.476,0.22,3.9228,2.968,0.78,388.473,0.18411162,0.021193816
6.523,5.476,0.23,3.9228,2.968,0.77,388.703,0.177819772,0.022974064
6.523,5.476,0.24,3.9228,2.968,0.76,388.935,0.171681822,0.024819434
6.523,5.476,0.25,3.9228,2.968,0.75,389.17,0.165700862,0.026710088
6.523,5.476,0.26,3.9228,2.968,0.74,389.407,0.159862905,0.028655482
6.523,5.476,0.27,3.9228,2.968,0.73,389.647,0.154187822,0.030655288
6.523,5.476,0.28,3.9228,2.968,0.72,389.889,0.148644118,0.032699496
6.523,5.476,0.29,3.9228,2.968,0.71,390.134,0.143251499,0.034787825
6.523,5.476,0.3,3.9228,2.968,0.7,390.382,0.137995165,0.036919992
6.523,5.476,0.31,3.9228,2.968,0.69,390.633,0.132886185,0.039105322
6.523,5.476,0.32,3.9228,2.968,0.68,390.887,0.127900569,0.041333863
6.523,5.476,0.33,3.9228,2.968,0.67,391.145,0.123057987,0.043595744
6.523,5.476,0.34,3.9228,2.968,0.66,391.405,0.118342879,0.045900278
6.523,5.476,0.35,3.9228,2.968,0.65,391.669,0.11374824,0.048237631
6.523,5.476,0.36,3.9228,2.968,0.64,391.936,0.10929377,0.050617066
6.523,5.476,0.37,3.9228,2.968,0.63,392.207,0.104954433,0.053028788
6.523,5.476,0.38,3.9228,2.968,0.62,392.482,0.10073182,0.055472549
6.523,5.476,0.39,3.9228,2.968,0.61,392.76,0.096636572,0.057948102
6.523,5.476,0.4,3.9228,2.968,0.6,393.042,0.092652105,0.060464609
6.523,5.476,0.41,3.9228,2.968,0.59,393.329,0.088779812,0.062993578
6.523,5.476,0.42,3.9228,2.968,0.58,393.619,0.085030249,0.065562996
6.523,5.476,0.43,3.9228,2.968,0.57,393.914,0.081377201,0.068153853
6.523,5.476,0.44,3.9228,2.968,0.56,394.213,0.077840284,0.070775282
6.523,5.476,0.45,3.9228,2.968,0.55,394.517,0.074411498,0.073417734
6.523,5.476,0.46,3.9228,2.968,0.54,394.825,0.071082686,0.076081024
6.523,5.476,0.47,3.9228,2.968,0.53,395.138,0.067854891,0.078764969
6.523,5.476,0.48,3.9228,2.968,0.52,395.456,0.064729128,0.081469382
6.523,5.476,0.49,3.9228,2.968,0.51,395.78,0.061706389,0.084194079
6.523,5.476,0.5,3.9228,2.968,0.5,396.108,0.058768783,0.086938874
6.523,5.476,0.51,3.9228,2.968,0.49,396.442,0.055926544,0.089703583
6.523,5.476,0.52,3.9228,2.968,0.48,396.781,0.053180512,0.092478903
6.523,5.476,0.53,3.9228,2.968,0.47,397.126,0.050531504,0.095264724
6.523,5.476,0.54,3.9228,2.968,0.46,397.477,0.047961249,0.098070004
6.523,5.476,0.55,3.9228,2.968,0.45,397.834,0.045479929,0.100885518
6.523,5.476,0.56,3.9228,2.968,0.44,398.197,0.043088225,0.103711156
6.523,5.476,0.57,3.9228,2.968,0.43,398.566,0.040777194,0.106546812
6.523,5.476,0.58,3.9228,2.968,0.42,398.942,0.03854741,0.109392377
6.523,5.476,0.59,3.9228,2.968,0.41,399.325,0.036399429,0.112247744
6.523,5.476,0.6,3.9228,2.968,0.4,399.714,0.034324129,0.115103894
6.523,5.476,0.61,3.9228,2.968,0.39,400.11,0.032331653,0.117969685
6.523,5.476,0.62,3.9228,2.968,0.38,400.514,0.030412806,0.12084501
6.523,5.476,0.63,3.9228,2.968,0.37,400.925,0.02856802,0.123712091
6.523,5.476,0.64,3.9228,2.968,0.36,401.344,0.026787977,0.126588597
6.523,5.476,0.65,3.9228,2.968,0.35,401.77,0.025092533,0.129474424
6.523,5.476,0.66,3.9228,2.968,0.34,402.205,0.02345282,0.132351947
6.523,5.476,0.67,3.9228,2.968,0.33,402.648,0.021888685,0.135229949
6.523,5.476,0.68,3.9228,2.968,0.32,403.099,0.02039069,0.138108402
6.523,5.476,0.69,3.9228,2.968,0.31,403.559,0.018959134,0.140978593
6.523,5.476,0.7,3.9228,2.968,0.3,404.029,0.017594308,0.14385789
6.523,5.476,0.71,3.9228,2.968,0.29,404.507,0.01628665,0.146720286
6.523,5.476,0.72,3.9228,2.968,0.28,404.995,0.015036385,0.149583122
6.523,5.476,0.73,3.9228,2.968,0.27,405.492,0.013853594,0.152437785
6.523,5.476,0.74,3.9228,2.968,0.26,406.0,0.012718772,0.155284323
6.523,5.476,0.75,3.9228,2.968,0.25,406.518,0.011651853,0.158131318
6.523,5.476,0.76,3.9228,2.968,0.24,407.046,0.010633266,0.160961718
6.523,5.476,0.77,3.9228,2.968,0.23,407.586,0.009673065,0.163784129
6.523,5.476,0.78,3.9228,2.968,0.22,408.136,0.008761506,0.166590131
6.523,5.476,0.79,3.9228,2.968,0.21,408.698,0.007908644,0.169388281
6.523,5.476,0.8,3.9228,2.968,0.2,409.272,0.007104702,0.172170206
6.523,5.476,0.81,3.9228,2.968,0.19,409.858,0.006349797,0.174944412
6.523,5.476,0.82,3.9228,2.968,0.18,410.456,0.005644042,0.177702572
6.523,5.476,0.83,3.9228,2.968,0.17,411.067,0.004987542,0.180436448
6.523,5.476,0.84,3.9228,2.968,0.16,411.691,0.004370436,0.183162869
6.523,5.476,0.85,3.9228,2.968,0.15,412.329,0.00380276,0.18586527
6.523,5.476,0.86,3.9228,2.968,0.14,412.981,0.0032846,0.188552107
6.523,5.476,0.87,3.9228,2.968,0.13,413.647,0.002796087,0.191215224
6.523,5.476,0.88,3.9228,2.968,0.12,414.327,0.002367196,0.193854793
6.523,5.476,0.89,3.9228,2.968,0.11,415.023,0.001968062,0.196479196
6.523,5.476,0.9,3.9228,2.968,0.1,415.734,0.001608705,0.199080341
6.523,5.476,0.91,3.9228,2.968,0.09,416.462,0.001289169,0.201658389
6.523,5.476,0.92,3.9228,2.968,0.08,417.206,0.00100949,0.20420535
6.523,5.476,0.93,3.9228,2.968,0.07,417.966,0.000759711,0.206729576
6.523,5.476,0.94,3.9228,2.968,0.06,418.744,0.000559843,0.20922311
6.523,5.476,0.95,3.9228,2.968,0.05,419.54,0.000379928,0.211694258
6.523,5.476,0.96,3.9228,2.968,0.04,420.354,0.000239971,0.214135097
6.523,5.476,0.97,3.9228,2.968,0.03,421.187,0.000129992,0.216537781
6.523,5.476,0.98,3.9228,2.968,0.02,422.04,5.9998e-05,0.218918639
6.523,5.476,0.99,3.9228,2.968,0.01,422.912,2e-05,0.221261782
6.523,5.476,1.0,3.9228,2.968,0.0,423.805,0.0,0.223575458
3.1878,2.4,0.0,5.8486,4.936,1.0,398.839,0.229403914,0.0
3.1878,2.4,0.01,5.8486,4.936,0.99,397.718,0.228250489,1e-05
3.1878,2.4,0.02,5.8486,4.936,0.98,396.624,0.22703995,3.9999e-05
3.1878,2.4,0.03,5.8486,4.936,0.97,395.558,0.225772094,8.9996e-05
3.1878,2.4,0.04,5.8486,4.936,0.96,394.518,0.224454691,0.000169986
3.1878,2.4,0.05,5.8486,4.936,0.95,393.504,0.22308755,0.000269964
3.1878,2.4,0.06,5.8486,4.936,0.94,392.515,0.221670467,0.00039992
3.1878,2.4,0.07,5.8486,4.936,0.93,391.55,0.220195209,0.000549849
3.1878,2.4,0.08,5.8486,4.936,0.92,390.609,0.218677594,0.000729734
3.1878,2.4,0.09,5.8486,4.936,0.91,389.691,0.217109382,0.000939558
3.1878,2.4,0.1,5.8486,4.936,0.9,388.795,0.21549034,0.001179304
3.1878,2.4,0.11,5.8486,4.936,0.89,387.921,0.213820224,0.00144895
3.1878,2.4,0.12,5.8486,4.936,0.88,387.069,0.212106871,0.001758453
3.1878,2.4,0.13,5.8486,4.936,0.87,386.236,0.210350063,0.002087819
3.1878,2.4,0.14,5.8486,4.936,0.86,385.424,0.208541458,0.002466955
3.1878,2.4,0.15,5.8486,4.936,0.85,384.631,0.206697046,0.002875861
3.1878,2.4,0.16,5.8486,4.936,0.84,383.857,0.204800339,0.003334435
3.1878,2.4,0.17,5.8486,4.936,0.83,383.101,0.202859208,0.003822684
3.1878,2.4,0.18,5.8486,4.936,0.82,382.362,0.200881582,0.004360479
3.1878,2.4,0.19,5.8486,4.936,0.81,381.641,0.198859055,0.004937789
3.1878,2.4,0.2,5.8486,4.936,0.8,380.937,0.196791362,0.005554545
3.1878,2.4,0.21,5.8486,4.936,0.79,380.249,0.194686462,0.006220612
3.1878,2.4,0.22,5.8486,4.936,0.78,379.577,0.192544128,0.006945822
3.1878,2.4,0.23,5.8486,4.936,0.77,378.92,0.190355862,0.0077102
3.1878,2.4,0.24,5.8486,4.936,0.76,378.278,0.188137942,0.008533486
3.1878,2.4,0.25,5.8486,4.936,0.75,377.651,0.185873574,0.009415534
3.1878,2.4,0.26,5.8486,4.936,0.74,377.038,0.183579099,0.010346292
3.1878,2.4,0.27,5.8486,4.936,0.73,376.438,0.181237636,0.01133551
3.1878,2.4,0.28,5.8486,4.936,0.72,375.852,0.178865592,0.01239289
3.1878,2.4,0.29,5.8486,4.936,0.71,375.279,0.176462761,0.01350835
3.1878,2.4,0.3,5.8486,4.936,0.7,374.718,0.174020532,0.014691549
3.1878,2.4,0.31,5.8486,4.936,0.69,374.17,0.171547053,0.015932403
3.1878,2.4,0.32,5.8486,4.936,0.68,373.634,0.169033662,0.017260182
3.1878,2.4,0.33,5.8486,4.936,0.67,373.1093,0.166497006,0.018645095
3.1878,2.4,0.34,5.8486,4.936,0.66,372.596,0.163919948,0.020116304
3.1878,2.4,0.35,5.8486,4.936,0.65,372.0938,0.16131921,0.02166364
3.1878,2.4,0.36,5.8486,4.936,0.64,371.6023,0.158686094,0.023286747
3.1878,2.4,0.37,5.8486,4.936,0.63,371.1212,0.156020359,0.024995006
3.1878,2.4,0.38,5.8486,4.936,0.62,370.6504,0.153330343,0.026787977
3.1878,2.4,0.39,5.8486,4.936,0.61,370.1894,0.150607266,0.028674917
3.1878,2.4,0.4,5.8486,4.936,0.6,369.7381,0.147859503,0.030655288
3.1878,2.4,0.41,5.8486,4.936,0.59,369.2962,0.14509552,0.032728531
3.1878,2.4,0.42,5.8486,4.936,0.58,368.8635,0.142297855,0.034903716
3.1878,2.4,0.43,5.8486,4.936,0.57,368.4398,0.139474945,0.037180171
3.1878,2.4,0.44,5.8486,4.936,0.56,368.0247,0.136626598,0.039557195
3.1878,2.4,0.45,5.8486,4.936,0.55,367.6181,0.133761366,0.042053236
3.1878,2.4,0.46,5.8486,4.936,0.54,367.2198,0.130879128,0.044657828
3.1878,2.4,0.47,5.8486,4.936,0.53,366.8295,0.127970962,0.047389183
3.1878,2.4,0.48,5.8486,4.936,0.52,366.4471,0.125045489,0.050236736
3.1878,2.4,0.49,5.8486,4.936,0.51,366.0723,0.122093731,0.053208958
3.1878,2.4,0.5,5.8486,4.936,0.5,365.7049,0.119133235,0.056314169
3.1878,2.4,0.51,5.8486,4.936,0.49,365.3449,0.116155045,0.059560526
3.1878,2.4,0.52,5.8486,4.936,0.48,364.9918,0.113167958,0.06293724
3.1878,2.4,0.53,5.8486,4.936,0.47,364.6457,0.110162965,0.066471028
3.1878,2.4,0.54,5.8486,4.936,0.46,364.3063,0.107148916,0.070141545
3.1878,2.4,0.55,5.8486,4.936,0.45,363.9734,0.104125754,0.073975106
3.1878,2.4,0.56,5.8486,4.936,0.44,363.6469,0.101084386,0.077969791
3.1878,2.4,0.57,5.8486,4.936,0.43,363.3266,0.098042806,0.08213283
3.1878,2.4,0.58,5.8486,4.936,0.42,363.0123,0.095001041,0.086471231
3.1878,2.4,0.59,5.8486,4.936,0.41,362.7038,0.091949995,0.090991778
3.1878,2.4,0.6,5.8486,4.936,0.4,362.4011,0.088898761,0.095691925
3.1878,2.4,0.61,5.8486,4.936,0.39,362.1039,0.085838189,0.100587141
3.1878,2.4,0.62,5.8486,4.936,0.38,361.8121,0.082786632,0.105674466
3.1878,2.4,0.63,5.8486,4.936,0.37,361.5255,0.079744202,0.11097771
3.1878,2.4,0.64,5.8486,4.936,0.36,361.244,0.076701748,0.116493315
3.1878,2.4,0.65,5.8486,4.936,0.35,360.9675,0.0736593,0.122226482
3.1878,2.4,0.66,5.8486,4.936,0.34,360.6957,0.070635522,0.128190908
3.1878,2.4,0.67,5.8486,4.936,0.33,360.4286,0.067621265,0.134399765
3.1878,2.4,0.68,5.8486,4.936,0.32,360.166,0.064626017,0.140848309
3.1878,2.4,0.69,5.8486,4.936,0.31,359.9077,0.061640576,0.147557564
3.1878,2.4,0.7,5.8486,4.936,0.3,359.6537,0.058683916,0.154530608
3.1878,2.4,0.71,5.8486,4.936,0.29,359.4037,0.055746863,0.161787162
3.1878,2.4,0.72,5.8486,4.936,0.28,359.1576,0.052829614,0.169320745
3.1878,2.4,0.73,5.8486,4.936,0.27,358.9153,0.049951394,0.177149873
3.1878,2.4,0.74,5.8486,4.936,0.26,358.6766,0.047093488,0.18529214
3.1878,2.4,0.75,5.8486,4.936,0.25,358.4414,0.044284792,0.193755934
3.1878,2.4,0.76,5.8486,4.936,0.24,358.2096,0.04150656,0.20254893
3.1878,2.4,0.77,5.8486,4.936,0.23,357.981,0.038768688,0.211686165
3.1878,2.4,0.78,5.8486,4.936,0.22,357.7554,0.036081175,0.221173612
3.1878,2.4,0.79,5.8486,4.936,0.21,357.5328,0.033444447,0.23104029
3.1878,2.4,0.8,5.8486,4.936,0.2,357.313,0.030868624,0.241289906
3.1878,2.4,0.81,5.8486,4.936,0.19,357.0958,0.028344473,0.251940899
3.1878,2.4,0.82,5.8486,4.936,0.18,356.8811,0.025891893,0.26301021
3.1878,2.4,0.83,5.8486,4.936,0.17,356.6687,0.02350166,0.274505643
3.1878,2.4,0.84,5.8486,4.936,0.16,356.4586,0.021193816,0.286456322
3.1878,2.4,0.85,5.8486,4.936,0.15,356.2505,0.018959134,0.298874206
3.1878,2.4,0.86,5.8486,4.936,0.14,356.0443,0.016817785,0.311776945
3.1878,2.4,0.87,5.8486,4.936,0.13,355.8399,0.014760525,0.325180149
3.1878,2.4,0.88,5.8486,4.936,0.12,355.6371,0.012807631,0.339111608
3.1878,2.4,0.89,5.8486,4.936,0.11,355.4358,0.010959722,0.353596209
3.1878,2.4,0.9,5.8486,4.936,0.1,355.2359,0.009227297,0.368642052
3.1878,2.4,0.91,5.8486,4.936,0.09,355.0371,0.007610963,0.384282329
3.1878,2.4,0.92,5.8486,4.936,0.08,354.8394,0.006131166,0.400539665
3.1878,2.4,0.93,5.8486,4.936,0.07,354.6425,0.004778564,0.417439791
3.1878,2.4,0.94,5.8486,4.936,0.06,354.4465,0.003583571,0.435010965
3.1878,2.4,0.95,5.8486,4.936,0.05,354.251,0.00253678,0.453277016
3.1878,2.4,0.96,5.8486,4.936,0.04,354.056,0.001658624,0.472263574
3.1878,2.4,0.97,5.8486,4.936,0.03,353.8614,0.000949549,0.492015823
3.1878,2.4,0.98,5.8486,4.936,0.02,353.667,0.000429908,0.512554129
3.1878,2.4,0.99,5.8486,4.936,0.01,353.4728,0.000109994,0.533916955
3.1878,2.4,1.0,5.8486,4.936,0.0,353.2785,0.0,0.556135453
5.8486,4.936,0.0,3.1878,2.4,1.0,353.2785,0.556135453,0.0
5.8486,4.936,0.01,3.1878,2.4,0.99,353.4728,0.533916955,0.000109994
5.8486,4.936,0.02,3.1878,2.4,0.98,353.667,0.512554129,0.000429908
5.8486,4.936,0.03,3.1878,2.4,0.97,353.8614,0.492015823,0.000949549
5.8486,4.936,0.04,3.1878,2.4,0.96,354.056,0.472263574,0.001658624
5.8486,4.936,0.05,3.1878,2.4,0.95,354.251,0.453277016,0.00253678
5.8486,4.936,0.06,3.1878,2.4,0.94,354.4465,0.435010965,0.003583571
5.8486,4.936,0.07,3.1878,2.4,0.93,354.6425,0.417439791,0.004778564
5.8486,4.936,0.08,3.1878,2.4,0.92,354.8394,0.400539665,0.006131166
5.8486,4.936,0.09,3.1878,2.4,0.91,355.0371,0.384282329,0.007610963
5.8486,4.936,0.1,3.1878,2.4,0.9,355.2359,0.368642052,0.009227297
5.8486,4.936,0.11,3.1878,2.4,0.89,355.4358,0.353596209,0.010959722
5.8486,4.936,0.12,3.1878,2.4,0.88,355.6371,0.339111608,0.012807631
5.8486,4.936,0.13,3.1878,2.4,0.87,355.8399,0.325180149,0.014760525
5.8486,4.936,0.14,3.1878,2.4,0.86,356.0443,0.311776945,0.016817785
5.8486,4.936,0.15,3.1878,2.4,0.85,356.2505,0.298874206,0.018959134
5.8486,4.936,0.16,3.1878,2.4,0.84,356.4586,0.286456322,0.021193816
5.8486,4.936,0.17,3.1878,2.4,0.83,356.6687,0.274505643,0.02350166
5.8486,4.936,0.18,3.1878,2.4,0.82,356.8811,0.26301021,0.025891893
5.8486,4.936,0.19,3.1878,2.4,0.81,357.0958,0.251940899,0.028344473
5.8486,4.936,0.2,3.1878,2.4,0.8,357.313,0.241289906,0.030868624
5.8486,4.936,0.21,3.1878,2.4,0.79,357.5328,0.23104029,0.033444447
5.8486,4.936,0.22,3.1878,2.4,0.78,357.7554,0.221173612,0.036081175
5.8486,4.936,0.23,3.1878,2.4,0.77,357.981,0.211686165,0.038768688
5.8486,4.936,0.24,3.1878,2.4,0.76,358.2096,0.20254893,0.04150656
5.8486,4.936,0.25,3.1878,2.4,0.75,358.4414,0.193755934,0.044284792
5.8486,4.936,0.26,3.1878,2.4,0.74,358.6766,0.18529214,0.047093488
5.8486,4.936,0.27,3.1878,2.4,0.73,358.9153,0.177149873,0.049951394
5.8486,4.936,0.28,3.1878,2.4,0.72,359.1576,0.169320745,0.052829614
5.8486,4.936,0.29,3.1878,2.4,0.71,359.4037,0.161787162,0.055746863
5.8486,4.936,0.3,3.1878,2.4,0.7,359.6537,0.154530608,0.058683916
5.8486,4.936,0.31,3.1878,2.4,0.69,359.9077,0.147557564,0.061640576
5.8486,4.936,0.32,3.1878,2.4,0.68,360.166,0.140848309,0.064626017
5.8486,4.936,0.33,3.1878,2.4,0.67,360.4286,0.134399765,0.067621265
5.8486,4.936,0.34,3.1878,2.4,0.66,360.6957,0.128190908,0.070635522
5.8486,4.936,0.35,3.1878,2.4,0.65,360.9675,0.122226482,0.0736593
5.8486,4.936,0.36,3.1878,2.4,0.64,361.244,0.116493315,0.076701748
5.8486,4.936,0.37,3.1878,2.4,0.63,361.5255,0.11097771,0.079744202
5.8486,4.936,0.38,3.1878,2.4,0.62,361.8121,0.105674466,0.082786632
5.8486,4.936,0.39,3.1878,2.4,0.61,362.1039,0.100587141,0.085838189
5.8486,4.936,0.4,3.1878,2.4,0.6,362.4011,0.095691925,0.088898761
5.8486,4.936,0.41,3.1878,2.4,0.59,362.7038,0.090991778,0.091949995
5.8486,4.936,0.42,3.1878,2.4,0.58,363.0123,0.086471231,0.095001041
5.8486,4.936,0.43,3.1878,2.4,0.57,363.3266,0.08213283,0.098042806
5.8486,4.936,0.44,3.1878,2.4,0.56,363.6469,0.077969791,0.101084386
5.8486,4.936,0.45,3.1878,2.4,0.55,363.9734,0.073975106,0.104125754
5.8486,4.936,0.46,3.1878,2.4,0.54,364.3063,0.070141545,0.107148916
5.8486,4.936,0.47,3.1878,2.4,0.53,364.6457,0.066471028,0.110162965
5.8486,4.936,0.48,3.1878,2.4,0.52,364.9918,0.06293724,0.113167958
5.8486,4.936,0.49,3.1878,2.4,0.51,365.3449,0.059560526,0.116155045
5.8486,4.936,0.5,3.1878,2.4,0.5,365.7049,0.056314169,0.119133235
5.8486,4.936,0.51,3.1878,2.4,0.49,366.0723,0.053208958,0.122093731
5.8486,4.936,0.52,3.1878,2.4,0.48,366.4471,0.050236736,0.125045489
5.8486,4.936,0.53,3.1878,2.4,0.47,366.8295,0.047389183,0.127970962
5.8486,4.936,0.54,3.1878,2.4,0.46,367.2198,0.044657828,0.130879128
5.8486,4.936,0.55,3.1878,2.4,0.45,367.6181,0.042053236,0.133761366
5.8486,4.936,0.56,3.1878,2.4,0.44,368.0247,0.039557195,0.136626598
5.8486,4.936,0.57,3.1878,2.4,0.43,368.4398,0.037180171,0.139474945
5.8486,4.936,0.58,3.1878,2.4,0.42,368.8635,0.034903716,0.142297855
5.8486,4.936,0.59,3.1878,2.4,0.41,369.2962,0.032728531,0.14509552
5.8486,4.936,0.6,3.1878,2.4,0.4,369.7381,0.030655288,0.147859503
5.8486,4.936,0.61,3.1878,2.4,0.39,370.1894,0.028674917,0.150607266
5.8486,4.936,0.62,3.1878,2.4,0.38,370.6504,0.026787977,0.153330343
5.8486,4.936,0.63,3.1878,2.4,0.37,371.1212,0.024995006,0.156020359
5.8486,4.936,0.64,3.1878,2.4,0.36,371.6023,0.023286747,0.158686094
5.8486,4.936,0.65,3.1878,2.4,0.35,372.0938,0.02166364,0.16131921
5.8486,4.936,0.66,3.1878,2.4,0.34,372.596,0.020116304,0.163919948
5.8486,4.936,0.67,3.1878,2.4,0.33,373.1093,0.018645095,0.166497006
5.8486,4.936,0.68,3.1878,2.4,0.32,373.634,0.017260182,0.169033662
5.8486,4.936,0.69,3.1878,2.4,0.31,374.17,0.015932403,0.171547053
5.8486,4.936,0.7,3.1878,2.4,0.3,374.718,0.014691549,0.174020532
5.8486,4.936,0.71,3.1878,2.4,0.29,375.279,0.01350835,0.176462761
5.8486,4.936,0.72,3.1878,2.4,0.28,375.852,0.01239289,0.178865592
5.8486,4.936,0.73,3.1878,2.4,0.27,376.438,0.01133551,0.181237636
5.8486,4.936,0.74,3.1878,2.4,0.26,377.038,0.010346292,0.183579099
5.8486,4.936,0.75,3.1878,2.4,0.25,377.651,0.009415534,0.185873574
5.8486,4.936,0.76,3.1878,2.4,0.24,378.278,0.008533486,0.188137942
5.8486,4.936,0.77,3.1878,2.4,0.23,378.92,0.0077102,0.190355862
5.8486,4.936,0.78,3.1878,2.4,0.22,379.577,0.006945822,0.192544128
5.8486,4.936,0.79,3.1878,2.4,0.21,380.249,0.006220612,0.194686462
5.8486,4.936,0.8,3.1878,2.4,0.2,380.937,0.005554545,0.196791362
5.8486,4.936,0.81,3.1878,2.4,0.19,381.641,0.004937789,0.198859055
5.8486,4.936,0.82,3.1878,2.4,0.18,382.362,0.004360479,0.200881582
5.8486,4.936,0.83,3.1878,2.4,0.17,383.101,0.003822684,0.202859208
5.8486,4.936,0.84,3.1878,2.4,0.16,383.857,0.003334435,0.204800339
5.8486,4.936,0.85,3.1878,2.4,0.15,384.631,0.002875861,0.206697046
5.8486,4.936,0.86,3.1878,2.4,0.14,385.424,0.002466955,0.208541458
5.8486,4.936,0.87,3.1878,2.4,0.13,386.236,0.002087819,0.210350063
5.8486,4.936,0.88,3.1878,2.4,0.12,387.069,0.001758453,0.212106871
5.8486,4.936,0.89,3.1878,2.4,0.11,387.921,0.00144895,0.213820224
5.8486,4.936,0.9,3.1878,2.4,0.1,388.795,0.001179304,0.21549034
5.8486,4.936,0.91,3.1878,2.4,0.09,389.691,0.000939558,0.217109382
5.8486,4.936,0.92,3.1878,2.4,0.08,390.609,0.000729734,0.218677594
5.8486,4.936,0.93,3.1878,2.4,0.07,391.55,0.000549849,0.220195209
5.8486,4.936,0.94,3.1878,2.4,0.06,392.515,0.00039992,0.221670467
5.8486,4.936,0.95,3.1878,2.4,0.05,393.504,0.000269964,0.22308755
5.8486,4.936,0.96,3.1878,2.4,0.04,394.518,0.000169986,0.224454691
5.8486,4.936,0.97,3.1878,2.4,0.03,395.558,8.9996e-05,0.225772094
5.8486,4.936,0.98,3.1878,2.4,0.02,396.624,3.9999e-05,0.22703995
5.8486,4.936,0.99,3.1878,2.4,0.01,397.718,1e-05,0.228250489
5.8486,4.936,1.0,3.1878,2.4,0.0,398.839,0.0,0.229403914
3.9228,2.968,0.0,5.3952,4.32,1.0,424.268,0.228616547,0.0
3.9228,2.968,0.01,5.3952,4.32,0.99,423.323,0.225189457,2e-05
3.9228,2.968,0.02,5.3952,4.32,0.98,422.403,0.221750582,7.9997e-05
3.9228,2.968,0.03,5.3952,4.32,0.97,421.509,0.218291801,0.000189982
3.9228,2.968,0.04,5.3952,4.32,0.96,420.64,0.214829082,0.000329946
3.9228,2.968,0.05,5.3952,4.32,0.95,419.794,0.211354331,0.000519865
3.9228,2.968,0.06,5.3952,4.32,0.94,418.97,0.207867464,0.000759711
3.9228,2.968,0.07,5.3952,4.32,0.93,418.168,0.204384699,0.00102947
3.9228,2.968,0.08,5.3952,4.32,0.92,417.387,0.200889762,0.001359076
3.9228,2.968,0.09,5.3952,4.32,0.91,416.627,0.197390777,0.001728505
3.9228,2.968,0.1,5.3952,4.32,0.9,415.885,0.193895981,0.002137713
3.9228,2.968,0.11,5.3952,4.32,0.89,415.163,0.19040546,0.0026066
3.9228,2.968,0.12,5.3952,4.32,0.88,414.458,0.186911009,0.003115143
3.9228,2.968,0.13,5.3952,4.32,0.87,413.771,0.183420952,0.003673245
3.9228,2.968,0.14,5.3952,4.32,0.86,413.101,0.179935379,0.004270867
3.9228,2.968,0.15,5.3952,4.32,0.85,412.447,0.176462761,0.004927838
3.9228,2.968,0.16,5.3952,4.32,0.84,411.809,0.172994865,0.005634099
3.9228,2.968,0.17,5.3952,4.32,0.83,411.185,0.169531782,0.006389543
3.9228,2.968,0.18,5.3952,4.32,0.82,410.576,0.166082074,0.007194061
3.9228,2.968,0.19,5.3952,4.32,0.81,409.981,0.162645921,0.008057451
3.9228,2.968,0.2,5.3952,4.32,0.8,409.4,0.159223506,0.008959741
3.9228,2.968,0.21,5.3952,4.32,0.79,408.832,0.155815008,0.009920627
3.9228,2.968,0.22,5.3952,4.32,0.78,408.276,0.152420613,0.01093994
3.9228,2.968,0.23,5.3952,4.32,0.77,407.732,0.149049118,0.012007619
3.9228,2.968,0.24,5.3952,4.32,0.76,407.201,0.145683506,0.013123509
3.9228,2.968,0.25,5.3952,4.32,0.75,406.68,0.142349895,0.014297305
3.9228,2.968,0.26,5.3952,4.32,0.74,406.171,0.139022539,0.015528802
3.9228,2.968,0.27,5.3952,4.32,0.73,405.672,0.135727729,0.016807952
3.9228,2.968,0.28,5.3952,4.32,0.72,405.183,0.132448306,0.01814439
3.9228,2.968,0.29,5.3952,4.32,0.71,404.704,0.129193246,0.019537886
3.9228,2.968,0.3,5.3952,4.32,0.7,404.235,0.125962823,0.020988199
3.9228,2.968,0.31,5.3952,4.32,0.69,403.776,0.12275731,0.022495078
3.9228,2.968,0.32,5.3952,4.32,0.68,403.325,0.119576981,0.024058265
3.9228,2.968,0.33,5.3952,4.32,0.67,402.882,0.11642211,0.025677493
3.9228,2.968,0.34,5.3952,4.32,0.66,402.449,0.113301899,0.027362217
3.9228,2.968,0.35,5.3952,4.32,0.65,402.023,0.110198792,0.029092674
3.9228,2.968,0.36,5.3952,4.32,0.64,401.605,0.107130948,0.030888016
3.9228,2.968,0.37,5.3952,4.32,0.63,401.195,0.10409872,0.032738209
3.9228,2.968,0.38,5.3952,4.32,0.62,400.792,0.101084386,0.034652603
3.9228,2.968,0.39,5.3952,4.32,0.61,400.396,0.098115333,0.036621183
3.9228,2.968,0.4,5.3952,4.32,0.6,400.007,0.095164715,0.038653244
3.9228,2.968,0.41,5.3952,4.32,0.59,399.625,0.092260078,0.040748392
3.9228,2.968,0.42,5.3952,4.32,0.58,399.249,0.089383561,0.042896641
3.9228,2.968,0.43,5.3952,4.32,0.57,398.88,0.086544601,0.045116759
3.9228,2.968,0.44,5.3952,4.32,0.56,398.516,0.083734347,0.047389183
3.9228,2.968,0.45,5.3952,4.32,0.55,398.159,0.080962285,0.049723062
3.9228,2.968,0.46,5.3952,4.32,0.54,397.807,0.078228756,0.052117954
3.9228,2.968,0.47,5.3952,4.32,0.53,397.461,0.075534098,0.054573409
3.9228,2.968,0.48,5.3952,4.32,0.52,397.12,0.072869348,0.057098412
3.9228,2.968,0.49,5.3952,4.32,0.51,396.784,0.07025341,0.059683002
3.9228,2.968,0.5,5.3952,4.32,0.5,396.453,0.06767734,0.062326702
3.9228,2.968,0.51,5.3952,4.32,0.49,396.127,0.065132095,0.065038396
3.9228,2.968,0.52,5.3952,4.32,0.48,395.805,0.062636714,0.06780817
3.9228,2.968,0.53,5.3952,4.32,0.47,395.489,0.060172755,0.07064484
3.9228,2.968,0.54,5.3952,4.32,0.46,395.176,0.057759344,0.073538524
3.9228,2.968,0.55,5.3952,4.32,0.45,394.868,0.055387402,0.076507234
3.9228,2.968,0.56,5.3952,4.32,0.44,394.564,0.053047754,0.079531808
3.9228,2.968,0.57,5.3952,4.32,0.43,394.264,0.050759652,0.08262092
3.9228,2.968,0.58,5.3952,4.32,0.42,393.968,0.048523462,0.085783123
3.9228,2.968,0.59,5.3952,4.32,0.41,393.676,0.04632045,0.0889994
3.9228,2.968,0.6,5.3952,4.32,0.4,393.387,0.044169984,0.092287434
3.9228,2.968,0.61,5.3952,4.32,0.39,393.102,0.042062824,0.095637399
3.9228,2.968,0.62,5.3952,4.32,0.38,392.82,0.039999256,0.099057695
3.9228,2.968,0.63,5.3952,4.32,0.37,392.542,0.037979559,0.102538538
3.9228,2.968,0.64,5.3952,4.32,0.36,392.267,0.036013653,0.106079257
3.9228,2.968,0.65,5.3952,4.32,0.35,391.995,0.0340922,0.109688138
3.9228,2.968,0.66,5.3952,4.32,0.34,391.726,0.032225147,0.113373327
3.9228,2.968,0.67,5.3952,4.32,0.33,391.459,0.030403106,0.117116147
3.9228,2.968,0.68,5.3952,4.32,0.32,391.196,0.028626329,0.120924762
3.9228,2.968,0.69,5.3952,4.32,0.31,390.935,0.026904798,0.124798371
3.9228,2.968,0.7,5.3952,4.32,0.3,390.677,0.025229054,0.128736164
3.9228,2.968,0.71,5.3952,4.32,0.29,390.422,0.023609099,0.132737327
3.9228,2.968,0.72,5.3952,4.32,0.28,390.169,0.022035427,0.136809763
3.9228,2.968,0.73,5.3952,4.32,0.27,389.919,0.020508261,0.140943852
3.9228,2.968,0.74,5.3952,4.32,0.26,389.67,0.019037629,0.145147415
3.9228,2.968,0.75,5.3952,4.32,0.25,389.425,0.017623785,0.149419505
3.9228,2.968,0.76,5.3952,4.32,0.24,389.181,0.016257134,0.1537506
3.9228,2.968,0.77,5.3952,4.32,0.23,388.939,0.014947724,0.158148393
3.9228,2.968,0.78,5.3952,4.32,0.22,388.699,0.013685919,0.162611925
3.9228,2.968,0.79,5.3952,4.32,0.21,388.462,0.012481778,0.167140235
3.9228,2.968,0.8,5.3952,4.32,0.2,388.226,0.01133551,0.171732355
3.9228,2.968,0.81,5.3952,4.32,0.19,387.992,0.010237418,0.176387317
3.9228,2.968,0.82,5.3952,4.32,0.18,387.76,0.009197572,0.181112493
3.9228,2.968,0.83,5.3952,4.32,0.17,387.53,0.008206237,0.185890182
3.9228,2.968,0.84,5.3952,4.32,0.16,387.301,0.007273484,0.190744319
3.9228,2.968,0.85,5.3952,4.32,0.15,387.074,0.00639948,0.19565724
3.9228,2.968,0.86,5.3952,4.32,0.14,386.848,0.005574434,0.200627967
3.9228,2.968,0.87,5.3952,4.32,0.13,386.624,0.004808421,0.205663664
3.9228,2.968,0.88,5.3952,4.32,0.12,386.402,0.004101577,0.21076323
3.9228,2.968,0.89,5.3952,4.32,0.11,386.181,0.003444062,0.215925564
3.9228,2.968,0.9,5.3952,4.32,0.1,385.961,0.002845946,0.221149565
3.9228,2.968,0.91,5.3952,4.32,0.09,385.742,0.002307336,0.226434131
3.9228,2.968,0.92,5.3952,4.32,0.08,385.525,0.001828328,0.231770234
3.9228,2.968,0.93,5.3952,4.32,0.07,385.309,0.001399021,0.237172681
3.9228,2.968,0.94,5.3952,4.32,0.06,385.095,0.00102947,0.242632404
3.9228,2.968,0.95,5.3952,4.32,0.05,384.881,0.000709748,0.248156113
3.9228,2.968,0.96,5.3952,4.32,0.04,384.669,0.000459894,0.253727071
3.9228,2.968,0.97,5.3952,4.32,0.03,384.457,0.000259966,0.259359755
3.9228,2.968,0.98,5.3952,4.32,0.02,384.247,0.000109994,0.265045283
3.9228,2.968,0.99,5.3952,4.32,0.01,384.038,3e-05,0.270790205
3.9228,2.968,1.0,5.3952,4.32,0.0,383.829,0.0,0.276585735
5.3952,4.32,0.0,3.9228,2.968,1.0,383.829,0.276585735,0.0
5.3952,4.32,0.01,3.9228,2.968,0.99,384.038,0.270790205,3e-05
5.3952,4.32,0.02,3.9228,2.968,0.98,384.247,0.265045283,0.000109994
5.3952,4.32,0.03,3.9228,2.968,0.97,384.457,0.259359755,0.000259966
5.3952,4.32,0.04,3.9228,2.968,0.96,384.669,0.253727071,0.000459894
5.3952,4.32,0.05,3.9228,2.968,0.95,384.881,0.248156113,0.000709748
5.3952,4.32,0.06,3.9228,2.968,0.94,385.095,0.242632404,0.00102947
5.3952,4.32,0.07,3.9228,2.968,0.93,385.309,0.237172681,0.001399021
5.3952,4.32,0.08,3.9228,2.968,0.92,385.525,0.231770234,0.001828328
5.3952,4.32,0.09,3.9228,2.968,0.91,385.742,0.226434131,0.002307336
5.3952,4.32,0.1,3.9228,2.968,0.9,385.961,0.221149565,0.002845946
5.3952,4.32,0.11,3.9228,2.968,0.89,386.181,0.215925564,0.003444062
5.3952,4.32,0.12,3.9228,2.968,0.88,386.402,0.21076323,0.004101577
5.3952,4.32,0.13,3.9228,2.968,0.87,386.624,0.205663664,0.004808421
5.3952,4.32,0.14,3.9228,2.968,0.86,386.848,0.200627967,0.005574434
5.3952,4.32,0.15,3.9228,2.968,0.85,387.074,0.19565724,0.00639948
5.3952,4.32,0.16,3.9228,2.968,0.84,387.301,0.190744319,0.007273484
5.3952,4.32,0.17,3.9228,2.968,0.83,387.53,0.185890182,0.008206237
5.3952,4.32,0.18,3.9228,2.968,0.82,387.76,0.181112493,0.009197572
5.3952,4.32,0.19,3.9228,2.968,0.81,387.992,0.176387317,0.010237418
5.3952,4.32,0.2,3.9228,2.968,0.8,388.226,0.171732355,0.01133551
5.3952,4.32,0.21,3.9228,2.968,0.79,388.462,0.167140235,0.012481778
5.3952,4.32,0.22,3.9228,2.968,0.78,388.699,0.162611925,0.013685919
5.3952,4.32,0.23,3.9228,2.968,0.77,388.939,0.158148393,0.014947724
5.3952,4.32,0.24,3.9228,2.968,0.76,389.181,0.1537506,0.016257134
5.3952,4.32,0.25,3.9228,2.968,0.75,389.425,0.149419505,0.017623785
5.3952,4.32,0.26,3.9228,2.968,0.74,389.67,0.145147415,0.019037629
5.3952,4.32,0.27,3.9228,2.968,0.73,389.919,0.140943852,0.020508261
5.3952,4.32,0.28,3.9228,2.968,0.72,390.169,0.136809763,0.022035427
5.3952,4.32,0.29,3.9228,2.968,0.71,390.422,0.132737327,0.023609099
5.3952,4.32,0.3,3.9228,2.968,0.7,390.677,0.128736164,0.025229054
5.3952,4.32,0.31,3.9228,2.968,0.69,390.935,0.124798371,0.026904798
5.3952,4.32,0.32,3.9228,2.968,0.68,391.196,0.120924762,0.028626329
5.3952,4.32,0.33,3.9228,2.968,0.67,391.459,0.117116147,0.030403106
5.3952,4.32,0.34,3.9228,2.968,0.66,391.726,0.113373327,0.032225147
5.3952,4.32,0.35,3.9228,2.968,0.65,391.995,0.109688138,0.0340922
5.3952,4.32,0.36,3.9228,2.968,0.64,392.267,0.106079257,0.036013653
5.3952,4.32,0.37,3.9228,2.968,0.63,392.542,0.102538538,0.037979559
5.3952,4.32,0.38,3.9228,2.968,0.62,392.82,0.099057695,0.039999256
5.3952,4.32,0.39,3.9228,2.968,0.61,393.102,0.095637399,0.042062824
5.3952,4.32,0.4,3.9228,2.968,0.6,393.387,0.092287434,0.044169984
5.3952,4.32,0.41,3.9228,2.968,0.59,393.676,0.0889994,0.04632045
5.3952,4.32,0.42,3.9228,2.968,0.58,393.968,0.085783123,0.048523462
5.3952,4.32,0.43,3.9228,2.968,0.57,394.264,0.08262092,0.050759652
5.3952,4.32,0.44,3.9228,2.968,0.56,394.564,0.079531808,0.053047754
5.3952,4.32,0.45,3.9228,2.968,0.55,394.868,0.076507234,0.055387402
5.3952,4.32,0.46,3.9228,2.968,0.54,395.176,0.073538524,0.057759344
5.3952,4.32,0.47,3.9228,2.968,0.53,395.489,0.07064484,0.060172755
5.3952,4.32,0.48,3.9228,2.968,0.52,395.805,0.06780817,0.062636714
5.3952,4.32,0.49,3.9228,2.968,0.51,396.127,0.065038396,0.065132095
5.3952,4.32,0.5,3.9228,2.968,0.5,396.453,0.062326702,0.06767734
5.3952,4.32,0.51,3.9228,2.968,0.49,396.784,0.059683002,0.07025341
5.3952,4.32,0.52,3.9228,2.968,0.48,397.12,0.057098412,0.072869348
5.3952,4.32,0.53,3.9228,2.968,0.47,397.461,0.054573409,0.075534098
5.3952,4.32,0.54,3.9228,2.968,0.46,397.807,0.052117954,0.078228756
5.3952,4.32,0.55,3.9228,2.968,0.45,398.159,0.049723062,0.080962285
5.3952,4.32,0.56,3.9228,2.968,0.44,398.516,0.047389183,0.083734347
5.3952,4.32,0.57,3.9228,2.968,0.43,398.88,0.045116759,0.086544601
5.3952,4.32,0.58,3.9228,2.968,0.42,399.249,0.042896641,0.089383561
5.3952,4.32,0.59,3.9228,2.968,0.41,399.625,0.040748392,0.092260078
5.3952,4.32,0.6,3.9228,2.968,0.4,400.007,0.038653244,0.095164715
5.3952,4.32,0.61,3.9228,2.968,0.39,400.396,0.036621183,0.098115333
5.3952,4.32,0.62,3.9228,2.968,0.38,400.792,0.034652603,0.101084386
5.3952,4.32,0.63,3.9228,2.968,0.37,401.195,0.032738209,0.10409872
5.3952,4.32,0.64,3.9228,2.968,0.36,401.605,0.030888016,0.107130948
5.3952,4.32,0.65,3.9228,2.968,0.35,402.023,0.029092674,0.110198792
5.3952,4.32,0.66,3.9228,2.968,0.34,402.449,0.027362217,0.113301899
5.3952,4.32,0.67,3.9228,2.968,0.33,402.882,0.025677493,0.11642211
5.3952,4.32,0.68,3.9228,2.968,0.32,403.325,0.024058265,0.119576981
5.3952,4.32,0.69,3.9228,2.968,0.31,403.776,0.022495078,0.12275731
5.3952,4.32,0.7,3.9228,2.968,0.3,404.235,0.020988199,0.125962823
5.3952,4.32,0.71,3.9228,2.968,0.29,404.704,0.019537886,0.129193246
5.3952,4.32,0.72,3.9228,2.968,0.28,405.183,0.01814439,0.132448306
5.3952,4.32,0.73,3.9228,2.968,0.27,405.672,0.016807952,0.135727729
5.3952,4.32,0.74,3.9228,2.968,0.26,406.171,0.015528802,0.139022539
5.3952,4.32,0.75,3.9228,2.968,0.25,406.68,0.014297305,0.142349895
5.3952,4.32,0.76,3.9228,2.968,0.24,407.201,0.013123509,0.145683506
5.3952,4.32,0.77,3.9228,2.968,0.23,407.732,0.012007619,0.149049118
5.3952,4.32,0.78,3.9228,2.968,0.22,408.276,0.01093994,0.152420613
5.3952,4.32,0.79,3.9228,2.968,0.21,408.832,0.009920627,0.155815008
5.3952,4.32,0.8,3.9228,2.968,0.2,409.4,0.008959741,0.159223506
5.3952,4.32,0.81,3.9228,2.968,0.19,409.981,0.008057451,0.162645921
5.3952,4.32,0.82,3.9228,2.968,0.18,410.576,0.007194061,0.166082074
5.3952,4.32,0.83,3.9228,2.968,0.17,411.185,0.006389543,0.169531782
5.3952,4.32,0.84,3.9228,2.968,0.16,411.809,0.005634099,0.172994865
5.3952,4.32,0.85,3.9228,2.968,0.15,412.447,0.004927838,0.176462761
5.3952,4.32,0.86,3.9228,2.968,0.14,413.101,0.004270867,0.179935379
5.3952,4.32,0.87,3.9228,2.968,0.13,413.771,0.003673245,0.183420952
5.3952,4.32,0.88,3.9228,2.968,0.12,414.458,0.003115143,0.186911009
5.3952,4.32,0.89,3.9228,2.968,0.11,415.163,0.0026066,0.19040546
5.3952,4.32,0.9,3.9228,2.968,0.1,415.885,0.002137713,0.193895981
5.3952,4.32,0.91,3.9228,2.968,0.09,416.627,0.001728505,0.197390777
5.3952,4.32,0.92,3.9228,2.968,0.08,417.387,0.001359076,0.200889762
5.3952,4.32,0.93,3.9228,2.968,0.07,418.168,0.00102947,0.204384699
5.3952,4.32,0.94,3.9228,2.968,0.06,418.97,0.000759711,0.207867464
5.3952,4.32,0.95,3.9228,2.968,0.05,419.794,0.000519865,0.211354331
5.3952,4.32,0.96,3.9228,2.968,0.04,420.64,0.000329946,0.214829082
5.3952,4.32,0.97,3.9228,2.968,0.03,421.509,0.000189982,0.218291801
5.3952,4.32,0.98,3.9228,2.968,0.02,422.403,7.9997e-05,0.221750582
5.3952,4.32,0.99,3.9228,2.968,0.01,423.323,2e-05,0.225189457
5.3952,4.32,1.0,3.9228,2.968,0.0,424.268,0.0,0.228616547
3.9228,2.968,0.0,7.8718,6.556,1.0,469.086,0.099419905,0.0
3.9228,2.968,0.01,7.8718,6.556,0.99,466.673,0.099953926,0.0
3.9228,2.968,0.02,7.8718,6.556,0.98,464.327,0.100424353,2e-05
3.9228,2.968,0.03,7.8718,6.556,0.97,462.048,0.100822233,3.9999e-05
3.9228,2.968,0.04,7.8718,6.556,0.96,459.836,0.101156692,6.9998e-05
3.9228,2.968,0.05,7.8718,6.556,0.95,457.69,0.101418757,0.000109994
3.9228,2.968,0.06,7.8718,6.556,0.94,455.608,0.101617519,0.000159987
3.9228,2.968,0.07,7.8718,6.556,0.93,453.589,0.101743984,0.000229974
3.9228,2.968,0.08,7.8718,6.556,0.92,451.632,0.10180721,0.000309952
3.9228,2.968,0.09,7.8718,6.556,0.91,449.735,0.10180721,0.000409916
3.9228,2.968,0.1,7.8718,6.556,0.9,447.897,0.101753016,0.000519865
3.9228,2.968,0.11,7.8718,6.556,0.89,446.115,0.101626553,0.000649789
3.9228,2.968,0.12,7.8718,6.556,0.88,444.388,0.101445863,0.000789688
3.9228,2.968,0.13,7.8718,6.556,0.87,442.714,0.101201881,0.000959539
3.9228,2.968,0.14,7.8718,6.556,0.86,441.092,0.100894558,0.001139351
3.9228,2.968,0.15,7.8718,6.556,0.85,439.519,0.100541925,0.00134909
3.9228,2.968,0.16,7.8718,6.556,0.84,437.995,0.100125839,0.001578753
3.9228,2.968,0.17,7.8718,6.556,0.83,436.516,0.099664323,0.001828328
3.9228,2.968,0.18,7.8718,6.556,0.82,435.082,0.099139203,0.002107777
3.9228,2.968,0.19,7.8718,6.556,0.81,433.691,0.098568502,0.002407101
3.9228,2.968,0.2,7.8718,6.556,0.8,432.341,0.097952141,0.00272628
3.9228,2.968,0.21,7.8718,6.556,0.79,431.03,0.097280964,0.003085236
3.9228,2.968,0.22,7.8718,6.556,0.78,429.758,0.096563939,0.003463993
3.9228,2.968,0.23,7.8718,6.556,0.77,428.523,0.095800968,0.003882454
3.9228,2.968,0.24,7.8718,6.556,0.76,427.322,0.095001041,0.004320653
3.9228,2.968,0.25,7.8718,6.556,0.75,426.156,0.094145866,0.004798469
3.9228,2.968,0.26,7.8718,6.556,0.74,425.023,0.093253521,0.005305899
3.9228,2.968,0.27,7.8718,6.556,0.73,423.92,0.092323907,0.005852839
3.9228,2.968,0.28,7.8718,6.556,0.72,422.848,0.091356921,0.006439224
3.9228,2.968,0.29,7.8718,6.556,0.71,421.806,0.09034332,0.007055054
3.9228,2.968,0.3,7.8718,6.556,0.7,420.791,0.089292107,0.0077102
3.9228,2.968,0.31,7.8718,6.556,0.69,419.803,0.088212322,0.008404582
3.9228,2.968,0.32,7.8718,6.556,0.68,418.841,0.087094707,0.009148029
3.9228,2.968,0.33,7.8718,6.556,0.67,417.904,0.085948312,0.009930529
3.9228,2.968,0.34,7.8718,6.556,0.66,416.991,0.084763853,0.01075199
3.9228,2.968,0.35,7.8718,6.556,0.65,416.101,0.083541196,0.011632084
3.9228,2.968,0.36,7.8718,6.556,0.64,415.233,0.082298623,0.012550907
3.9228,2.968,0.37,7.8718,6.556,0.63,414.387,0.081026839,0.013518216
3.9228,2.968,0.38,7.8718,6.556,0.62,413.562,0.079725734,0.014543725
3.9228,2.968,0.39,7.8718,6.556,0.61,412.757,0.078395197,0.015617411
3.9228,2.968,0.4,7.8718,6.556,0.6,411.97,0.077035112,0.01674895
3.9228,2.968,0.41,7.8718,6.556,0.59,411.203,0.075654633,0.017928323
3.9228,2.968,0.42,7.8718,6.556,0.58,410.453,0.074253676,0.019174979
3.9228,2.968,0.43,7.8718,6.556,0.57,409.721,0.072822861,0.020478869
3.9228,2.968,0.44,7.8718,6.556,0.56,409.005,0.071380685,0.021849551
3.9228,2.968,0.45,7.8718,6.556,0.55,408.306,0.069908452,0.023276977
3.9228,2.968,0.46,7.8718,6.556,0.54,407.622,0.06842471,0.024770658
3.9228,2.968,0.47,7.8718,6.556,0.53,406.953,0.066910705,0.026340035
3.9228,2.968,0.48,7.8718,6.556,0.52,406.298,0.065394405,0.027975024
3.9228,2.968,0.49,7.8718,6.556,0.51,405.658,0.063847658,0.029685008
3.9228,2.968,0.5,7.8718,6.556,0.5,405.031,0.062298514,0.031469597
3.9228,2.968,0.51,7.8718,6.556,0.49,404.418,0.060728146,0.033328387
3.9228,2.968,0.52,7.8718,6.556,0.48,403.817,0.059145882,0.035270614
3.9228,2.968,0.53,7.8718,6.556,0.47,403.228,0.057561111,0.037286151
3.9228,2.968,0.54,7.8718,6.556,0.46,402.651,0.055954912,0.039393775
3.9228,2.968,0.55,7.8718,6.556,0.45,402.085,0.05434613,0.041592897
3.9228,2.968,0.56,7.8718,6.556,0.44,401.531,0.052725269,0.043873334
3.9228,2.968,0.57,7.8718,6.556,0.43,400.987,0.051101776,0.046253617
3.9228,2.968,0.58,7.8718,6.556,0.42,400.454,0.049466126,0.048723495
3.9228,2.968,0.59,7.8718,6.556,0.41,399.93,0.047837329,0.051301294
3.9228,2.968,0.6,7.8718,6.556,0.4,399.417,0.046196327,0.053976691
3.9228,2.968,0.61,7.8718,6.556,0.39,398.912,0.044562191,0.056748886
3.9228,2.968,0.62,7.8718,6.556,0.38,398.417,0.042925381,0.059635898
3.9228,2.968,0.63,7.8718,6.556,0.37,397.93,0.041285887,0.062636714
3.9228,2.968,0.64,7.8718,6.556,0.36,397.452,0.039653312,0.065750287
3.9228,2.968,0.65,7.8718,6.556,0.35,396.982,0.038027694,0.068975538
3.9228,2.968,0.66,7.8718,6.556,0.34,396.52,0.036409072,0.072329964
3.9228,2.968,0.67,7.8718,6.556,0.33,396.066,0.034787825,0.075802963
3.9228,2.968,0.68,7.8718,6.556,0.32,395.619,0.033192967,0.079411739
3.9228,2.968,0.69,7.8718,6.556,0.31,395.179,0.031595562,0.083154783
3.9228,2.968,0.7,7.8718,6.556,0.3,394.745,0.030015009,0.087030543
3.9228,2.968,0.71,7.8718,6.556,0.29,394.319,0.028451393,0.091037428
3.9228,2.968,0.72,7.8718,6.556,0.28,393.898,0.026904798,0.095201083
3.9228,2.968,0.73,7.8718,6.556,0.27,393.484,0.025375306,0.099510437
3.9228,2.968,0.74,7.8718,6.556,0.26,393.076,0.023872764,0.103972553
3.9228,2.968,0.75,7.8718,6.556,0.25,392.673,0.022387519,0.108594281
3.9228,2.968,0.76,7.8718,6.556,0.24,392.276,0.02091965,0.113373327
3.9228,2.968,0.77,7.8718,6.556,0.23,391.884,0.019488853,0.118325111
3.9228,2.968,0.78,7.8718,6.556,0.22,391.497,0.018085468,0.123446965
3.9228,2.968,0.79,7.8718,6.556,0.21,391.115,0.016709614,0.128744956
3.9228,2.968,0.8,7.8718,6.556,0.2,390.737,0.015371255,0.134224902
3.9228,2.968,0.81,7.8718,6.556,0.19,390.364,0.014070544,0.139883674
3.9228,2.968,0.82,7.8718,6.556,0.18,389.994,0.012807631,0.145744014
3.9228,2.968,0.83,7.8718,6.556,0.17,389.629,0.011582661,0.151793618
3.9228,2.968,0.84,7.8718,6.556,0.16,389.268,0.010405673,0.158054479
3.9228,2.968,0.85,7.8718,6.556,0.15,388.91,0.009276837,0.164513938
3.9228,2.968,0.86,7.8718,6.556,0.14,388.555,0.008196318,0.171193199
3.9228,2.968,0.87,7.8718,6.556,0.13,388.203,0.007164275,0.178087606
3.9228,2.968,0.88,7.8718,6.556,0.12,387.855,0.006190797,0.185209051
3.9228,2.968,0.89,7.8718,6.556,0.11,387.509,0.00526611,0.192560625
3.9228,2.968,0.9,7.8718,6.556,0.1,387.165,0.004420216,0.200145103
3.9228,2.968,0.91,7.8718,6.556,0.09,386.824,0.003623427,0.207973059
3.9228,2.968,0.92,7.8718,6.556,0.08,386.486,0.002905774,0.216046426
3.9228,2.968,0.93,7.8718,6.556,0.07,386.149,0.00225745,0.224374793
3.9228,2.968,0.94,7.8718,6.556,0.06,385.814,0.00167859,0.23295922
3.9228,2.968,0.95,7.8718,6.556,0.05,385.48,0.001179304,0.241808277
3.9228,2.968,0.96,7.8718,6.556,0.04,385.148,0.000769704,0.25092991
3.9228,2.968,0.97,7.8718,6.556,0.03,384.817,0.000439903,0.260323722
3.9228,2.968,0.98,7.8718,6.556,0.02,384.487,0.00019998,0.270004236
3.9228,2.968,0.99,7.8718,6.556,0.01,384.158,4.9999e-05,0.279962352
3.9228,2.968,1.0,7.8718,6.556,0.0,383.829,0.0,0.290218852
7.8718,6.556,0.0,3.9228,2.968,1.0,383.829,0.290218852,0.0
7.8718,6.556,0.01,3.9228,2.968,0.99,384.158,0.279962352,4.9999e-05
7.8718,6.556,0.02,3.9228,2.968,0.98,384.487,0.270004236,0.00019998
7.8718,6.556,0.03,3.9228,2.968,0.97,384.817,0.260323722,0.000439903
7.8718,6.556,0.04,3.9228,2.968,0.96,385.148,0.25092991,0.000769704
7.8718,6.556,0.05,3.9228,2.968,0.95,385.48,0.241808277,0.001179304
7.8718,6.556,0.06,3.9228,2.968,0.94,385.814,0.23295922,0.00167859
7.8718,6.556,0.07,3.9228,2.968,0.93,386.149,0.224374793,0.00225745
7.8718,6.556,0.08,3.9228,2.968,0.92,386.486,0.216046426,0.002905774
7.8718,6.556,0.09,3.9228,2.968,0.91,386.824,0.207973059,0.003623427
7.8718,6.556,0.1,3.9228,2.968,0.9,387.165,0.200145103,0.004420216
7.8718,6.556,0.11,3.9228,2.968,0.89,387.509,0.192560625,0.00526611
7.8718,6.556,0.12,3.9228,2.968,0.88,387.855,0.185209051,0.006190797
7.8718,6.556,0.13,3.9228,2.968,0.87,388.203,0.178087606,0.007164275
7.8718,6.556,0.14,3.9228,2.968,0.86,388.555,0.171193199,0.008196318
7.8718,6.556,0.15,3.9228,2.968,0.85,388.91,0.164513938,0.009276837
7.8718,6.556,0.16,3.9228,2.968,0.84,389.268,0.158054479,0.010405673
7.8718,6.556,0.17,3.9228,2.968,0.83,389.629,0.151793618,0.011582661
7.8718,6.556,0.18,3.9228,2.968,0.82,389.994,0.145744014,0.012807631
7.8718,6.556,0.19,3.9228,2.968,0.81,390.364,0.139883674,0.014070544
7.8718,6.556,0.2,3.9228,2.968,0.8,390.737,0.134224902,0.015371255
7.8718,6.556,0.21,3.9228,2.968,0.79,391.115,0.128744956,0.016709614
7.8718,6.556,0.22,3.9228,2.968,0.78,391.497,0.123446965,0.018085468
7.8718,6.556,0.23,3.9228,2.968,0.77,391.884,0.118325111,0.019488853
7.8718,6.556,0.24,3.9228,2.968,0.76,392.276,0.113373327,0.02091965
7.8718,6.556,0.25,3.9228,2.968,0.75,392.673,0.108594281,0.022387519
7.8718,6.556,0.26,3.9228,2.968,0.74,393.076,0.103972553,0.023872764
7.8718,6.556,0.27,3.9228,2.968,0.73,393.484,0.099510437,0.025375306
7.8718,6.556,0.28,3.9228,2.968,0.72,393.898,0.095201083,0.026904798
7.8718,6.556,0.29,3.9228,2.968,0.71,394.319,0.091037428,0.028451393
7.8718,6.556,0.3,3.9228,2.968,0.7,394.745,0.087030543,0.030015009
7.8718,6.556,0.31,3.9228,2.968,0.69,395.179,0.083154783,0.031595562
7.8718,6.556,0.32,3.9228,2.968,0.68,395.619,0.079411739,0.033192967
7.8718,6.556,0.33,3.9228,2.968,0.67,396.066,0.075802963,0.034787825
7.8718,6.556,0.34,3.9228,2.968,0.66,396.52,0.072329964,0.036409072
7.8718,6.556,0.35,3.9228,2.968,0.65,396.982,0.068975538,0.038027694
7.8718,6.556,0.36,3.9228,2.968,0.64,397.452,0.065750287,0.039653312
7.8718,6.556,0.37,3.9228,2.968,0.63,397.93,0.062636714,0.041285887
7.8718,6.556,0.38,3.9228,2.968,0.62,398.417,0.059635898,0.042925381
7.8718,6.556,0.39,3.9228,2.968,0.61,398.912,0.056748886,0.044562191
7.8718,6.556,0.4,3.9228,2.968,0.6,399.417,0.053976691,0.046196327
7.8718,6.556,0.41,3.9228,2.968,0.59,399.93,0.051301294,0.047837329
7.8718,6.556,0.42,3.9228,2.968,0.58,400.454,0.048723495,0.049466126
7.8718,6.556,0.43,3.9228,2.968,0.57,400.987,0.046253617,0.051101776
7.8718,6.556,0.44,3.9228,2.968,0.56,401.531,0.043873334,0.052725269
7.8718,6.556,0.45,3.9228,2.968,0.55,402.085,0.041592897,0.05434613
7.8718,6.556,0.46,3.9228,2.968,0.54,402.651,0.039393775,0.055954912
7.8718,6.556,0.47,3.9228,2.968,0.53,403.228,0.037286151,0.057561111
7.8718,6.556,0.48,3.9228,2.968,0.52,403.817,0.035270614,0.059145882
7.8718,6.556,0.49,3.9228,2.968,0.51,404.418,0.033328387,0.060728146
7.8718,6.556,0.5,3.9228,2.968,0.5,405.031,0.031469597,0.062298514
7.8718,6.556,0.51,3.9228,2.968,0.49,405.658,0.029685008,0.063847658
7.8718,6.556,0.52,3.9228,2.968,0.48,406.298,0.027975024,0.065394405
7.8718,6.556,0.53,3.9228,2.968,0.47,406.953,0.026340035,0.066910705
7.8718,6.556,0.54,3.9228,2.968,0.46,407.622,0.024770658,0.06842471
7.8718,6.556,0.55,3.9228,2.968,0.45,408.306,0.023276977,0.069908452
7.8718,6.556,0.56,3.9228,2.968,0.44,409.005,0.021849551,0.071380685
7.8718,6.556,0.57,3.9228,2.968,0.43,409.721,0.020478869,0.072822861
7.8718,6.556,0.58,3.9228,2.968,0.42,410.453,0.019174979,0.074253676
7.8718,6.556,0.59,3.9228,2.968,0.41,411.203,0.017928323,0.075654633
7.8718,6.556,0.6,3.9228,2.968,0.4,411.97,0.01674895,0.077035112
7.8718,6.556,0.61,3.9228,2.968,0.39,412.757,0.015617411,0.078395197
7.8718,6.556,0.62,3.9228,2.968,0.38,413.562,0.014543725,0.079725734
7.8718,6.556,0.63,3.9228,2.968,0.37,414.387,0.013518216,0.081026839
7.8718,6.556,0.64,3.9228,2.968,0.36,415.233,0.012550907,0.082298623
7.8718,6.556,0.65,3.9228,2.968,0.35,416.101,0.011632084,0.083541196
7.8718,6.556,0.66,3.9228,2.968,0.34,416.991,0.01075199,0.084763853
7.8718,6.556,0.67,3.9228,2.968,0.33,417.904,0.009930529,0.085948312
7.8718,6.556,0.68,3.9228,2.968,0.32,418.841,0.009148029,0.087094707
7.8718,6.556,0.69,3.9228,2.968,0.31,419.803,0.008404582,0.088212322
7.8718,6.556,0.7,3.9228,2.968,0.3,420.791,0.0077102,0.089292107
7.8718,6.556,0.71,3.9228,2.968,0.29,421.806,0.007055054,0.09034332
7.8718,6.556,0.72,3.9228,2.968,0.28,422.848,0.006439224,0.091356921
7.8718,6.556,0.73,3.9228,2.968,0.27,423.92,0.005852839,0.092323907
7.8718,6.556,0.74,3.9228,2.968,0.26,425.023,0.005305899,0.093253521
7.8718,6.556,0.75,3.9228,2.968,0.25,426.156,0.004798469,0.094145866
7.8718,6.556,0.76,3.9228,2.968,0.24,427.322,0.004320653,0.095001041
7.8718,6.556,0.77,3.9228,2.968,0.23,428.523,0.003882454,0.095800968
7.8718,6.556,0.78,3.9228,2.968,0.22,429.758,0.003463993,0.096563939
7.8718,6.556,0.79,3.9228,2.968,0.21,431.03,0.003085236,0.097280964
7.8718,6.556,0.8,3.9228,2.968,0.2,432.341,0.00272628,0.097952141
7.8718,6.556,0.81,3.9228,2.968,0.19,433.691,0.002407101,0.098568502
7.8718,6.556,0.82,3.9228,2.968,0.18,435.082,0.002107777,0.099139203
7.8718,6.556,0.83,3.9228,2.968,0.17,436.516,0.001828328,0.099664323
7.8718,6.556,0.84,3.9228,2.968,0.16,437.995,0.001578753,0.100125839
7.8718,6.556,0.85,3.9228,2.968,0.15,439.519,0.00134909,0.100541925
7.8718,6.556,0.86,3.9228,2.968,0.14,441.092,0.001139351,0.100894558
7.8718,6.556,0.87,3.9228,2.968,0.13,442.714,0.000959539,0.101201881
7.8718,6.556,0.88,3.9228,2.968,0.12,444.388,0.000789688,0.101445863
7.8718,6.556,0.89,3.9228,2.968,0.11,446.115,0.000649789,0.101626553
7.8718,6.556,0.9,3.9228,2.968,0.1,447.897,0.000519865,0.101753016
7.8718,6.556,0.91,3.9228,2.968,0.09,449.735,0.000409916,0.10180721
7.8718,6.556,0.92,3.9228,2.968,0.08,451.632,0.000309952,0.10180721
7.8718,6.556,0.93,3.9228,2.968,0.07,453.589,0.000229974,0.101743984
7.8718,6.556,0.94,3.9228,2.968,0.06,455.608,0.000159987,0.101617519
7.8718,6.556,0.95,3.9228,2.968,0.05,457.69,0.000109994,0.101418757
7.8718,6.556,0.96,3.9228,2.968,0.04,459.836,6.9998e-05,0.101156692
7.8718,6.556,0.97,3.9228,2.968,0.03,462.048,3.9999e-05,0.100822233
7.8718,6.556,0.98,3.9228,2.968,0.02,464.327,2e-05,0.100424353
7.8718,6.556,0.99,3.9228,2.968,0.01,466.673,0.0,0.099953926
7.8718,6.556,1.0,3.9228,2.968,0.0,469.086,0.0,0.099419905
1.4311,1.432,0.0,9.5482,7.976,1.0,539.774,0.500666191,0.0
1.4311,1.432,0.01,9.5482,7.976,0.99,491.148,0.626847109,2e-05
1.4311,1.432,0.02,9.5482,7.976,0.98,453.305,0.738173126,0.000119993
1.4311,1.432,0.03,9.5482,7.976,0.97,430.826,0.808126289,0.000319949
1.4311,1.432,0.04,9.5482,7.976,0.96,416.139,0.85352983,0.000639795
1.4311,1.432,0.05,9.5482,7.976,0.95,405.627,0.884428479,0.001099395
1.4311,1.432,0.06,9.5482,7.976,0.94,397.62,0.905981777,0.001698557
1.4311,1.432,0.07,9.5482,7.976,0.93,391.251,0.921051382,0.002447004
1.4311,1.432,0.08,9.5482,7.976,0.92,386.027,0.931380309,0.003364334
1.4311,1.432,0.09,9.5482,7.976,0.91,381.64,0.938087448,0.004440128
1.4311,1.432,0.1,9.5482,7.976,0.9,377.891,0.941946783,0.005683816
1.4311,1.432,0.11,9.5482,7.976,0.89,374.639,0.943508933,0.007114631
1.4311,1.432,0.12,9.5482,7.976,0.88,371.7875,0.943174114,0.008721854
1.4311,1.432,0.13,9.5482,7.976,0.87,369.2622,0.941256478,0.010524423
1.4311,1.432,0.14,9.5482,7.976,0.86,367.0082,0.937993514,0.012521281
1.4311,1.432,0.15,9.5482,7.976,0.85,364.9827,0.933576469,0.014721111
1.4311,1.432,0.16,9.5482,7.976,0.84,363.152,0.928163965,0.017122569
1.4311,1.432,0.17,9.5482,7.976,0.83,361.4891,0.921879088,0.019743802
1.4311,1.432,0.18,9.5482,7.976,0.82,359.9721,0.914829665,0.022573295
1.4311,1.432,0.19,9.5482,7.976,0.81,358.583,0.907100632,0.025638507
1.4311,1.432,0.2,9.5482,7.976,0.8,357.3066,0.898774209,0.028927535
1.4311,1.432,0.21,9.5482,7.976,0.79,356.1305,0.889905688,0.032447829
1.4311,1.432,0.22,9.5482,7.976,0.78,355.0439,0.880559922,0.036216204
1.4311,1.432,0.23,9.5482,7.976,0.77,354.0376,0.870778589,0.040229819
1.4311,1.432,0.24,9.5482,7.976,0.76,353.1038,0.860604645,0.04449524
1.4311,1.432,0.25,9.5482,7.976,0.75,352.2357,0.850082551,0.049028231
1.4311,1.432,0.26,9.5482,7.976,0.74,351.4273,0.839236886,0.053815611
1.4311,1.432,0.27,9.5482,7.976,0.73,350.6735,0.828101935,0.058881928
1.4311,1.432,0.28,9.5482,7.976,0.72,349.9696,0.816704623,0.064222846
1.4311,1.432,0.29,9.5482,7.976,0.71,349.3115,0.805064156,0.069852502
1.4311,1.432,0.3,9.5482,7.976,0.7,348.6957,0.793205163,0.075775153
1.4311,1.432,0.31,9.5482,7.976,0.69,348.1189,0.7811489,0.081994648
1.4311,1.432,0.32,9.5482,7.976,0.68,347.5783,0.768913063,0.088532719
1.4311,1.432,0.33,9.5482,7.976,0.67,347.0711,0.756506882,0.095382904
1.4311,1.432,0.34,9.5482,7.976,0.66,346.5952,0.743949604,0.102556588
1.4311,1.432,0.35,9.5482,7.976,0.65,346.1482,0.7312567,0.110064435
1.4311,1.432,0.36,9.5482,7.976,0.64,345.7284,0.718439613,0.117907472
1.4311,1.432,0.37,9.5482,7.976,0.63,345.3339,0.70551044,0.126112692
1.4311,1.432,0.38,9.5482,7.976,0.62,344.9631,0.692476956,0.134679483
1.4311,1.432,0.39,9.5482,7.976,0.61,344.6146,0.67935247,0.143615378
1.4311,1.432,0.4,9.5482,7.976,0.6,344.2869,0.666140768,0.152927074
1.4311,1.432,0.41,9.5482,7.976,0.59,343.9789,0.652856295,0.162637422
1.4311,1.432,0.42,9.5482,7.976,0.58,343.6893,0.639503758,0.172750904
1.4311,1.432,0.43,9.5482,7.976,0.57,343.4172,0.626093499,0.183287757
1.4311,1.432,0.44,9.5482,7.976,0.56,343.1614,0.612636447,0.194241893
1.4311,1.432,0.45,9.5482,7.976,0.55,342.9212,0.599127667,0.205647382
1.4311,1.432,0.46,9.5482,7.976,0.54,342.6955,0.585584241,0.217503677
1.4311,1.432,0.47,9.5482,7.976,0.53,342.4837,0.572007267,0.229833126
1.4311,1.432,0.48,9.5482,7.976,0.52,342.285,0.558403625,0.242640249
1.4311,1.432,0.49,9.5482,7.976,0.51,342.0987,0.544786374,0.255951438
1.4311,1.432,0.5,9.5482,7.976,0.5,341.924,0.531145764,0.269782833
1.4311,1.432,0.51,9.5482,7.976,0.49,341.7604,0.517501292,0.284148336
1.4311,1.432,0.52,9.5482,7.976,0.48,341.6073,0.503849346,0.299059602
1.4311,1.432,0.53,9.5482,7.976,0.47,341.4641,0.490204462,0.314547932
1.4311,1.432,0.54,9.5482,7.976,0.46,341.3304,0.476563317,0.330619428
1.4311,1.432,0.55,9.5482,7.976,0.45,341.2055,0.462934955,0.34731326
1.4311,1.432,0.56,9.5482,7.976,0.44,341.089,0.449322491,0.364629225
1.4311,1.432,0.57,9.5482,7.976,0.43,340.9805,0.435729163,0.382612635
1.4311,1.432,0.58,9.5482,7.976,0.42,340.8794,0.422164887,0.401269653
1.4311,1.432,0.59,9.5482,7.976,0.41,340.7854,0.408633417,0.420636111
1.4311,1.432,0.6,9.5482,7.976,0.4,340.6981,0.39513864,0.440742158
1.4311,1.432,0.61,9.5482,7.976,0.39,340.617,0.381691407,0.461605967
1.4311,1.432,0.62,9.5482,7.976,0.38,340.5418,0.368282317,0.483259136
1.4311,1.432,0.63,9.5482,7.976,0.37,340.4721,0.354936434,0.505744738
1.4311,1.432,0.64,9.5482,7.976,0.36,340.4075,0.341644551,0.529085886
1.4311,1.432,0.65,9.5482,7.976,0.35,340.3476,0.328418463,0.553321736
1.4311,1.432,0.66,9.5482,7.976,0.34,340.2921,0.315263192,0.578488011
1.4311,1.432,0.67,9.5482,7.976,0.33,340.2406,0.302183911,0.604627394
1.4311,1.432,0.68,9.5482,7.976,0.32,340.1928,0.289185941,0.631787601
1.4311,1.432,0.69,9.5482,7.976,0.31,340.1482,0.276282342,0.66000913
1.4311,1.432,0.7,9.5482,7.976,0.3,340.1067,0.263479028,0.689334923
1.4311,1.432,0.71,9.5482,7.976,0.29,340.0676,0.250782064,0.719828059
1.4311,1.432,0.72,9.5482,7.976,0.28,340.0305,0.238197667,0.751538723
1.4311,1.432,0.73,9.5482,7.976,0.27,339.9959,0.225740177,0.784517792
1.4311,1.432,0.74,9.5482,7.976,0.26,339.9627,0.213416396,0.818836656
1.4311,1.432,0.75,9.5482,7.976,0.25,339.93,0.201225087,0.854564253
1.4311,1.432,0.76,9.5482,7.976,0.24,339.8981,0.189197861,0.891768505
1.4311,1.432,0.77,9.5482,7.976,0.23,339.8665,0.17733414,0.930521
1.4311,1.432,0.78,9.5482,7.976,0.22,339.8347,0.165641549,0.970911484
1.4311,1.432,0.79,9.5482,7.976,0.21,339.8022,0.154144966,1.013028982
1.4311,1.432,0.8,9.5482,7.976,0.2,339.7686,0.142852813,1.056963564
1.4311,1.432,0.81,9.5482,7.976,0.19,339.7343,0.131782364,1.102816771
1.4311,1.432,0.82,9.5482,7.976,0.18,339.6956,0.120942484,1.150711258
1.4311,1.432,0.83,9.5482,7.976,0.17,339.6552,0.110368952,1.200756638
1.4311,1.432,0.84,9.5482,7.976,0.16,339.6115,0.100062506,1.253082917
1.4311,1.432,0.85,9.5482,7.976,0.15,339.5636,0.090060058,1.307832695
1.4311,1.432,0.86,9.5482,7.976,0.14,339.511,0.080381112,1.365157544
1.4311,1.432,0.87,9.5482,7.976,0.13,339.4529,0.07104543,1.425224167
1.4311,1.432,0.88,9.5482,7.976,0.12,339.3884,0.06209178,1.488212208
1.4311,1.432,0.89,9.5482,7.976,0.11,339.3166,0.053540767,1.554320473
1.4311,1.432,0.9,9.5482,7.976,0.1,339.2366,0.045441707,1.623762819
1.4311,1.432,0.91,9.5482,7.976,0.09,339.1472,0.037815881,1.69677457
1.4311,1.432,0.92,9.5482,7.976,0.08,339.0474,0.030723173,1.773615865
1.4311,1.432,0.93,9.5482,7.976,0.07,338.9358,0.024204689,1.854571501
1.4311,1.432,0.94,9.5482,7.976,0.06,338.8111,0.01831132,1.939953874
1.4311,1.432,0.95,9.5482,7.976,0.05,338.6716,0.013103769,2.030109481
1.4311,1.432,0.96,9.5482,7.976,0.04,338.5156,0.008642545,2.125420616
1.4311,1.432,0.97,9.5482,7.976,0.03,338.3412,0.005017392,2.226308617
1.4311,1.432,0.98,9.5482,7.976,0.02,338.1462,0.002307336,2.333240381
1.4311,1.432,0.99,9.5482,7.976,0.01,337.9283,0.00059982,2.446746041
1.4311,1.432,1.0,9.5482,7.976,0.0,337.6848,0.0,2.567400198
9.5482,7.976,0.0,1.4311,1.432,1.0,337.6848,2.567400198,0.0
9.5482,7.976,0.01,1.4311,1.432,0.99,337.9283,2.446746041,0.00059982
9.5482,7.976,0.02,1.4311,1.432,0.98,338.1462,2.333240381,0.002307336
9.5482,7.976,0.03,1.4311,1.432,0.97,338.3412,2.226308617,0.005017392
9.5482,7.976,0.04,1.4311,1.432,0.96,338.5156,2.125420616,0.008642545
9.5482,7.976,0.05,1.4311,1.432,0.95,338.6716,2.030109481,0.013103769
9.5482,7.976,0.06,1.4311,1.432,0.94,338.8111,1.939953874,0.01831132
9.5482,7.976,0.07,1.4311,1.432,0.93,338.9358,1.854571501,0.024204689
9.5482,7.976,0.08,1.4311,1.432,0.92,339.0474,1.773615865,0.030723173
9.5482,7.976,0.09,1.4311,1.432,0.91,339.1472,1.69677457,0.037815881
9.5482,7.976,0.1,1.4311,1.432,0.9,339.2366,1.623762819,0.045441707
9.5482,7.976,0.11,1.4311,1.432,0.89,339.3166,1.554320473,0.053540767
9.5482,7.976,0.12,1.4311,1.432,0.88,339.3884,1.488212208,0.06209178
9.5482,7.976,0.13,1.4311,1.432,0.87,339.4529,1.425224167,0.07104543
9.5482,7.976,0.14,1.4311,1.432,0.86,339.511,1.365157544,0.080381112
9.5482,7.976,0.15,1.4311,1.432,0.85,339.5636,1.307832695,0.090060058
9.5482,7.976,0.16,1.4311,1.432,0.84,339.6115,1.253082917,0.100062506
9.5482,7.976,0.17,1.4311,1.432,0.83,339.6552,1.200756638,0.110368952
9.5482,7.976,0.18,1.4311,1.432,0.82,339.6956,1.150711258,0.120942484
9.5482,7.976,0.19,1.4311,1.432,0.81,339.7343,1.102816771,0.131782364
9.5482,7.976,0.2,1.4311,1.432,0.8,339.7686,1.056963564,0.142852813
9.5482,7.976,0.21,1.4311,1.432,0.79,339.8022,1.013028982,0.154144966
9.5482,7.976,0.22,1.4311,1.432,0.78,339.8347,0.970911484,0.165641549
9.5482,7.976,0.23,1.4311,1.432,0.77,339.8665,0.930521,0.17733414
9.5482,7.976,0.24,1.4311,1.432,0.76,339.8981,0.891768505,0.189197861
9.5482,7.976,0.25,1.4311,1.432,0.75,339.93,0.854564253,0.201225087
9.5482,7.976,0.26,1.4311,1.432,0.74,339.9627,0.818836656,0.213416396
9.5482,7.976,0.27,1.4311,1.432,0.73,339.9959,0.784517792,0.225740177
9.5482,7.976,0.28,1.4311,1.432,0.72,340.0305,0.751538723,0.238197667
9.5482,7.976,0.29,1.4311,1.432,0.71,340.0676,0.719828059,0.250782064
9.5482,7.976,0.3,1.4311,1.432,0.7,340.1067,0.689334923,0.263479028
9.5482,7.976,0.31,1.4311,1.432,0.69,340.1482,0.66000913,0.276282342
9.5482,7.976,0.32,1.4311,1.432,0.68,340.1928,0.631787601,0.289185941
9.5482,7.976,0.33,1.4311,1.432,0.67,340.2406,0.604627394,0.302183911
9.5482,7.976,0.34,1.4311,1.432,0.66,340.2921,0.578488011,0.315263192
9.5482,7.976,0.35,1.4311,1.432,0.65,340.3476,0.553321736,0.328418463
9.5482,7.976,0.36,1.4311,1.432,0.64,340.4075,0.529085886,0.341644551
9.5482,7.976,0.37,1.4311,1.432,0.63,340.4721,0.505744738,0.354936434
9.5482,7.976,0.38,1.4311,1.432,0.62,340.5418,0.483259136,0.368282317
9.5482,7.976,0.39,1.4311,1.432,0.61,340.617,0.461605967,0.381691407
9.5482,7.976,0.4,1.4311,1.432,0.6,340.6981,0.440742158,0.39513864
9.5482,7.976,0.41,1.4311,1.432,0.59,340.7854,0.420636111,0.408633417
9.5482,7.976,0.42,1.4311,1.432,0.58,340.8794,0.401269653,0.422164887
9.5482,7.976,0.43,1.4311,1.432,0.57,340.9805,0.382612635,0.435729163
9.5482,7.976,0.44,1.4311,1.432,0.56,341.089,0.364629225,0.449322491
9.5482,7.976,0.45,1.4311,1.432,0.55,341.2055,0.34731326,0.462934955
9.5482,7.976,0.46,1.4311,1.432,0.54,341.3304,0.330619428,0.476563317
9.5482,7.976,0.47,1.4311,1.432,0.53,341.4641,0.314547932,0.490204462
9.5482,7.976,0.48,1.4311,1.432,0.52,341.6073,0.299059602,0.503849346
9.5482,7.976,0.49,1.4311,1.432,0.51,341.7604,0.284148336,0.517501292
9.5482,7.976,0.5,1.4311,1.432,0.5,341.924,0.269782833,0.531145764
9.5482,7.976,0.51,1.4311,1.432,0.49,342.0987,0.255951438,0.544786374
9.5482,7.976,0.52,1.4311,1.432,0.48,342.285,0.242640249,0.558403625
9.5482,7.976,0.53,1.4311,1.432,0.47,342.4837,0.229833126,0.572007267
9.5482,7.976,0.54,1.4311,1.432,0.46,342.6955,0.217503677,0.585584241
9.5482,7.976,0.55,1.4311,1.432,0.45,342.9212,0.205647382,0.599127667
9.5482,7.976,0.56,1.4311,1.432,0.44,343.1614,0.194241893,0.612636447
9.5482,7.976,0.57,1.4311,1.432,0.43,343.4172,0.183287757,0.626093499
9.5482,7.976,0.58,1.4311,1.432,0.42,343.6893,0.172750904,0.639503758
9.5482,7.976,0.59,1.4311,1.432,0.41,343.9789,0.162637422,0.652856295
9.5482,7.976,0.6,1.4311,1.432,0.4,344.2869,0.152927074,0.666140768
9.5482,7.976,0.61,1.4311,1.432,0.39,344.6146,0.143615378,0.67935247
9.5482,7.976,0.62,1.4311,1.432,0.38,344.9631,0.134679483,0.692476956
9.5482,7.976,0.63,1.4311,1.432,0.37,345.3339,0.126112692,0.70551044
9.5482,7.976,0.64,1.4311,1.432,0.36,345.7284,0.117907472,0.718439613
9.5482,7.976,0.65,1.4311,1.432,0.35,346.1482,0.110064435,0.7312567
9.5482,7.976,0.66,1.4311,1.432,0.34,346.5952,0.102556588,0.743949604
9.5482,7.976,0.67,1.4311,1.432,0.33,347.0711,0.095382904,0.756506882
9.5482,7.976,0.68,1.4311,1.432,0.32,347.5783,0.088532719,0.768913063
9.5482,7.976,0.69,1.4311,1.432,0.31,348.1189,0.081994648,0.7811489
9.5482,7.976,0.7,1.4311,1.432,0.3,348.6957,0.075775153,0.793205163
9.5482,7.976,0.71,1.4311,1.432,0.29,349.3115,0.069852502,0.805064156
9.5482,7.976,0.72,1.4311,1.432,0.28,349.9696,0.064222846,0.816704623
9.5482,7.976,0.73,1.4311,1.432,0.27,350.6735,0.058881928,0.828101935
9.5482,7.976,0.74,1.4311,1.432,0.26,351.4273,0.053815611,0.839236886
9.5482,7.976,0.75,1.4311,1.432,0.25,352.2357,0.049028231,0.850082551
9.5482,7.976,0.76,1.4311,1.432,0.24,353.1038,0.04449524,0.860604645
9.5482,7.976,0.77,1.4311,1.432,0.23,354.0376,0.040229819,0.870778589
9.5482,7.976,0.78,1.4311,1.432,0.22,355.0439,0.036216204,0.880559922
9.5482,7.976,0.79,1.4311,1.432,0.21,356.1305,0.032447829,0.889905688
9.5482,7.976,0.8,1.4311,1.432,0.2,357.3066,0.028927535,0.898774209
9.5482,7.976,0.81,1.4311,1.432,0.19,358.583,0.025638507,0.907100632
9.5482,7.976,0.82,1.4311,1.432,0.18,359.9721,0.022573295,0.914829665
9.5482,7.976,0.83,1.4311,1.432,0.17,361.4891,0.019743802,0.921879088
9.5482,7.976,0.84,1.4311,1.432,0.16,363.152,0.017122569,0.928163965
9.5482,7.976,0.85,1.4311,1.432,0.15,364.9827,0.014721111,0.933576469
9.5482,7.976,0.86,1.4311,1.432,0.14,367.0082,0.012521281,0.937993514
9.5482,7.976,0.87,1.4311,1.432,0.13,369.2622,0.010524423,0.941256478
9.5482,7.976,0.88,1.4311,1.432,0.12,371.7875,0.008721854,0.943174114
9.5482,7.976,0.89,1.4311,1.432,0.11,374.639,0.007114631,0.943508933
9.5482,7.976,0.9,1.4311,1.432,0.1,377.891,0.005683816,0.941946783
9.5482,7.976,0.91,1.4311,1.432,0.09,381.64,0.004440128,0.938087448
9.5482,7.976,0.92,1.4311,1.432,0.08,386.027,0.003364334,0.931380309
9.5482,7.976,0.93,1.4311,1.432,0.07,391.251,0.002447004,0.921051382
9.5482,7.976,0.94,1.4311,1.432,0.06,397.62,0.001698557,0.905981777
9.5482,7.976,0.95,1.4311,1.432,0.05,405.627,0.001099395,0.884428479
9.5482,7.976,0.96,1.4311,1.432,0.04,416.139,0.000639795,0.85352983
9.5482,7.976,0.97,1.4311,1.432,0.03,430.826,0.000319949,0.808126289
9.5482,7.976,0.98,1.4311,1.432,0.02,453.305,0.000119993,0.738173126
9.5482,7.976,0.99,1.4311,1.432,0.01,491.148,2e-05,0.626847109
9.5482,7.976,1.0,1.4311,1.432,0.0,539.774,0.0,0.500666191
3.9243,3.668,0.0,13.5946,11.216,1.0,623.518,0.308675167,0.0
3.9243,3.668,0.01,13.5946,11.216,0.99,600.617,0.340720343,1e-05
3.9243,3.668,0.02,13.5946,11.216,0.98,568.855,0.389958838,5.9998e-05
3.9243,3.668,0.03,13.5946,11.216,0.97,532.267,0.453975868,0.000179984
3.9243,3.668,0.04,13.5946,11.216,0.96,509.434,0.496548184,0.000369932
3.9243,3.668,0.05,13.5946,11.216,0.95,493.314,0.527015852,0.000649789
3.9243,3.668,0.06,13.5946,11.216,0.94,481.338,0.549092036,0.00102947
3.9243,3.668,0.07,13.5946,11.216,0.93,472.024,0.565313809,0.001498876
3.9243,3.668,0.08,13.5946,11.216,0.92,464.517,0.57728168,0.00207784
3.9243,3.668,0.09,13.5946,11.216,0.91,458.3,0.586040697,0.002766171
3.9243,3.668,0.1,13.5946,11.216,0.9,453.038,0.592309754,0.003573607
3.9243,3.668,0.11,13.5946,11.216,0.89,448.509,0.596581213,0.004489905
3.9243,3.668,0.12,13.5946,11.216,0.88,444.558,0.599226535,0.005534655
3.9243,3.668,0.13,13.5946,11.216,0.87,441.071,0.600516408,0.006707455
3.9243,3.668,0.14,13.5946,11.216,0.86,437.964,0.6006645,0.008007851
3.9243,3.668,0.15,13.5946,11.216,0.85,435.175,0.599836001,0.009455159
3.9243,3.668,0.16,13.5946,11.216,0.84,432.653,0.59815495,0.011028957
3.9243,3.668,0.17,13.5946,11.216,0.83,430.359,0.595743812,0.012758266
3.9243,3.668,0.18,13.5946,11.216,0.82,428.262,0.592680227,0.014632422
3.9243,3.668,0.19,13.5946,11.216,0.81,426.337,0.589041433,0.016660441
3.9243,3.668,0.2,13.5946,11.216,0.8,424.562,0.584888023,0.018841381
3.9243,3.668,0.21,13.5946,11.216,0.79,422.92,0.580275191,0.021193816
3.9243,3.668,0.22,13.5946,11.216,0.78,421.396,0.575247263,0.023706761
3.9243,3.668,0.23,13.5946,11.216,0.77,419.977,0.569848964,0.026388734
3.9243,3.668,0.24,13.5946,11.216,0.76,418.654,0.564108538,0.029248074
3.9243,3.668,0.25,13.5946,11.216,0.75,417.415,0.558060293,0.032283243
3.9243,3.668,0.26,13.5946,11.216,0.74,416.255,0.551733375,0.035511921
3.9243,3.668,0.27,13.5946,11.216,0.73,415.165,0.545145888,0.038922592
3.9243,3.668,0.28,13.5946,11.216,0.72,414.139,0.538322107,0.042532531
3.9243,3.668,0.29,13.5946,11.216,0.71,413.173,0.531280979,0.046339545
3.9243,3.668,0.3,13.5946,11.216,0.7,412.261,0.524041903,0.05035085
3.9243,3.668,0.31,13.5946,11.216,0.69,411.399,0.516618811,0.054573409
3.9243,3.668,0.32,13.5946,11.216,0.68,410.583,0.509026005,0.059013914
3.9243,3.668,0.33,13.5946,11.216,0.67,409.81,0.501272134,0.063678777
3.9243,3.668,0.34,13.5946,11.216,0.66,409.077,0.493384406,0.068574117
3.9243,3.668,0.35,13.5946,11.216,0.65,408.381,0.485353958,0.073705748
3.9243,3.668,0.36,13.5946,11.216,0.64,407.72,0.477202654,0.079069927
3.9243,3.668,0.37,13.5946,11.216,0.63,407.091,0.468940564,0.084690352
3.9243,3.668,0.38,13.5946,11.216,0.62,406.492,0.460578098,0.090562564
3.9243,3.668,0.39,13.5946,11.216,0.61,405.922,0.452113297,0.096691044
3.9243,3.668,0.4,13.5946,11.216,0.6,405.378,0.443563397,0.103097958
3.9243,3.668,0.41,13.5946,11.216,0.59,404.859,0.434933291,0.109777745
3.9243,3.668,0.42,13.5946,11.216,0.58,404.364,0.426228058,0.116751393
3.9243,3.668,0.43,13.5946,11.216,0.57,403.891,0.417452966,0.124012481
3.9243,3.668,0.44,13.5946,11.216,0.56,403.438,0.408620126,0.131571974
3.9243,3.668,0.45,13.5946,11.216,0.55,403.006,0.399735391,0.13944885
3.9243,3.668,0.46,13.5946,11.216,0.54,402.592,0.390798071,0.147643842
3.9243,3.668,0.47,13.5946,11.216,0.53,402.195,0.381814286,0.156174345
3.9243,3.668,0.48,13.5946,11.216,0.52,401.816,0.372797278,0.16503975
3.9243,3.668,0.49,13.5946,11.216,0.51,401.452,0.363739928,0.174264183
3.9243,3.668,0.5,13.5946,11.216,0.5,401.103,0.354662921,0.183845395
3.9243,3.668,0.51,13.5946,11.216,0.49,400.768,0.345552316,0.193805365
3.9243,3.668,0.52,13.5946,11.216,0.48,400.446,0.336429379,0.204156431
3.9243,3.668,0.53,13.5946,11.216,0.47,400.138,0.327294536,0.21490168
3.9243,3.668,0.54,13.5946,11.216,0.46,399.841,0.318140955,0.226059296
3.9243,3.668,0.55,13.5946,11.216,0.45,399.556,0.308990918,0.237645882
3.9243,3.668,0.56,13.5946,11.216,0.44,399.282,0.29983789,0.24966863
3.9243,3.668,0.57,13.5946,11.216,0.43,399.018,0.290690044,0.262156551
3.9243,3.668,0.58,13.5946,11.216,0.42,398.763,0.281548299,0.275113417
3.9243,3.668,0.59,13.5946,11.216,0.41,398.518,0.2724136,0.28855669
3.9243,3.668,0.6,13.5946,11.216,0.4,398.282,0.263309971,0.302516496
3.9243,3.668,0.61,13.5946,11.216,0.39,398.054,0.254215771,0.316990843
3.9243,3.668,0.62,13.5946,11.216,0.38,397.834,0.245155501,0.332019481
3.9243,3.668,0.63,13.5946,11.216,0.37,397.621,0.23613085,0.347609981
3.9243,3.668,0.64,13.5946,11.216,0.36,397.415,0.227135573,0.363795532
3.9243,3.668,0.65,13.5946,11.216,0.35,397.215,0.218187289,0.380584811
3.9243,3.668,0.66,13.5946,11.216,0.34,397.021,0.209279893,0.398010726
3.9243,3.668,0.67,13.5946,11.216,0.33,396.834,0.200431576,0.416095076
3.9243,3.668,0.68,13.5946,11.216,0.32,396.651,0.191636372,0.434862085
3.9243,3.668,0.69,13.5946,11.216,0.31,396.473,0.18290472,0.454350506
3.9243,3.668,0.7,13.5946,11.216,0.3,396.3,0.174247382,0.474580639
3.9243,3.668,0.71,13.5946,11.216,0.29,396.131,0.165666969,0.495592182
3.9243,3.668,0.72,13.5946,11.216,0.28,395.965,0.157166129,0.517405926
3.9243,3.668,0.73,13.5946,11.216,0.27,395.803,0.148756156,0.540071756
3.9243,3.668,0.74,13.5946,11.216,0.26,395.644,0.140439973,0.563619192
3.9243,3.668,0.75,13.5946,11.216,0.25,395.487,0.132238057,0.58808662
3.9243,3.668,0.76,13.5946,11.216,0.24,395.332,0.124144978,0.613524801
3.9243,3.668,0.77,13.5946,11.216,0.23,395.179,0.116172851,0.639967898
3.9243,3.668,0.78,13.5946,11.216,0.22,395.028,0.108325117,0.667475464
3.9243,3.668,0.79,13.5946,11.216,0.21,394.877,0.100623313,0.696092838
3.9243,3.668,0.8,13.5946,11.216,0.2,394.727,0.093080423,0.725875711
3.9243,3.668,0.81,13.5946,11.216,0.19,394.576,0.085691339,0.756882254
3.9243,3.668,0.82,13.5946,11.216,0.18,394.426,0.078478408,0.789175284
3.9243,3.668,0.83,13.5946,11.216,0.17,394.274,0.071455171,0.822823653
3.9243,3.668,0.84,13.5946,11.216,0.16,394.121,0.064635391,0.857898616
3.9243,3.668,0.85,13.5946,11.216,0.15,393.965,0.058033031,0.894474479
3.9243,3.668,0.86,13.5946,11.216,0.14,393.807,0.051662226,0.932640346
3.9243,3.668,0.87,13.5946,11.216,0.13,393.646,0.04553726,0.972482012
3.9243,3.668,0.88,13.5946,11.216,0.12,393.481,0.039682145,1.014099606
3.9243,3.668,0.89,13.5946,11.216,0.11,393.312,0.03411153,1.057592358
3.9243,3.668,0.9,13.5946,11.216,0.1,393.137,0.028859529,1.103075646
3.9243,3.668,0.91,13.5946,11.216,0.09,392.956,0.023941111,1.150673288
3.9243,3.668,0.92,13.5946,11.216,0.08,392.769,0.01938097,1.200515836
3.9243,3.668,0.93,13.5946,11.216,0.07,392.573,0.015203834,1.252748683
3.9243,3.668,0.94,13.5946,11.216,0.06,392.369,0.011464036,1.30752709
3.9243,3.668,0.95,13.5946,11.216,0.05,392.156,0.008166563,1.365024758
3.9243,3.668,0.96,13.5946,11.216,0.04,391.931,0.005365579,1.425428532
3.9243,3.668,0.97,13.5946,11.216,0.03,391.695,0.003105174,1.488941198
3.9243,3.668,0.98,13.5946,11.216,0.02,391.445,0.001418993,1.55579027
3.9243,3.668,0.99,13.5946,11.216,0.01,391.18,0.000359935,1.626222264
3.9243,3.668,1.0,13.5946,11.216,0.0,390.899,0.0,1.700511859
13.5946,11.216,0.0,3.9243,3.668,1.0,390.899,1.700511859,0.0
13.5946,11.216,0.01,3.9243,3.668,0.99,391.18,1.626222264,0.000359935
13.5946,11.216,0.02,3.9243,3.668,0.98,391.445,1.55579027,0.001418993
13.5946,11.216,0.03,3.9243,3.668,0.97,391.695,1.488941198,0.003105174
13.5946,11.216,0.04,3.9243,3.668,0.96,391.931,1.425428532,0.005365579
13.5946,11.216,0.05,3.9243,3.668,0.95,392.156,1.365024758,0.008166563
13.5946,11.216,0.06,3.9243,3.668,0.94,392.369,1.30752709,0.011464036
13.5946,11.216,0.07,3.9243,3.668,0.93,392.573,1.252748683,0.015203834
13.5946,11.216,0.08,3.9243,3.668,0.92,392.769,1.200515836,0.01938097
13.5946,11.216,0.09,3.9243,3.668,0.91,392.956,1.150673288,0.023941111
13.5946,11.216,0.1,3.9243,3.668,0.9,393.137,1.103075646,0.028859529
13.5946,11.216,0.11,3.9243,3.668,0.89,393.312,1.057592358,0.03411153
13.5946,11.216,0.12,3.9243,3.668,0.88,393.481,1.014099606,0.039682145
13.5946,11.216,0.13,3.9243,3.668,0.87,393.646,0.972482012,0.04553726
13.5946,11.216,0.14,3.9243,3.668,0.86,393.807,0.932640346,0.051662226
13.5946,11.216,0.15,3.9243,3.668,0.85,393.965,0.894474479,0.058033031
13.5946,11.216,0.16,3.9243,3.668,0.84,394.121,0.857898616,0.064635391
13.5946,11.216,0.17,3.9243,3.668,0.83,394.274,0.822823653,0.071455171
13.5946,11.216,0.18,3.9243,3.668,0.82,394.426,0.789175284,0.078478408
13.5946,11.216,0.19,3.9243,3.668,0.81,394.576,0.756882254,0.085691339
13.5946,11.216,0.2,3.9243,3.668,0.8,394.727,0.725875711,0.093080423
13.5946,11.216,0.21,3.9243,3.668,0.79,394.877,0.696092838,0.100623313
13.5946,11.216,0.22,3.9243,3.668,0.78,395.028,0.667475464,0.108325117
13.5946,11.216,0.23,3.9243,3.668,0.77,395.179,0.639967898,0.116172851
13.5946,11.216,0.24,3.9243,3.668,0.76,395.332,0.613524801,0.124144978
13.5946,11.216,0.25,3.9243,3.668,0.75,395.487,0.58808662,0.132238057
13.5946,11.216,0.26,3.9243,3.668,0.74,395.644,0.563619192,0.140439973
13.5946,11.216,0.27,3.9243,3.668,0.73,395.803,0.540071756,0.148756156
13.5946,11.216,0.28,3.9243,3.668,0.72,395.965,0.517405926,0.157166129
13.5946,11.216,0.29,3.9243,3.668,0.71,396.131,0.495592182,0.165666969
13.5946,11.216,0.3,3.9243,3.668,0.7,396.3,0.474580639,0.174247382
13.5946,11.216,0.31,3.9243,3.668,0.69,396.473,0.454350506,0.18290472
13.5946,11.216,0.32,3.9243,3.668,0.68,396.651,0.434862085,0.191636372
13.5946,11.216,0.33,3.9243,3.668,0.67,396.834,0.416095076,0.200431576
13.5946,11.216,0.34,3.9243,3.668,0.66,397.021,0.398010726,0.209279893
13.5946,11.216,0.35,3.9243,3.668,0.65,397.215,0.380584811,0.218187289
13.5946,11.216,0.36,3.9243,3.668,0.64,397.415,0.363795532,0.227135573
13.5946,11.216,0.37,3.9243,3.668,0.63,397.621,0.347609981,0.23613085
13.5946,11.216,0.38,3.9243,3.668,0.62,397.834,0.332019481,0.245155501
13.5946,11.216,0.39,3.9243,3.668,0.61,398.054,0.316990843,0.254215771
13.5946,11.216,0.4,3.9243,3.668,0.6,398.282,0.302516496,0.263309971
13.5946,11.216,0.41,3.9243,3.668,0.59,398.518,0.28855669,0.2724136
13.5946,11.216,0.42,3.9243,3.668,0.58,398.763,0.275113417,0.281548299
13.5946,11.216,0.43,3.9243,3.668,0.57,399.018,0.262156551,0.290690044
13.5946,11.216,0.44,3.9243,3.668,0.56,399.282,0.24966863,0.29983789
13.5946,11.216,0.45,3.9243,3.668,0.55,399.556,0.237645882,0.308990918
13.5946,11.216,0.46,3.9243,3.668,0.54,399.841,0.226059296,0.318140955
13.5946,11.216,0.47,3.9243,3.668,0.53,400.138,0.21490168,0.327294536
13.5946,11.216,0.48,3.9243,3.668,0.52,400.446,0.204156431,0.336429379
13.5946,11.216,0.49,3.9243,3.668,0.51,400.768,0.193805365,0.345552316
13.5946,11.216,0.5,3.9243,3.668,0.5,401.103,0.183845395,0.354662921
13.5946,11.216,0.51,3.9243,3.668,0.49,401.452,0.174264183,0.363739928
13.5946,11.216,0.52,3.9243,3.668,0.48,401.816,0.16503975,0.372797278
13.5946,11.216,0.53,3.9243,3.668,0.47,402.195,0.156174345,0.381814286
13.5946,11.216,0.54,3.9243,3.668,0.46,402.592,0.147643842,0.390798071
13.5946,11.216,0.55,3.9243,3.668,0.45,403.006,0.13944885,0.399735391
13.5946,11.216,0.56,3.9243,3.668,0.44,403.438,0.131571974,0.408620126
13.5946,11.216,0.57,3.9243,3.668,0.43,403.891,0.124012481,0.417452966
13.5946,11.216,0.58,3.9243,3.668,0.42,404.364,0.116751393,0.426228058
13.5946,11.216,0.59,3.9243,3.668,0.41,404.859,0.109777745,0.434933291
13.5946,11.216,0.6,3.9243,3.668,0.4,405.378,0.103097958,0.443563397
13.5946,11.216,0.61,3.9243,3.668,0.39,405.922,0.096691044,0.452113297
13.5946,11.216,0.62,3.9243,3.668,0.38,406.492,0.090562564,0.460578098
13.5946,11.216,0.63,3.9243,3.668,0.37,407.091,0.084690352,0.468940564
13.5946,11.216,0.64,3.9243,3.668,0.36,407.72,0.079069927,0.477202654
13.5946,11.216,0.65,3.9243,3.668,0.35,408.381,0.073705748,0.485353958
13.5946,11.216,0.66,3.9243,3.668,0.34,409.077,0.068574117,0.493384406
13.5946,11.216,0.67,3.9243,3.668,0.33,409.81,0.063678777,0.501272134
13.5946,11.216,0.68,3.9243,3.668,0.32,410.583,0.059013914,0.509026005
13.5946,11.216,0.69,3.9243,3.668,0.31,411.399,0.054573409,0.516618811
13.5946,11.216,0.7,3.9243,3.668,0.3,412.261,0.05035085,0.524041903
13.5946,11.216,0.71,3.9243,3.668,0.29,413.173,0.046339545,0.531280979
13.5946,11.216,0.72,3.9243,3.668,0.28,414.139,0.042532531,0.538322107
13.5946,11.216,0.73,3.9243,3.668,0.27,415.165,0.038922592,0.545145888
13.5946,11.216,0.74,3.9243,3.668,0.26,416.255,0.035511921,0.551733375
13.5946,11.216,0.75,3.9243,3.668,0.25,417.415,0.032283243,0.558060293
13.5946,11.216,0.76,3.9243,3.668,0.24,418.654,0.029248074,0.564108538
13.5946,11.216,0.77,3.9243,3.668,0.23,419.977,0.026388734,0.569848964
13.5946,11.216,0.78,3.9243,3.668,0.22,421.396,0.023706761,0.575247263
13.5946,11.216,0.79,3.9243,3.668,0.21,422.92,0.021193816,0.580275191
13.5946,11.216,0.8,3.9243,3.668,0.2,424.562,0.018841381,0.584888023
13.5946,11.216,0.81,3.9243,3.668,0.19,426.337,0.016660441,0.589041433
13.5946,11.216,0.82,3.9243,3.668,0.18,428.262,0.014632422,0.592680227
13.5946,11.216,0.83,3.9243,3.668,0.17,430.359,0.012758266,0.595743812
13.5946,11.216,0.84,3.9243,3.668,0.16,432.653,0.011028957,0.59815495
13.5946,11.216,0.85,3.9243,3.668,0.15,435.175,0.009455159,0.599836001
13.5946,11.216,0.86,3.9243,3.668,0.14,437.964,0.008007851,0.6006645
13.5946,11.216,0.87,3.9243,3.668,0.13,441.071,0.006707455,0.600516408
13.5946,11.216,0.88,3.9243,3.668,0.12,444.558,0.005534655,0.599226535
13.5946,11.216,0.89,3.9243,3.668,0.11,448.509,0.004489905,0.596581213
13.5946,11.216,0.9,3.9243,3.668,0.1,453.038,0.003573607,0.592309754
13.5946,11.216,0.91,3.9243,3.668,0.09,458.3,0.002766171,0.586040697
13.5946,11.216,0.92,3.9243,3.668,0.08,464.517,0.00207784,0.57728168
13.5946,11.216,0.93,3.9243,3.668,0.07,472.024,0.001498876,0.565313809
13.5946,11.216,0.94,3.9243,3.668,0.06,481.338,0.00102947,0.549092036
13.5946,11.216,0.95,3.9243,3.668,0.05,493.314,0.000649789,0.527015852
13.5946,11.216,0.96,3.9243,3.668,0.04,509.434,0.000369932,0.496548184
13.5946,11.216,0.97,3.9243,3.668,0.03,532.267,0.000179984,0.453975868
13.5946,11.216,0.98,3.9243,3.668,0.02,568.855,5.9998e-05,0.389958838
13.5946,11.216,0.99,3.9243,3.668,0.01,600.617,1e-05,0.340720343
13.5946,11.216,1.0,3.9243,3.668,0.0,623.518,0.0,0.308675167
