r_1,x_1,r_2,T,gamma_1,gamma_2
9.9262,0.0,5.8486,398.839,0.102989708,0.0
9.9262,0.01,5.8486,399.213,0.098514133,2e-05
9.9262,0.02,5.8486,399.59,0.094218675,7.9997e-05
9.9262,0.03,5.8486,399.971,0.090096613,0.000179984
9.9262,0.04,5.8486,400.355,0.086131824,0.000319949
9.9262,0.05,5.8486,400.742,0.082326252,0.00048988
9.9262,0.06,5.8486,401.134,0.078663295,0.000679769
9.9262,0.07,5.8486,401.529,0.075153854,0.000909586
9.9262,0.08,5.8486,401.929,0.071780981,0.001169316
9.9262,0.09,5.8486,402.334,0.068536767,0.00144895
9.9262,0.1,5.8486,402.743,0.065422505,0.001748471
9.9262,0.11,5.8486,403.157,0.062439445,0.002067861
9.9262,0.12,5.8486,403.576,0.059569948,0.002417077
9.9262,0.13,5.8486,404.0,0.056815022,0.002776143
9.9262,0.14,5.8486,404.43,0.054166164,0.003155018
9.9262,0.15,5.8486,404.866,0.051633736,0.003543714
9.9262,0.16,5.8486,405.307,0.049199604,0.00395218
9.9262,0.17,5.8486,405.755,0.04685496,0.004370436
9.9262,0.18,5.8486,406.209,0.044610011,0.004798469
9.9262,0.19,5.8486,406.67,0.042465443,0.005236267
9.9262,0.2,5.8486,407.137,0.040393103,0.005683816
9.9262,0.21,5.8486,407.612,0.038412694,0.006141105
9.9262,0.22,5.8486,408.094,0.036515133,0.006608118
9.9262,0.23,5.8486,408.583,0.034700899,0.007074914
9.9262,0.24,5.8486,409.081,0.0329511,0.007541491
9.9262,0.25,5.8486,409.586,0.031285466,0.008017772
9.9262,0.26,5.8486,410.1,0.029685008,0.008493825
9.9262,0.27,5.8486,410.622,0.028150043,0.008979563
9.9262,0.28,5.8486,411.154,0.026680879,0.009455159
9.9262,0.29,5.8486,411.694,0.025268057,0.00994043
9.9262,0.3,5.8486,412.245,0.023921584,0.010415569
9.9262,0.31,5.8486,412.805,0.02264173,0.010890483
9.9262,0.32,5.8486,413.375,0.021409179,0.011365171
9.9262,0.33,5.8486,413.956,0.020224107,0.011839634
9.9262,0.34,5.8486,414.548,0.019106306,0.012313872
9.9262,0.35,5.8486,415.152,0.018026541,0.012778012
9.9262,0.36,5.8486,415.767,0.016994767,0.013232069
9.9262,0.37,5.8486,416.395,0.016020976,0.013685919
9.9262,0.38,5.8486,417.035,0.015075787,0.014129704
9.9262,0.39,5.8486,417.688,0.01418886,0.014573292
9.9262,0.4,5.8486,418.355,0.013330749,0.015006832
9.9262,0.41,5.8486,419.036,0.012521281,0.015430338
9.9262,0.42,5.8486,419.731,0.011750689,0.015843821
9.9262,0.43,5.8486,420.442,0.011009176,0.016247295
9.9262,0.44,5.8486,421.169,0.010306703,0.016640771
9.9262,0.45,5.8486,421.912,0.009643353,0.017034093
9.9262,0.46,5.8486,422.672,0.009009294,0.017407605
9.9262,0.47,5.8486,423.45,0.008404582,0.017771153
9.9262,0.48,5.8486,424.246,0.007829271,0.01812475
9.9262,0.49,5.8486,425.061,0.007293339,0.018458587
9.9262,0.5,5.8486,425.897,0.006776984,0.018792313
9.9262,0.51,5.8486,426.753,0.006290175,0.019106306
9.9262,0.52,5.8486,427.631,0.005832955,0.019400586
9.9262,0.53,5.8486,428.532,0.005395419,0.019684973
9.9262,0.54,5.8486,429.456,0.004977591,0.019959478
9.9262,0.55,5.8486,430.405,0.004589452,0.020214307
9.9262,0.56,5.8486,431.38,0.004221079,0.020449477
9.9262,0.57,5.8486,432.383,0.003882454,0.020674796
9.9262,0.58,5.8486,433.413,0.003553678,0.020880478
9.9262,0.59,5.8486,434.474,0.00324473,0.021066534
9.9262,0.6,5.8486,435.565,0.002965598,0.021232976
9.9262,0.61,5.8486,436.69,0.002696362,0.021389603
9.9262,0.62,5.8486,437.849,0.002447004,0.021516843
9.9262,0.63,5.8486,439.044,0.002207562,0.021624496
9.9262,0.64,5.8486,440.277,0.001988023,0.021722352
9.9262,0.65,5.8486,441.55,0.0017884,0.021790846
9.9262,0.66,5.8486,442.865,0.001598721,0.021839767
9.9262,0.67,5.8486,444.226,0.001418993,0.021859334
9.9262,0.68,5.8486,445.633,0.001259207,0.021859334
9.9262,0.69,5.8486,447.09,0.001109384,0.021839767
9.9262,0.7,5.8486,448.599,0.00096953,0.021781061
9.9262,0.71,5.8486,450.165,0.000849639,0.021712567
9.9262,0.72,5.8486,451.789,0.000729734,0.021604924
9.9262,0.73,5.8486,453.476,0.000629802,0.021477694
9.9262,0.74,5.8486,455.23,0.00052986,0.021311293
9.9262,0.75,5.8486,457.054,0.000449899,0.021125282
9.9262,0.76,5.8486,458.952,0.000369932,0.020900064
9.9262,0.77,5.8486,460.931,0.000299955,0.020645409
9.9262,0.78,5.8486,462.994,0.000239971,0.020361295
9.9262,0.79,5.8486,465.147,0.000189982,0.020037894
9.9262,0.8,5.8486,467.395,0.00013999,0.019675168
9.9262,0.81,5.8486,469.745,9.9995e-05,0.019282884
9.9262,0.82,5.8486,472.202,6.9998e-05,0.018841381
9.9262,0.83,5.8486,474.774,3.9999e-05,0.018360411
9.9262,0.84,5.8486,477.467,2e-05,0.017839918
9.9262,0.85,5.8486,480.287,-3e-06,0.01727984
9.9262,0.86,5.8486,483.242,-1.7e-05,0.016670276
9.9262,0.87,5.8486,486.337,-2.7e-05,0.016011135
9.9262,0.88,5.8486,489.58,-3.4001e-05,0.01530232
9.9262,0.89,5.8486,492.974,-3.7001e-05,0.014553581
9.9262,0.9,5.8486,496.525,-3.8001e-05,0.013754965
9.9262,0.91,5.8486,500.235,-3.7001e-05,0.012906354
9.9262,0.92,5.8486,504.103,-3.4001e-05,0.012007619
9.9262,0.93,5.8486,508.13,-3e-05,0.011058627
9.9262,0.94,5.8486,512.307,-2.5e-05,0.010069136
9.9262,0.95,5.8486,516.629,-1.9e-05,0.009029115
9.9262,0.96,5.8486,521.081,-1.3e-05,0.007958249
9.9262,0.97,5.8486,525.646,-8e-06,0.006846509
9.9262,0.98,5.8486,530.301,-4e-06,0.005703703
9.9262,0.99,5.8486,535.021,-1e-06,0.00453968
9.9262,1.0,5.8486,539.774,0.0,0.003354368
5.8486,0.0,9.9262,539.774,0.003354368,0.0
5.8486,0.01,9.9262,535.021,0.00453968,-1e-06
5.8486,0.02,9.9262,530.301,0.005703703,-4e-06
5.8486,0.03,9.9262,525.646,0.006846509,-8e-06
5.8486,0.04,9.9262,521.081,0.007958249,-1.3e-05
5.8486,0.05,9.9262,516.629,0.009029115,-1.9e-05
5.8486,0.06,9.9262,512.307,0.010069136,-2.5e-05
5.8486,0.07,9.9262,508.13,0.011058627,-3e-05
5.8486,0.08,9.9262,504.103,0.012007619,-3.4001e-05
5.8486,0.09,9.9262,500.235,0.012906354,-3.7001e-05
5.8486,0.1,9.9262,496.525,0.013754965,-3.8001e-05
5.8486,0.11,9.9262,492.974,0.014553581,-3.7001e-05
5.8486,0.12,9.9262,489.58,0.01530232,-3.4001e-05
5.8486,0.13,9.9262,486.337,0.016011135,-2.7e-05
5.8486,0.14,9.9262,483.242,0.016670276,-1.7e-05
5.8486,0.15,9.9262,480.287,0.01727984,-3e-06
5.8486,0.16,9.9262,477.467,0.017839918,2e-05
5.8486,0.17,9.9262,474.774,0.018360411,3.9999e-05
5.8486,0.18,9.9262,472.202,0.018841381,6.9998e-05
5.8486,0.19,9.9262,469.745,0.019282884,9.9995e-05
5.8486,0.2,9.9262,467.395,0.019675168,0.00013999
5.8486,0.21,9.9262,465.147,0.020037894,0.000189982
5.8486,0.22,9.9262,462.994,0.020361295,0.000239971
5.8486,0.23,9.9262,460.931,0.020645409,0.000299955
5.8486,0.24,9.9262,458.952,0.020900064,0.000369932
5.8486,0.25,9.9262,457.054,0.021125282,0.000449899
5.8486,0.26,9.9262,455.23,0.021311293,0.00052986
5.8486,0.27,9.9262,453.476,0.021477694,0.000629802
5.8486,0.28,9.9262,451.789,0.021604924,0.000729734
5.8486,0.29,9.9262,450.165,0.021712567,0.000849639
5.8486,0.3,9.9262,448.599,0.021781061,0.00096953
5.8486,0.31,9.9262,447.09,0.021839767,0.001109384
5.8486,0.32,9.9262,445.633,0.021859334,0.001259207
5.8486,0.33,9.9262,444.226,0.021859334,0.001418993
5.8486,0.34,9.9262,442.865,0.021839767,0.001598721
5.8486,0.35,9.9262,441.55,0.021790846,0.0017884
5.8486,0.36,9.9262,440.277,0.021722352,0.001988023
5.8486,0.37,9.9262,439.044,0.021624496,0.002207562
5.8486,0.38,9.9262,437.849,0.021516843,0.002447004
5.8486,0.39,9.9262,436.69,0.021389603,0.002696362
5.8486,0.4,9.9262,435.565,0.021232976,0.002965598
5.8486,0.41,9.9262,434.474,0.021066534,0.00324473
5.8486,0.42,9.9262,433.413,0.020880478,0.003553678
5.8486,0.43,9.9262,432.383,0.020674796,0.003882454
5.8486,0.44,9.9262,431.38,0.020449477,0.004221079
5.8486,0.45,9.9262,430.405,0.020214307,0.004589452
5.8486,0.46,9.9262,429.456,0.019959478,0.004977591
5.8486,0.47,9.9262,428.532,0.019684973,0.005395419
5.8486,0.48,9.9262,427.631,0.019400586,0.005832955
5.8486,0.49,9.9262,426.753,0.019106306,0.006290175
5.8486,0.5,9.9262,425.897,0.018792313,0.006776984
5.8486,0.51,9.9262,425.061,0.018458587,0.007293339
5.8486,0.52,9.9262,424.246,0.01812475,0.007829271
5.8486,0.53,9.9262,423.45,0.017771153,0.008404582
5.8486,0.54,9.9262,422.672,0.017407605,0.009009294
5.8486,0.55,9.9262,421.912,0.017034093,0.009643353
5.8486,0.56,9.9262,421.169,0.016640771,0.010306703
5.8486,0.57,9.9262,420.442,0.016247295,0.011009176
5.8486,0.58,9.9262,419.731,0.015843821,0.011750689
5.8486,0.59,9.9262,419.036,0.015430338,0.012521281
5.8486,0.6,9.9262,418.355,0.015006832,0.013330749
5.8486,0.61,9.9262,417.688,0.014573292,0.01418886
5.8486,0.62,9.9262,417.035,0.014129704,0.015075787
5.8486,0.63,9.9262,416.395,0.013685919,0.016020976
5.8486,0.64,9.9262,415.767,0.013232069,0.016994767
5.8486,0.65,9.9262,415.152,0.012778012,0.018026541
5.8486,0.66,9.9262,414.548,0.012313872,0.019106306
5.8486,0.67,9.9262,413.956,0.011839634,0.020224107
5.8486,0.68,9.9262,413.375,0.011365171,0.021409179
5.8486,0.69,9.9262,412.805,0.010890483,0.02264173
5.8486,0.7,9.9262,412.245,0.010415569,0.023921584
5.8486,0.71,9.9262,411.694,0.00994043,0.025268057
5.8486,0.72,9.9262,411.154,0.009455159,0.026680879
5.8486,0.73,9.9262,410.622,0.008979563,0.028150043
5.8486,0.74,9.9262,410.1,0.008493825,0.029685008
5.8486,0.75,9.9262,409.586,0.008017772,0.031285466
5.8486,0.76,9.9262,409.081,0.007541491,0.0329511
5.8486,0.77,9.9262,408.583,0.007074914,0.034700899
5.8486,0.78,9.9262,408.094,0.006608118,0.036515133
5.8486,0.79,9.9262,407.612,0.006141105,0.038412694
5.8486,0.8,9.9262,407.137,0.005683816,0.040393103
5.8486,0.81,9.9262,406.67,0.005236267,0.042465443
5.8486,0.82,9.9262,406.209,0.004798469,0.044610011
5.8486,0.83,9.9262,405.755,0.004370436,0.04685496
5.8486,0.84,9.9262,405.307,0.00395218,0.049199604
5.8486,0.85,9.9262,404.866,0.003543714,0.051633736
5.8486,0.86,9.9262,404.43,0.003155018,0.054166164
5.8486,0.87,9.9262,404.0,0.002776143,0.056815022
5.8486,0.88,9.9262,403.576,0.002417077,0.059569948
5.8486,0.89,9.9262,403.157,0.002067861,0.062439445
5.8486,0.9,9.9262,402.743,0.001748471,0.065422505
5.8486,0.91,9.9262,402.334,0.00144895,0.068536767
5.8486,0.92,9.9262,401.929,0.001169316,0.071780981
5.8486,0.93,9.9262,401.529,0.000909586,0.075153854
5.8486,0.94,9.9262,401.134,0.000679769,0.078663295
5.8486,0.95,9.9262,400.742,0.00048988,0.082326252
5.8486,0.96,9.9262,400.355,0.000319949,0.086131824
5.8486,0.97,9.9262,399.971,0.000179984,0.090096613
5.8486,0.98,9.9262,399.59,7.9997e-05,0.094218675
5.8486,0.99,9.9262,399.213,2e-05,0.098514133
5.8486,1.0,9.9262,398.839,0.0,0.102989708
13.9726,0.0,7.1974,447.459,-0.094253538,0.0
13.9726,0.01,7.1974,447.873,-0.092584697,-9e-06
13.9726,0.02,7.1974,448.293,-0.090900019,-3.7001e-05
13.9726,0.03,7.1974,448.719,-0.089202867,-8.5004e-05
13.9726,0.04,7.1974,449.152,-0.087494403,-0.000152012
13.9726,0.05,7.1974,449.591,-0.085779046,-0.000240029
13.9726,0.06,7.1974,450.036,-0.084059012,-0.000349061
13.9726,0.07,7.1974,450.489,-0.082335417,-0.000480115
13.9726,0.08,7.1974,450.948,-0.08061262,-0.000631199
13.9726,0.09,7.1974,451.415,-0.078890622,-0.000805324
13.9726,0.1,7.1974,451.888,-0.077172664,-0.001001501
13.9726,0.11,7.1974,452.37,-0.075459809,-0.001219744
13.9726,0.12,7.1974,452.859,-0.073754189,-0.001460065
13.9726,0.13,7.1974,453.355,-0.072056846,-0.001723484
13.9726,0.14,7.1974,453.86,-0.070368818,-0.002009017
13.9726,0.15,7.1974,454.373,-0.068692202,-0.002317684
13.9726,0.16,7.1974,454.895,-0.067029087,-0.002649507
13.9726,0.17,7.1974,455.425,-0.06537834,-0.003003506
13.9726,0.18,7.1974,455.964,-0.063742038,-0.003380708
13.9726,0.19,7.1974,456.512,-0.062121179,-0.003780136
13.9726,0.2,7.1974,457.069,-0.060516753,-0.004201815
13.9726,0.21,7.1974,457.636,-0.058928686,-0.00464678
13.9726,0.22,7.1974,458.213,-0.057359022,-0.005114055
13.9726,0.23,7.1974,458.8,-0.055807679,-0.005604677
13.9726,0.24,7.1974,459.397,-0.054274576,-0.006116669
13.9726,0.25,7.1974,460.005,-0.05276174,-0.006651069
13.9726,0.26,7.1974,460.624,-0.051269084,-0.007207915
13.9726,0.27,7.1974,461.254,-0.049795469,-0.007787242
13.9726,0.28,7.1974,461.896,-0.048343964,-0.008387073
13.9726,0.29,7.1974,462.549,-0.046913426,-0.009010473
13.9726,0.3,7.1974,463.215,-0.04550377,-0.009654455
13.9726,0.31,7.1974,463.894,-0.044115955,-0.010320069
13.9726,0.32,7.1974,464.586,-0.042750937,-0.011006348
13.9726,0.33,7.1974,465.291,-0.041407583,-0.011715358
13.9726,0.34,7.1974,466.01,-0.040086848,-0.012444108
13.9726,0.35,7.1974,466.743,-0.038788647,-0.013194668
13.9726,0.36,7.1974,467.491,-0.037512892,-0.013965059
13.9726,0.37,7.1974,468.254,-0.036260539,-0.014757356
13.9726,0.38,7.1974,469.033,-0.035030465,-0.015569579
13.9726,0.39,7.1974,469.829,-0.033823624,-0.016401777
13.9726,0.4,7.1974,470.641,-0.032639934,-0.017255015
13.9726,0.41,7.1974,471.471,-0.031479315,-0.018127311
13.9726,0.42,7.1974,472.319,-0.030341689,-0.019019734
13.9726,0.43,7.1974,473.186,-0.029226977,-0.019933356
13.9726,0.44,7.1974,474.073,-0.028135106,-0.020865172
13.9726,0.45,7.1974,474.98,-0.027066002,-0.021817275
13.9726,0.46,7.1974,475.908,-0.026020619,-0.022788701
13.9726,0.47,7.1974,476.857,-0.024997859,-0.023779505
13.9726,0.48,7.1974,477.83,-0.023997654,-0.024789742
13.9726,0.49,7.1974,478.827,-0.023019937,-0.025818446
13.9726,0.5,7.1974,479.848,-0.022065666,-0.026866699
13.9726,0.51,7.1974,480.895,-0.021133753,-0.027934562
13.9726,0.52,7.1974,481.969,-0.020223116,-0.029021067
13.9726,0.53,7.1974,483.071,-0.019335736,-0.030126273
13.9726,0.54,7.1974,484.203,-0.018470535,-0.031251274
13.9726,0.55,7.1974,485.366,-0.017627455,-0.032394068
13.9726,0.56,7.1974,486.561,-0.01680644,-0.033556784
13.9726,0.57,7.1974,487.79,-0.016007438,-0.034737418
13.9726,0.58,7.1974,489.054,-0.015229381,-0.03593707
13.9726,0.59,7.1974,490.356,-0.014473234,-0.037155807
13.9726,0.6,7.1974,491.697,-0.013737935,-0.038393695
13.9726,0.61,7.1974,493.08,-0.013024451,-0.039650806
13.9726,0.62,7.1974,494.506,-0.012331724,-0.040927208
13.9726,0.63,7.1974,495.978,-0.011660723,-0.042222975
13.9726,0.64,7.1974,497.499,-0.011009381,-0.043537136
13.9726,0.65,7.1974,499.071,-0.010378673,-0.044871851
13.9726,0.66,7.1974,500.697,-0.009768557,-0.046226154
13.9726,0.67,7.1974,502.381,-0.009178998,-0.047600123
13.9726,0.68,7.1974,504.126,-0.008608951,-0.048994885
13.9726,0.69,7.1974,505.935,-0.00805939,-0.050410526
13.9726,0.7,7.1974,507.814,-0.007529274,-0.051846079
13.9726,0.71,7.1974,509.766,-0.007018573,-0.05330268
13.9726,0.72,7.1974,511.796,-0.006527256,-0.054781476
13.9726,0.73,7.1974,513.909,-0.006055296,-0.056282562
13.9726,0.74,7.1974,516.111,-0.00560166,-0.057806035
13.9726,0.75,7.1974,518.408,-0.005167328,-0.059351994
13.9726,0.76,7.1974,520.806,-0.004752274,-0.060921603
13.9726,0.77,7.1974,523.314,-0.004355471,-0.062516034
13.9726,0.78,7.1974,525.937,-0.003976897,-0.064135402
13.9726,0.79,7.1974,528.684,-0.003616532,-0.065779825
13.9726,0.8,7.1974,531.565,-0.003273352,-0.06745049
13.9726,0.81,7.1974,534.588,-0.002949345,-0.069148598
13.9726,0.82,7.1974,537.762,-0.002642488,-0.070874283
13.9726,0.83,7.1974,541.098,-0.002352766,-0.072629834
13.9726,0.84,7.1974,544.606,-0.002081164,-0.07441325
13.9726,0.85,7.1974,548.295,-0.001825666,-0.07622791
13.9726,0.86,7.1974,552.175,-0.001588261,-0.078072899
13.9726,0.87,7.1974,556.255,-0.001367935,-0.079949462
13.9726,0.88,7.1974,560.54,-0.001163677,-0.081857771
13.9726,0.89,7.1974,565.034,-0.000976477,-0.083796913
13.9726,0.9,7.1974,569.739,-0.000806325,-0.085765971
13.9726,0.91,7.1974,574.648,-0.000652213,-0.087765116
13.9726,0.92,7.1974,579.755,-0.000515133,-0.089793425
13.9726,0.93,7.1974,585.039,-0.000394078,-0.091845588
13.9726,0.94,7.1974,590.474,-0.000289042,-0.093920646
13.9726,0.95,7.1974,596.033,-0.00020102,-0.096013227
13.9726,0.96,7.1974,601.666,-0.000128008,-0.098120124
13.9726,0.97,7.1974,607.325,-7.2003e-05,-0.100234786
13.9726,0.98,7.1974,612.953,-3.2001e-05,-0.102351713
13.9726,0.99,7.1974,618.433,-8e-06,-0.10445981
13.9726,1.0,7.1974,623.518,0.0,-0.106534538
7.1974,0.0,13.9726,623.518,-0.106534538,0.0
7.1974,0.01,13.9726,618.433,-0.10445981,-8e-06
7.1974,0.02,13.9726,612.953,-0.102351713,-3.2001e-05
7.1974,0.03,13.9726,607.325,-0.100234786,-7.2003e-05
7.1974,0.04,13.9726,601.666,-0.098120124,-0.000128008
7.1974,0.05,13.9726,596.033,-0.096013227,-0.00020102
7.1974,0.06,13.9726,590.474,-0.093920646,-0.000289042
7.1974,0.07,13.9726,585.039,-0.091845588,-0.000394078
7.1974,0.08,13.9726,579.755,-0.089793425,-0.000515133
7.1974,0.09,13.9726,574.648,-0.087765116,-0.000652213
7.1974,0.1,13.9726,569.739,-0.085765971,-0.000806325
7.1974,0.11,13.9726,565.034,-0.083796913,-0.000976477
7.1974,0.12,13.9726,560.54,-0.081857771,-0.001163677
7.1974,0.13,13.9726,556.255,-0.079949462,-0.001367935
7.1974,0.14,13.9726,552.175,-0.078072899,-0.001588261
7.1974,0.15,13.9726,548.295,-0.07622791,-0.001825666
7.1974,0.16,13.9726,544.606,-0.07441325,-0.002081164
7.1974,0.17,13.9726,541.098,-0.072629834,-0.002352766
7.1974,0.18,13.9726,537.762,-0.070874283,-0.002642488
7.1974,0.19,13.9726,534.588,-0.069148598,-0.002949345
7.1974,0.2,13.9726,531.565,-0.06745049,-0.003273352
7.1974,0.21,13.9726,528.684,-0.065779825,-0.003616532
7.1974,0.22,13.9726,525.937,-0.064135402,-0.003976897
7.1974,0.23,13.9726,523.314,-0.062516034,-0.004355471
7.1974,0.24,13.9726,520.806,-0.060921603,-0.004752274
7.1974,0.25,13.9726,518.408,-0.059351994,-0.005167328
7.1974,0.26,13.9726,516.111,-0.057806035,-0.00560166
7.1974,0.27,13.9726,513.909,-0.056282562,-0.006055296
7.1974,0.28,13.9726,511.796,-0.054781476,-0.006527256
7.1974,0.29,13.9726,509.766,-0.05330268,-0.007018573
7.1974,0.3,13.9726,507.814,-0.051846079,-0.007529274
7.1974,0.31,13.9726,505.935,-0.050410526,-0.00805939
7.1974,0.32,13.9726,504.126,-0.048994885,-0.008608951
7.1974,0.33,13.9726,502.381,-0.047600123,-0.009178998
7.1974,0.34,13.9726,500.697,-0.046226154,-0.009768557
7.1974,0.35,13.9726,499.071,-0.044871851,-0.010378673
7.1974,0.36,13.9726,497.499,-0.043537136,-0.011009381
7.1974,0.37,13.9726,495.978,-0.042222975,-0.011660723
7.1974,0.38,13.9726,494.506,-0.040927208,-0.012331724
7.1974,0.39,13.9726,493.08,-0.039650806,-0.013024451
7.1974,0.4,13.9726,491.697,-0.038393695,-0.013737935
7.1974,0.41,13.9726,490.356,-0.037155807,-0.014473234
7.1974,0.42,13.9726,489.054,-0.03593707,-0.015229381
7.1974,0.43,13.9726,487.79,-0.034737418,-0.016007438
7.1974,0.44,13.9726,486.561,-0.033556784,-0.01680644
7.1974,0.45,13.9726,485.366,-0.032394068,-0.017627455
7.1974,0.46,13.9726,484.203,-0.031251274,-0.018470535
7.1974,0.47,13.9726,483.071,-0.030126273,-0.019335736
7.1974,0.48,13.9726,481.969,-0.029021067,-0.020223116
7.1974,0.49,13.9726,480.895,-0.027934562,-0.021133753
7.1974,0.5,13.9726,479.848,-0.026866699,-0.022065666
7.1974,0.51,13.9726,478.827,-0.025818446,-0.023019937
7.1974,0.52,13.9726,477.83,-0.024789742,-0.023997654
7.1974,0.53,13.9726,476.857,-0.023779505,-0.024997859
7.1974,0.54,13.9726,475.908,-0.022788701,-0.026020619
7.1974,0.55,13.9726,474.98,-0.021817275,-0.027066002
7.1974,0.56,13.9726,474.073,-0.020865172,-0.028135106
7.1974,0.57,13.9726,473.186,-0.019933356,-0.029226977
7.1974,0.58,13.9726,472.319,-0.019019734,-0.030341689
7.1974,0.59,13.9726,471.471,-0.018127311,-0.031479315
7.1974,0.6,13.9726,470.641,-0.017255015,-0.032639934
7.1974,0.61,13.9726,469.829,-0.016401777,-0.033823624
7.1974,0.62,13.9726,469.033,-0.015569579,-0.035030465
7.1974,0.63,13.9726,468.254,-0.014757356,-0.036260539
7.1974,0.64,13.9726,467.491,-0.013965059,-0.037512892
7.1974,0.65,13.9726,466.743,-0.013194668,-0.038788647
7.1974,0.66,13.9726,466.01,-0.012444108,-0.040086848
7.1974,0.67,13.9726,465.291,-0.011715358,-0.041407583
7.1974,0.68,13.9726,464.586,-0.011006348,-0.042750937
7.1974,0.69,13.9726,463.894,-0.010320069,-0.044115955
7.1974,0.7,13.9726,463.215,-0.009654455,-0.04550377
7.1974,0.71,13.9726,462.549,-0.009010473,-0.046913426
7.1974,0.72,13.9726,461.896,-0.008387073,-0.048343964
7.1974,0.73,13.9726,461.254,-0.007787242,-0.049795469
7.1974,0.74,13.9726,460.624,-0.007207915,-0.051269084
7.1974,0.75,13.9726,460.005,-0.006651069,-0.05276174
7.1974,0.76,13.9726,459.397,-0.006116669,-0.054274576
7.1974,0.77,13.9726,458.8,-0.005604677,-0.055807679
7.1974,0.78,13.9726,458.213,-0.005114055,-0.057359022
7.1974,0.79,13.9726,457.636,-0.00464678,-0.058928686
7.1974,0.8,13.9726,457.069,-0.004201815,-0.060516753
7.1974,0.81,13.9726,456.512,-0.003780136,-0.062121179
7.1974,0.82,13.9726,455.964,-0.003380708,-0.063742038
7.1974,0.83,13.9726,455.425,-0.003003506,-0.06537834
7.1974,0.84,13.9726,454.895,-0.002649507,-0.067029087
7.1974,0.85,13.9726,454.373,-0.002317684,-0.068692202
7.1974,0.86,13.9726,453.86,-0.002009017,-0.070368818
7.1974,0.87,13.9726,453.355,-0.001723484,-0.072056846
7.1974,0.88,13.9726,452.859,-0.001460065,-0.073754189
7.1974,0.89,13.9726,452.37,-0.001219744,-0.075459809
7.1974,0.9,13.9726,451.888,-0.001001501,-0.077172664
7.1974,0.91,13.9726,451.415,-0.000805324,-0.078890622
7.1974,0.92,13.9726,450.948,-0.000631199,-0.08061262
7.1974,0.93,13.9726,450.489,-0.000480115,-0.082335417
7.1974,0.94,13.9726,450.036,-0.000349061,-0.084059012
7.1974,0.95,13.9726,449.591,-0.000240029,-0.085779046
7.1974,0.96,13.9726,449.152,-0.000152012,-0.087494403
7.1974,0.97,13.9726,448.719,-8.5004e-05,-0.089202867
7.1974,0.98,13.9726,448.293,-3.7001e-05,-0.090900019
7.1974,0.99,13.9726,447.873,-9e-06,-0.092584697
7.1974,1.0,13.9726,447.459,0.0,-0.094253538
11.275,0.0,5.1742,371.5489,-0.116621461,0.0
11.275,0.01,5.1742,371.9058,-0.115134795,-9e-06
11.275,0.02,5.1742,372.2679,-0.113559592,-3.7001e-05
11.275,0.03,5.1742,372.6355,-0.111906337,-8.6004e-05
11.275,0.04,5.1742,373.0085,-0.110183237,-0.000157012
11.275,0.05,5.1742,373.387,-0.108400688,-0.000253032
11.275,0.06,5.1742,373.772,-0.106565686,-0.00037307
11.275,0.07,5.1742,374.163,-0.104685188,-0.000521136
11.275,0.08,5.1742,374.56,-0.102766106,-0.000695242
11.275,0.09,5.1742,374.964,-0.100815305,-0.000898403
11.275,0.1,5.1742,375.374,-0.098836289,-0.001130639
11.275,0.11,5.1742,375.79,-0.096836945,-0.00139297
11.275,0.12,5.1742,376.214,-0.0948207,-0.001684418
11.275,0.13,5.1742,376.645,-0.092790956,-0.002007013
11.275,0.14,5.1742,377.083,-0.090753278,-0.002359782
11.275,0.15,5.1742,377.529,-0.088711002,-0.002744763
11.275,0.16,5.1742,377.982,-0.086667436,-0.003159988
11.275,0.17,5.1742,378.444,-0.084624773,-0.003606496
11.275,0.18,5.1742,378.913,-0.082587359,-0.004085334
11.275,0.19,5.1742,379.391,-0.08055734,-0.004595543
11.275,0.2,5.1742,379.877,-0.07853576,-0.005137173
11.275,0.21,5.1742,380.372,-0.076526895,-0.005709267
11.275,0.22,5.1742,380.875,-0.074531754,-0.006313891
11.275,0.23,5.1742,381.388,-0.072552413,-0.006950096
11.275,0.24,5.1742,381.911,-0.07058986,-0.007615928
11.275,0.25,5.1742,382.443,-0.068647217,-0.008313461
11.275,0.26,5.1742,382.985,-0.066723306,-0.009042763
11.275,0.27,5.1742,383.537,-0.064822295,-0.009800872
11.275,0.28,5.1742,384.1,-0.062942995,-0.010590886
11.275,0.29,5.1742,384.674,-0.061087416,-0.011409845
11.275,0.3,5.1742,385.258,-0.059256496,-0.012258833
11.275,0.31,5.1742,385.855,-0.057451163,-0.013137926
11.275,0.32,5.1742,386.463,-0.055672342,-0.014046187
11.275,0.33,5.1742,387.083,-0.053919899,-0.014983697
11.275,0.34,5.1742,387.716,-0.052194753,-0.015950536
11.275,0.35,5.1742,388.363,-0.050497821,-0.016944755
11.275,0.36,5.1742,389.022,-0.048828965,-0.01796847
11.275,0.37,5.1742,389.696,-0.047189097,-0.019019734
11.275,0.38,5.1742,390.383,-0.045578078,-0.020098631
11.275,0.39,5.1742,391.086,-0.043996821,-0.021205251
11.275,0.4,5.1742,391.804,-0.042445186,-0.02233866
11.275,0.41,5.1742,392.538,-0.040923041,-0.023499974
11.275,0.42,5.1742,393.289,-0.039431295,-0.024687238
11.275,0.43,5.1742,394.057,-0.037968777,-0.025901568
11.275,0.44,5.1742,394.843,-0.036537436,-0.027142035
11.275,0.45,5.1742,395.647,-0.035136107,-0.028408734
11.275,0.46,5.1742,396.471,-0.033764664,-0.029701762
11.275,0.47,5.1742,397.315,-0.032424023,-0.03102019
11.275,0.48,5.1742,398.18,-0.031114061,-0.032364113
11.275,0.49,5.1742,399.067,-0.02983363,-0.0337326
11.275,0.5,5.1742,399.977,-0.028582619,-0.03512782
11.275,0.51,5.1742,400.91,-0.027362975,-0.036546771
11.275,0.52,5.1742,401.869,-0.026172532,-0.037991629
11.275,0.53,5.1742,402.854,-0.025011188,-0.039461462
11.275,0.54,5.1742,403.866,-0.023880892,-0.040955337
11.275,0.55,5.1742,404.908,-0.022778471,-0.042474401
11.275,0.56,5.1742,405.979,-0.021706899,-0.044018765
11.275,0.57,5.1742,407.083,-0.020663017,-0.045587498
11.275,0.58,5.1742,408.22,-0.019648779,-0.04718071
11.275,0.59,5.1742,409.392,-0.018664096,-0.048798514
11.275,0.6,5.1742,410.603,-0.017706845,-0.050442078
11.275,0.61,5.1742,411.852,-0.016777966,-0.05211047
11.275,0.62,5.1742,413.144,-0.015877381,-0.053803812
11.275,0.63,5.1742,414.48,-0.015003999,-0.055522224
11.275,0.64,5.1742,415.864,-0.014158764,-0.057265831
11.275,0.65,5.1742,417.298,-0.013340591,-0.059036883
11.275,0.66,5.1742,418.786,-0.012550428,-0.060833394
11.275,0.67,5.1742,420.331,-0.011786185,-0.06265656
11.275,0.68,5.1742,421.937,-0.011048814,-0.064506522
11.275,0.69,5.1742,423.61,-0.010337246,-0.066384491
11.275,0.7,5.1742,425.353,-0.009652435,-0.068290618
11.275,0.71,5.1742,427.173,-0.008993319,-0.070226132
11.275,0.72,5.1742,429.075,-0.008358838,-0.072191195
11.275,0.73,5.1742,431.066,-0.007750961,-0.074188129
11.275,0.74,5.1742,433.153,-0.007167626,-0.076216039
11.275,0.75,5.1742,435.346,-0.00660879,-0.078277267
11.275,0.76,5.1742,437.653,-0.006074412,-0.080372012
11.275,0.77,5.1742,440.086,-0.005565458,-0.082503734
11.275,0.78,5.1742,442.656,-0.005078876,-0.084672659
11.275,0.79,5.1742,445.378,-0.00461664,-0.086881204
11.275,0.8,5.1742,448.266,-0.004178719,-0.089131805
11.275,0.81,5.1742,451.339,-0.003763071,-0.091426929
11.275,0.82,5.1742,454.617,-0.003370674,-0.09376797
11.275,0.83,5.1742,458.124,-0.0030015,-0.096160741
11.275,0.84,5.1742,461.884,-0.002653517,-0.098606707
11.275,0.85,5.1742,465.929,-0.002328709,-0.101109564
11.275,0.86,5.1742,470.292,-0.002026051,-0.10367527
11.275,0.87,5.1742,475.01,-0.001745523,-0.106306519
11.275,0.88,5.1742,480.123,-0.001486104,-0.109008272
11.275,0.89,5.1742,485.674,-0.001247778,-0.111784438
11.275,0.9,5.1742,491.703,-0.001030531,-0.114637862
11.275,0.91,5.1742,498.247,-0.000834348,-0.117572558
11.275,0.92,5.1742,505.33,-0.000659217,-0.120584707
11.275,0.93,5.1742,512.953,-0.000505128,-0.123672721
11.275,0.94,5.1742,521.093,-0.000371069,-0.12682706
11.275,0.95,5.1742,529.719,-0.000258033,-0.130038073
11.275,0.96,5.1742,539.147,-0.000165014,-0.133346267
11.275,0.97,5.1742,548.194,-9.3004e-05,-0.136582901
11.275,0.98,5.1742,555.962,-4.1001e-05,-0.139638
11.275,0.99,5.1742,563.045,-1e-05,-0.142596356
11.275,1.0,5.1742,569.651,0.0,-0.14549062
5.1742,0.0,11.275,569.651,-0.14549062,0.0
5.1742,0.01,11.275,563.045,-0.142596356,-1e-05
5.1742,0.02,11.275,555.962,-0.139638,-4.1001e-05
5.1742,0.03,11.275,548.194,-0.136582901,-9.3004e-05
5.1742,0.04,11.275,539.147,-0.133346267,-0.000165014
5.1742,0.05,11.275,529.719,-0.130038073,-0.000258033
5.1742,0.06,11.275,521.093,-0.12682706,-0.000371069
5.1742,0.07,11.275,512.953,-0.123672721,-0.000505128
5.1742,0.08,11.275,505.33,-0.120584707,-0.000659217
5.1742,0.09,11.275,498.247,-0.117572558,-0.000834348
5.1742,0.1,11.275,491.703,-0.114637862,-0.001030531
5.1742,0.11,11.275,485.674,-0.111784438,-0.001247778
5.1742,0.12,11.275,480.123,-0.109008272,-0.001486104
5.1742,0.13,11.275,475.01,-0.106306519,-0.001745523
5.1742,0.14,11.275,470.292,-0.10367527,-0.002026051
5.1742,0.15,11.275,465.929,-0.101109564,-0.002328709
5.1742,0.16,11.275,461.884,-0.098606707,-0.002653517
5.1742,0.17,11.275,458.124,-0.096160741,-0.0030015
5.1742,0.18,11.275,454.617,-0.09376797,-0.003370674
5.1742,0.19,11.275,451.339,-0.091426929,-0.003763071
5.1742,0.2,11.275,448.266,-0.089131805,-0.004178719
5.1742,0.21,11.275,445.378,-0.086881204,-0.00461664
5.1742,0.22,11.275,442.656,-0.084672659,-0.005078876
5.1742,0.23,11.275,440.086,-0.082503734,-0.005565458
5.1742,0.24,11.275,437.653,-0.080372012,-0.006074412
5.1742,0.25,11.275,435.346,-0.078277267,-0.00660879
5.1742,0.26,11.275,433.153,-0.076216039,-0.007167626
5.1742,0.27,11.275,431.066,-0.074188129,-0.007750961
5.1742,0.28,11.275,429.075,-0.072191195,-0.008358838
5.1742,0.29,11.275,427.173,-0.070226132,-0.008993319
5.1742,0.3,11.275,425.353,-0.068290618,-0.009652435
5.1742,0.31,11.275,423.61,-0.066384491,-0.010337246
5.1742,0.32,11.275,421.937,-0.064506522,-0.011048814
5.1742,0.33,11.275,420.331,-0.06265656,-0.011786185
5.1742,0.34,11.275,418.786,-0.060833394,-0.012550428
5.1742,0.35,11.275,417.298,-0.059036883,-0.013340591
5.1742,0.36,11.275,415.864,-0.057265831,-0.014158764
5.1742,0.37,11.275,414.48,-0.055522224,-0.015003999
5.1742,0.38,11.275,413.144,-0.053803812,-0.015877381
5.1742,0.39,11.275,411.852,-0.05211047,-0.016777966
5.1742,0.4,11.275,410.603,-0.050442078,-0.017706845
5.1742,0.41,11.275,409.392,-0.048798514,-0.018664096
5.1742,0.42,11.275,408.22,-0.04718071,-0.019648779
5.1742,0.43,11.275,407.083,-0.045587498,-0.020663017
5.1742,0.44,11.275,405.979,-0.044018765,-0.021706899
5.1742,0.45,11.275,404.908,-0.042474401,-0.022778471
5.1742,0.46,11.275,403.866,-0.040955337,-0.023880892
5.1742,0.47,11.275,402.854,-0.039461462,-0.025011188
5.1742,0.48,11.275,401.869,-0.037991629,-0.026172532
5.1742,0.49,11.275,400.91,-0.036546771,-0.027362975
5.1742,0.5,11.275,399.977,-0.03512782,-0.028582619
5.1742,0.51,11.275,399.067,-0.0337326,-0.02983363
5.1742,0.52,11.275,398.18,-0.032364113,-0.031114061
5.1742,0.53,11.275,397.315,-0.03102019,-0.032424023
5.1742,0.54,11.275,396.471,-0.029701762,-0.033764664
5.1742,0.55,11.275,395.647,-0.028408734,-0.035136107
5.1742,0.56,11.275,394.843,-0.027142035,-0.036537436
5.1742,0.57,11.275,394.057,-0.025901568,-0.037968777
5.1742,0.58,11.275,393.289,-0.024687238,-0.039431295
5.1742,0.59,11.275,392.538,-0.023499974,-0.040923041
5.1742,0.6,11.275,391.804,-0.02233866,-0.042445186
5.1742,0.61,11.275,391.086,-0.021205251,-0.043996821
5.1742,0.62,11.275,390.383,-0.020098631,-0.045578078
5.1742,0.63,11.275,389.696,-0.019019734,-0.047189097
5.1742,0.64,11.275,389.022,-0.01796847,-0.048828965
5.1742,0.65,11.275,388.363,-0.016944755,-0.050497821
5.1742,0.66,11.275,387.716,-0.015950536,-0.052194753
5.1742,0.67,11.275,387.083,-0.014983697,-0.053919899
5.1742,0.68,11.275,386.463,-0.014046187,-0.055672342
5.1742,0.69,11.275,385.855,-0.013137926,-0.057451163
5.1742,0.7,11.275,385.258,-0.012258833,-0.059256496
5.1742,0.71,11.275,384.674,-0.011409845,-0.061087416
5.1742,0.72,11.275,384.1,-0.010590886,-0.062942995
5.1742,0.73,11.275,383.537,-0.009800872,-0.064822295
5.1742,0.74,11.275,382.985,-0.009042763,-0.066723306
5.1742,0.75,11.275,382.443,-0.008313461,-0.068647217
5.1742,0.76,11.275,381.911,-0.007615928,-0.07058986
5.1742,0.77,11.275,381.388,-0.006950096,-0.072552413
5.1742,0.78,11.275,380.875,-0.006313891,-0.074531754
5.1742,0.79,11.275,380.372,-0.005709267,-0.076526895
5.1742,0.8,11.275,379.877,-0.005137173,-0.07853576
5.1742,0.81,11.275,379.391,-0.004595543,-0.08055734
5.1742,0.82,11.275,378.913,-0.004085334,-0.082587359
5.1742,0.83,11.275,378.444,-0.003606496,-0.084624773
5.1742,0.84,11.275,377.982,-0.003159988,-0.086667436
5.1742,0.85,11.275,377.529,-0.002744763,-0.088711002
5.1742,0.86,11.275,377.083,-0.002359782,-0.090753278
5.1742,0.87,11.275,376.645,-0.002007013,-0.092790956
5.1742,0.88,11.275,376.214,-0.001684418,-0.0948207
5.1742,0.89,11.275,375.79,-0.00139297,-0.096836945
5.1742,0.9,11.275,375.374,-0.001130639,-0.098836289
5.1742,0.91,11.275,374.964,-0.000898403,-0.100815305
5.1742,0.92,11.275,374.56,-0.000695242,-0.102766106
5.1742,0.93,11.275,374.163,-0.000521136,-0.104685188
5.1742,0.94,11.275,373.772,-0.00037307,-0.106565686
5.1742,0.95,11.275,373.387,-0.000253032,-0.108400688
5.1742,0.96,11.275,373.0085,-0.000157012,-0.110183237
5.1742,0.97,11.275,372.6355,-8.6004e-05,-0.111906337
5.1742,0.98,11.275,372.2679,-3.7001e-05,-0.113559592
5.1742,0.99,11.275,371.9058,-9e-06,-0.115134795
5.1742,1.0,11.275,371.5489,0.0,-0.116621461
11.275,0.0,4.0464,353.9317,-0.424510322,0.0
11.275,0.01,4.0464,354.2799,-0.412387009,-6.2002e-05
11.275,0.02,4.0464,354.6367,-0.400417867,-0.000249031
11.275,0.03,4.0464,355.0023,-0.388624215,-0.000558156
11.275,0.04,4.0464,355.3768,-0.377020519,-0.000988488
11.275,0.05,4.0464,355.7602,-0.365617668,-0.001538182
11.275,0.06,4.0464,356.1526,-0.354426046,-0.002204428
11.275,0.07,4.0464,356.554,-0.343455563,-0.002985452
11.275,0.08,4.0464,356.9646,-0.332708728,-0.003877508
11.275,0.09,4.0464,357.3844,-0.322192085,-0.004878882
11.275,0.1,4.0464,357.8134,-0.311906461,-0.005984874
11.275,0.11,4.0464,358.2518,-0.301855374,-0.007193814
11.275,0.12,4.0464,358.6995,-0.292038213,-0.008501032
11.275,0.13,4.0464,359.1567,-0.282454427,-0.009905902
11.275,0.14,4.0464,359.6235,-0.273104838,-0.011402765
11.275,0.15,4.0464,360.0998,-0.263986379,-0.012990006
11.275,0.16,4.0464,360.586,-0.255097432,-0.014663993
11.275,0.17,4.0464,361.0819,-0.246436488,-0.016422108
11.275,0.18,4.0464,361.5878,-0.237999608,-0.018260717
11.275,0.19,4.0464,362.1038,-0.229784302,-0.020178218
11.275,0.2,4.0464,362.63,-0.221785724,-0.02217097
11.275,0.21,4.0464,363.1666,-0.214002954,-0.024236342
11.275,0.22,4.0464,363.7137,-0.20643025,-0.026371696
11.275,0.23,4.0464,364.2714,-0.199064542,-0.028574387
11.275,0.24,4.0464,364.8401,-0.1919017,-0.030841755
11.275,0.25,4.0464,365.4198,-0.184937776,-0.033171129
11.275,0.26,4.0464,366.0107,-0.178168991,-0.035560859
11.275,0.27,4.0464,366.6132,-0.171590541,-0.038009287
11.275,0.28,4.0464,367.2274,-0.165200168,-0.040512667
11.275,0.29,4.0464,367.8536,-0.158991042,-0.04306931
11.275,0.3,4.0464,368.4921,-0.152962386,-0.045677513
11.275,0.31,4.0464,369.1432,-0.147107707,-0.048334518
11.275,0.32,4.0464,369.8071,-0.141424173,-0.051040695
11.275,0.33,4.0464,370.4843,-0.135906783,-0.053791148
11.275,0.34,4.0464,371.175,-0.130552975,-0.056586225
11.275,0.35,4.0464,371.8796,-0.125359162,-0.059424155
11.275,0.36,4.0464,372.5986,-0.120319625,-0.06230209
11.275,0.37,4.0464,373.332,-0.115433298,-0.065219286
11.275,0.38,4.0464,374.081,-0.110694717,-0.068173921
11.275,0.39,4.0464,374.846,-0.10610079,-0.071164156
11.275,0.4,4.0464,375.627,-0.101647418,-0.074190283
11.275,0.41,4.0464,376.425,-0.097332824,-0.077249363
11.275,0.42,4.0464,377.24,-0.093153108,-0.080340585
11.275,0.43,4.0464,378.073,-0.089104475,-0.083463134
11.275,0.44,4.0464,378.924,-0.085183231,-0.086616182
11.275,0.45,4.0464,379.795,-0.081387945,-0.089796707
11.275,0.46,4.0464,380.686,-0.077714005,-0.093006036
11.275,0.47,4.0464,381.598,-0.07415905,-0.096241113
11.275,0.48,4.0464,382.532,-0.070720792,-0.099503258
11.275,0.49,4.0464,383.488,-0.067394863,-0.102789379
11.275,0.5,4.0464,384.468,-0.064180185,-0.106099678
11.275,0.51,4.0464,385.473,-0.061073598,-0.109433242
11.275,0.52,4.0464,386.503,-0.058072008,-0.112789151
11.275,0.53,4.0464,387.561,-0.055172387,-0.116167591
11.275,0.54,4.0464,388.647,-0.052373878,-0.1195665
11.275,0.55,4.0464,389.762,-0.049673554,-0.122986048
11.275,0.56,4.0464,390.909,-0.047067499,-0.126425272
11.275,0.57,4.0464,392.088,-0.044554995,-0.129884337
11.275,0.58,4.0464,393.303,-0.042134314,-0.133362264
11.275,0.59,4.0464,394.553,-0.039801682,-0.136858063
11.275,0.6,4.0464,395.843,-0.03755546,-0.140373029
11.275,0.61,4.0464,397.173,-0.035394044,-0.143905013
11.275,0.62,4.0464,398.546,-0.033314827,-0.147454152
11.275,0.63,4.0464,399.966,-0.031316276,-0.151021747
11.275,0.64,4.0464,401.434,-0.029396885,-0.154605617
11.275,0.65,4.0464,402.954,-0.027553125,-0.158207063
11.275,0.66,4.0464,404.53,-0.02578561,-0.161825053
11.275,0.67,4.0464,406.165,-0.024090869,-0.16545972
11.275,0.68,4.0464,407.864,-0.022467515,-0.169111199
11.275,0.69,4.0464,409.63,-0.020913164,-0.172780815
11.275,0.7,4.0464,411.471,-0.019428517,-0.176467525
11.275,0.71,4.0464,413.39,-0.018009196,-0.18017147
11.275,0.72,4.0464,415.395,-0.016654927,-0.183893992
11.275,0.73,4.0464,417.493,-0.015365446,-0.187635249
11.275,0.74,4.0464,419.692,-0.01413645,-0.1913954
11.275,0.75,4.0464,422.0,-0.012968732,-0.195174604
11.275,0.76,4.0464,424.429,-0.011861065,-0.198976687
11.275,0.77,4.0464,426.989,-0.01081022,-0.202799404
11.275,0.78,4.0464,429.694,-0.00981602,-0.206645397
11.275,0.79,4.0464,432.559,-0.008877287,-0.210516114
11.275,0.8,4.0464,435.601,-0.007992858,-0.214413024
11.275,0.81,4.0464,438.839,-0.007161583,-0.218338862
11.275,0.82,4.0464,442.295,-0.006381317,-0.222293912
11.275,0.83,4.0464,445.997,-0.005651942,-0.226282222
11.275,0.84,4.0464,449.973,-0.004971337,-0.230305386
11.275,0.85,4.0464,454.257,-0.004339402,-0.234367555
11.275,0.86,4.0464,458.888,-0.003754038,-0.238471679
11.275,0.87,4.0464,463.909,-0.003215163,-0.242622031
11.275,0.88,4.0464,469.368,-0.0027217,-0.246820399
11.275,0.89,4.0464,475.316,-0.00227258,-0.251071172
11.275,0.9,4.0464,481.803,-0.001865739,-0.255377529
11.275,0.91,4.0464,488.874,-0.001502128,-0.259741407
11.275,0.92,4.0464,496.559,-0.001179696,-0.264159575
11.275,0.93,4.0464,504.862,-0.000897403,-0.268628745
11.275,0.94,4.0464,513.743,-0.000655215,-0.273139004
11.275,0.95,4.0464,523.112,-0.000453103,-0.277676298
11.275,0.96,4.0464,532.821,-0.000288041,-0.282219685
11.275,0.97,4.0464,542.69,-0.000161013,-0.286749174
11.275,0.98,4.0464,552.676,-7.1003e-05,-0.291260467
11.275,0.99,4.0464,561.743,-1.8e-05,-0.295655106
11.275,1.0,4.0464,569.651,0.0,-0.29991796
4.0464,0.0,11.275,569.651,-0.29991796,0.0
4.0464,0.01,11.275,561.743,-0.295655106,-1.8e-05
4.0464,0.02,11.275,552.676,-0.291260467,-7.1003e-05
4.0464,0.03,11.275,542.69,-0.286749174,-0.000161013
4.0464,0.04,11.275,532.821,-0.282219685,-0.000288041
4.0464,0.05,11.275,523.112,-0.277676298,-0.000453103
4.0464,0.06,11.275,513.743,-0.273139004,-0.000655215
4.0464,0.07,11.275,504.862,-0.268628745,-0.000897403
4.0464,0.08,11.275,496.559,-0.264159575,-0.001179696
4.0464,0.09,11.275,488.874,-0.259741407,-0.001502128
4.0464,0.1,11.275,481.803,-0.255377529,-0.001865739
4.0464,0.11,11.275,475.316,-0.251071172,-0.00227258
4.0464,0.12,11.275,469.368,-0.246820399,-0.0027217
4.0464,0.13,11.275,463.909,-0.242622031,-0.003215163
4.0464,0.14,11.275,458.888,-0.238471679,-0.003754038
4.0464,0.15,11.275,454.257,-0.234367555,-0.004339402
4.0464,0.16,11.275,449.973,-0.230305386,-0.004971337
4.0464,0.17,11.275,445.997,-0.226282222,-0.005651942
4.0464,0.18,11.275,442.295,-0.222293912,-0.006381317
4.0464,0.19,11.275,438.839,-0.218338862,-0.007161583
4.0464,0.2,11.275,435.601,-0.214413024,-0.007992858
4.0464,0.21,11.275,432.559,-0.210516114,-0.008877287
4.0464,0.22,11.275,429.694,-0.206645397,-0.00981602
4.0464,0.23,11.275,426.989,-0.202799404,-0.01081022
4.0464,0.24,11.275,424.429,-0.198976687,-0.011861065
4.0464,0.25,11.275,422.0,-0.195174604,-0.012968732
4.0464,0.26,11.275,419.692,-0.1913954,-0.01413645
4.0464,0.27,11.275,417.493,-0.187635249,-0.015365446
4.0464,0.28,11.275,415.395,-0.183893992,-0.016654927
4.0464,0.29,11.275,413.39,-0.18017147,-0.018009196
4.0464,0.3,11.275,411.471,-0.176467525,-0.019428517
4.0464,0.31,11.275,409.63,-0.172780815,-0.020913164
4.0464,0.32,11.275,407.864,-0.169111199,-0.022467515
4.0464,0.33,11.275,406.165,-0.16545972,-0.024090869
4.0464,0.34,11.275,404.53,-0.161825053,-0.02578561
4.0464,0.35,11.275,402.954,-0.158207063,-0.027553125
4.0464,0.36,11.275,401.434,-0.154605617,-0.029396885
4.0464,0.37,11.275,399.966,-0.151021747,-0.031316276
4.0464,0.38,11.275,398.546,-0.147454152,-0.033314827
4.0464,0.39,11.275,397.173,-0.143905013,-0.035394044
4.0464,0.4,11.275,395.843,-0.140373029,-0.03755546
4.0464,0.41,11.275,394.553,-0.136858063,-0.039801682
4.0464,0.42,11.275,393.303,-0.133362264,-0.042134314
4.0464,0.43,11.275,392.088,-0.129884337,-0.044554995
4.0464,0.44,11.275,390.909,-0.126425272,-0.047067499
4.0464,0.45,11.275,389.762,-0.122986048,-0.049673554
4.0464,0.46,11.275,388.647,-0.1195665,-0.052373878
4.0464,0.47,11.275,387.561,-0.116167591,-0.055172387
4.0464,0.48,11.275,386.503,-0.112789151,-0.058072008
4.0464,0.49,11.275,385.473,-0.109433242,-0.061073598
4.0464,0.5,11.275,384.468,-0.106099678,-0.064180185
4.0464,0.51,11.275,383.488,-0.102789379,-0.067394863
4.0464,0.52,11.275,382.532,-0.099503258,-0.070720792
4.0464,0.53,11.275,381.598,-0.096241113,-0.07415905
4.0464,0.54,11.275,380.686,-0.093006036,-0.077714005
4.0464,0.55,11.275,379.795,-0.089796707,-0.081387945
4.0464,0.56,11.275,378.924,-0.086616182,-0.085183231
4.0464,0.57,11.275,378.073,-0.083463134,-0.089104475
4.0464,0.58,11.275,377.24,-0.080340585,-0.093153108
4.0464,0.59,11.275,376.425,-0.077249363,-0.097332824
4.0464,0.6,11.275,375.627,-0.074190283,-0.101647418
4.0464,0.61,11.275,374.846,-0.071164156,-0.10610079
4.0464,0.62,11.275,374.081,-0.068173921,-0.110694717
4.0464,0.63,11.275,373.332,-0.065219286,-0.115433298
4.0464,0.64,11.275,372.5986,-0.06230209,-0.120319625
4.0464,0.65,11.275,371.8796,-0.059424155,-0.125359162
4.0464,0.66,11.275,371.175,-0.056586225,-0.130552975
4.0464,0.67,11.275,370.4843,-0.053791148,-0.135906783
4.0464,0.68,11.275,369.8071,-0.051040695,-0.141424173
4.0464,0.69,11.275,369.1432,-0.048334518,-0.147107707
4.0464,0.7,11.275,368.4921,-0.045677513,-0.152962386
4.0464,0.71,11.275,367.8536,-0.04306931,-0.158991042
4.0464,0.72,11.275,367.2274,-0.040512667,-0.165200168
4.0464,0.73,11.275,366.6132,-0.038009287,-0.171590541
4.0464,0.74,11.275,366.0107,-0.035560859,-0.178168991
4.0464,0.75,11.275,365.4198,-0.033171129,-0.184937776
4.0464,0.76,11.275,364.8401,-0.030841755,-0.1919017
4.0464,0.77,11.275,364.2714,-0.028574387,-0.199064542
4.0464,0.78,11.275,363.7137,-0.026371696,-0.20643025
4.0464,0.79,11.275,363.1666,-0.024236342,-0.214002954
4.0464,0.8,11.275,362.63,-0.02217097,-0.221785724
4.0464,0.81,11.275,362.1038,-0.020178218,-0.229784302
4.0464,0.82,11.275,361.5878,-0.018260717,-0.237999608
4.0464,0.83,11.275,361.0819,-0.016422108,-0.246436488
4.0464,0.84,11.275,360.586,-0.014663993,-0.255097432
4.0464,0.85,11.275,360.0998,-0.012990006,-0.263986379
4.0464,0.86,11.275,359.6235,-0.011402765,-0.273104838
4.0464,0.87,11.275,359.1567,-0.009905902,-0.282454427
4.0464,0.88,11.275,358.6995,-0.008501032,-0.292038213
4.0464,0.89,11.275,358.2518,-0.007193814,-0.301855374
4.0464,0.9,11.275,357.8134,-0.005984874,-0.311906461
4.0464,0.91,11.275,357.3844,-0.004878882,-0.322192085
4.0464,0.92,11.275,356.9646,-0.003877508,-0.332708728
4.0464,0.93,11.275,356.554,-0.002985452,-0.343455563
4.0464,0.94,11.275,356.1526,-0.002204428,-0.354426046
4.0464,0.95,11.275,355.7602,-0.001538182,-0.365617668
4.0464,0.96,11.275,355.3768,-0.000988488,-0.377020519
4.0464,0.97,11.275,355.0023,-0.000558156,-0.388624215
4.0464,0.98,11.275,354.6367,-0.000249031,-0.400417867
4.0464,0.99,11.275,354.2799,-6.2002e-05,-0.412387009
4.0464,1.0,11.275,353.9317,0.0,-0.424510322
2.5755,0.0,7.1974,447.459,1.838227893,0.0
2.5755,0.01,7.1974,418.012,1.968501601,0.000219976
2.5755,0.02,7.1974,400.049,2.034803682,0.00098951
2.5755,0.03,7.1974,388.661,2.058433663,0.002377172
2.5755,0.04,7.1974,380.919,2.056644912,0.004400304
2.5755,0.05,7.1974,375.356,2.039393987,0.007045125
2.5755,0.06,7.1974,371.1905,2.012458702,0.010306703
2.5755,0.07,7.1974,367.9753,1.979350452,0.014159283
2.5755,0.08,7.1974,365.4348,1.942297919,0.01856657
2.5755,0.09,7.1974,363.3906,1.90276701,0.023511427
2.5755,0.1,7.1974,361.7215,1.861747179,0.028966394
2.5755,0.11,7.1974,360.3425,1.819920855,0.034903716
2.5755,0.12,7.1974,359.1922,1.77776365,0.041324268
2.5755,0.13,7.1974,358.2248,1.735614072,0.048189984
2.5755,0.14,7.1974,357.4064,1.693707367,0.05549147
2.5755,0.15,7.1974,356.7102,1.652210004,0.063209513
2.5755,0.16,7.1974,356.1177,1.611236294,0.07134344
2.5755,0.17,7.1974,355.6046,1.570896648,0.079873463
2.5755,0.18,7.1974,355.1791,1.531173622,0.088788963
2.5755,0.19,7.1974,354.7837,1.49224995,0.098088136
2.5755,0.2,7.1974,354.4615,1.453990392,0.107759635
2.5755,0.21,7.1974,354.1833,1.416469478,0.117783036
2.5755,0.22,7.1974,353.9371,1.379710233,0.128182111
2.5755,0.23,7.1974,353.7262,1.343681702,0.138926811
2.5755,0.24,7.1974,353.5474,1.308376062,0.150022169
2.5755,0.25,7.1974,353.3925,1.273794532,0.161472382
2.5755,0.26,7.1974,353.2618,1.239915072,0.173263994
2.5755,0.27,7.1974,353.147,1.20673698,0.185400146
2.5755,0.28,7.1974,353.1384,1.203920803,0.18645467
2.5755,0.29,7.1974,353.1384,1.203920803,0.18645467
2.5755,0.3,7.1974,353.1384,1.203920803,0.18645467
2.5755,0.31,7.1974,353.1384,1.203920803,0.18645467
2.5755,0.32,7.1974,353.1384,1.203920803,0.18645467
2.5755,0.33,7.1974,353.1384,1.203920803,0.18645467
2.5755,0.34,7.1974,353.1384,1.203920803,0.18645467
2.5755,0.35,7.1974,353.1384,1.203920803,0.18645467
2.5755,0.36,7.1974,353.1384,1.203920803,0.18645467
2.5755,0.37,7.1974,353.1384,1.203920803,0.18645467
2.5755,0.38,7.1974,353.1384,1.203920803,0.18645467
2.5755,0.39,7.1974,353.1384,1.203920803,0.18645467
2.5755,0.4,7.1974,353.1384,1.203920803,0.18645467
2.5755,0.41,7.1974,353.1384,1.203920803,0.18645467
2.5755,0.42,7.1974,353.1384,1.203920803,0.18645467
2.5755,0.43,7.1974,353.1384,1.203920803,0.18645467
2.5755,0.44,7.1974,353.1384,1.203920803,0.18645467
2.5755,0.45,7.1974,353.1384,1.203920803,0.18645467
2.5755,0.46,7.1974,353.1384,1.203920803,0.18645467
2.5755,0.47,7.1974,353.1384,1.203920803,0.18645467
2.5755,0.48,7.1974,353.1384,1.203920803,0.18645467
2.5755,0.49,7.1974,353.1384,1.203920803,0.18645467
2.5755,0.5,7.1974,353.1384,1.203920803,0.18645467
2.5755,0.51,7.1974,353.1384,1.203920803,0.18645467
2.5755,0.52,7.1974,353.1384,1.203920803,0.18645467
2.5755,0.53,7.1974,353.1384,1.203920803,0.18645467
2.5755,0.54,7.1974,353.1384,1.203920803,0.18645467
2.5755,0.55,7.1974,353.1384,1.203920803,0.18645467
2.5755,0.56,7.1974,353.1384,1.203920803,0.18645467
2.5755,0.57,7.1974,353.1384,1.203920803,0.18645467
2.5755,0.58,7.1974,353.1384,1.203920803,0.18645467
2.5755,0.59,7.1974,353.1384,1.203920803,0.18645467
2.5755,0.6,7.1974,353.1384,1.203920803,0.18645467
2.5755,0.61,7.1974,353.1384,1.203920803,0.18645467
2.5755,0.62,7.1974,353.1384,1.203920803,0.18645467
2.5755,0.63,7.1974,353.1384,1.203920803,0.18645467
2.5755,0.64,7.1974,353.1384,1.203920803,0.18645467
2.5755,0.65,7.1974,353.1384,1.203920803,0.18645467
2.5755,0.66,7.1974,353.1384,1.203920803,0.18645467
2.5755,0.67,7.1974,353.1384,1.203920803,0.18645467
2.5755,0.68,7.1974,353.1384,1.203920803,0.18645467
2.5755,0.69,7.1974,353.1384,1.203920803,0.18645467
2.5755,0.7,7.1974,353.1384,1.203920803,0.18645467
2.5755,0.71,7.1974,353.1384,1.203920803,0.18645467
2.5755,0.72,7.1974,353.1384,1.203920803,0.18645467
2.5755,0.73,7.1974,353.1384,1.203920803,0.18645467
2.5755,0.74,7.1974,353.1384,1.203920803,0.18645467
2.5755,0.75,7.1974,353.1384,1.203920803,0.18645467
2.5755,0.76,7.1974,353.1384,1.203920803,0.18645467
2.5755,0.77,7.1974,353.1384,1.203920803,0.18645467
2.5755,0.78,7.1974,353.1384,1.203920803,0.18645467
2.5755,0.79,7.1974,353.1384,1.203920803,0.18645467
2.5755,0.8,7.1974,353.1045,0.122491931,1.473952612
2.5755,0.81,7.1974,353.066,0.11188121,1.517846609
2.5755,0.82,7.1974,353.0231,0.101662687,1.563008559
2.5755,0.83,7.1974,352.9756,0.091831409,1.609491911
2.5755,0.84,7.1974,352.9234,0.082409136,1.657357221
2.5755,0.85,7.1974,352.8664,0.07339915,1.706666251
2.5755,0.86,7.1974,352.8044,0.064813483,1.757485434
2.5755,0.87,7.1974,352.7375,0.056663847,1.809885856
2.5755,0.88,7.1974,352.6654,0.048980622,1.863942137
2.5755,0.89,7.1974,352.5883,0.041755958,1.919733364
2.5755,0.9,7.1974,352.5061,0.035029249,1.977345137
2.5755,0.91,7.1974,352.4188,0.02881095,2.036869318
2.5755,0.92,7.1974,352.3265,0.023130417,2.098401903
2.5755,0.93,7.1974,352.2295,0.017997077,2.162045198
2.5755,0.94,7.1974,352.128,0.013439287,2.227911115
2.5755,0.95,7.1974,352.0224,0.009494782,2.296117221
2.5755,0.96,7.1974,351.9132,0.006180859,2.366789183
2.5755,0.97,7.1974,351.8013,0.003543714,2.44005746
2.5755,0.98,7.1974,351.6876,0.001598721,2.516082267
2.5755,0.99,7.1974,351.5734,0.000409916,2.594993479
2.5755,1.0,7.1974,351.4603,0.0,2.676979123
7.1974,0.0,2.5755,351.4603,2.676979123,0.0
7.1974,0.01,2.5755,351.5734,2.594993479,0.000409916
7.1974,0.02,2.5755,351.6876,2.516082267,0.001598721
7.1974,0.03,2.5755,351.8013,2.44005746,0.003543714
7.1974,0.04,2.5755,351.9132,2.366789183,0.006180859
7.1974,0.05,2.5755,352.0224,2.296117221,0.009494782
7.1974,0.06,2.5755,352.128,2.227911115,0.013439287
7.1974,0.07,2.5755,352.2295,2.162045198,0.017997077
7.1974,0.08,2.5755,352.3265,2.098401903,0.023130417
7.1974,0.09,2.5755,352.4188,2.036869318,0.02881095
7.1974,0.1,2.5755,352.5061,1.977345137,0.035029249
7.1974,0.11,2.5755,352.5883,1.91973923,0.041755958
7.1974,0.12,2.5755,352.6655,1.863942137,0.048980622
7.1974,0.13,2.5755,352.7376,1.809885856,0.056663847
7.1974,0.14,2.5755,352.8046,1.757485434,0.064813483
7.1974,0.15,2.5755,352.8664,1.70667351,0.073389857
7.1974,0.16,2.5755,352.9234,1.657357221,0.082409136
7.1974,0.17,2.5755,352.9756,1.609491911,0.091831409
7.1974,0.19,2.5755,353.066,1.517846609,0.11188121
7.1974,0.2,2.5755,353.1045,1.473952612,0.122491931
7.1974,0.21,2.5755,353.1385,0.186363378,1.204169785
7.1974,0.22,2.5755,353.1384,0.186379977,1.204118794
7.1974,0.23,2.5755,353.1384,0.186396576,1.204079799
7.1974,0.24,2.5755,353.1384,0.186404875,1.204046802
7.1974,0.25,2.5755,353.1384,0.186413175,1.204022803
7.1974,0.26,2.5755,353.1384,0.186421474,1.204001804
7.1974,0.27,2.5755,353.1384,0.186429773,1.203983804
7.1974,0.28,2.5755,353.1384,0.186438072,1.203971804
7.1974,0.29,2.5755,353.1384,0.186438072,1.203962804
7.1974,0.3,2.5755,353.1384,0.186446371,1.203953804
7.1974,0.31,2.5755,353.1384,0.186446371,1.203947804
7.1974,0.32,2.5755,353.1384,0.186446371,1.203941804
7.1974,0.33,2.5755,353.1384,0.186446371,1.203938804
7.1974,0.34,2.5755,353.1384,0.186446371,1.203935804
7.1974,0.35,2.5755,353.1384,0.18645467,1.203932804
7.1974,0.36,2.5755,353.1384,0.18645467,1.203929803
7.1974,0.37,2.5755,353.1384,0.18645467,1.203926803
7.1974,0.38,2.5755,353.1384,0.18645467,1.203926803
7.1974,0.39,2.5755,353.1384,0.18645467,1.203926803
7.1974,0.4,2.5755,353.1384,0.18645467,1.203923803
7.1974,0.41,2.5755,353.1384,0.18645467,1.203923803
7.1974,0.42,2.5755,353.1384,0.18645467,1.203923803
7.1974,0.43,2.5755,353.1384,0.18645467,1.203923803
7.1974,0.44,2.5755,353.1384,0.18645467,1.203923803
7.1974,0.45,2.5755,353.1384,0.18645467,1.203923803
7.1974,0.46,2.5755,353.1384,0.18645467,1.203923803
7.1974,0.47,2.5755,353.1384,0.18645467,1.203920803
7.1974,0.48,2.5755,353.1384,0.18645467,1.203920803
7.1974,0.49,2.5755,353.1384,0.18645467,1.203920803
7.1974,0.5,2.5755,353.1384,0.18645467,1.203920803
7.1974,0.51,2.5755,353.1384,0.18645467,1.203920803
7.1974,0.52,2.5755,353.1384,0.18645467,1.203920803
7.1974,0.53,2.5755,353.1384,0.18645467,1.203920803
7.1974,0.54,2.5755,353.1384,0.18645467,1.203920803
7.1974,0.55,2.5755,353.1384,0.18645467,1.203920803
7.1974,0.56,2.5755,353.1384,0.18645467,1.203920803
7.1974,0.57,2.5755,353.1384,0.18645467,1.203920803
7.1974,0.58,2.5755,353.1384,0.18645467,1.203920803
7.1974,0.59,2.5755,353.1384,0.18645467,1.203920803
7.1974,0.6,2.5755,353.1384,0.18645467,1.203920803
7.1974,0.61,2.5755,353.1384,0.18645467,1.203920803
7.1974,0.62,2.5755,353.1384,0.18645467,1.203920803
7.1974,0.63,2.5755,353.1384,0.18645467,1.203920803
7.1974,0.64,2.5755,353.1384,0.18645467,1.203920803
7.1974,0.65,2.5755,353.1384,0.18645467,1.203920803
7.1974,0.66,2.5755,353.1384,0.18645467,1.203920803
7.1974,0.67,2.5755,353.1384,0.18645467,1.203920803
7.1974,0.68,2.5755,353.1384,0.18645467,1.203920803
7.1974,0.69,2.5755,353.1384,0.18645467,1.203920803
7.1974,0.7,2.5755,353.1384,0.18645467,1.203920803
7.1974,0.71,2.5755,353.1384,0.18645467,1.203920803
7.1974,0.72,2.5755,353.1384,0.18645467,1.203920803
7.1974,0.73,2.5755,353.1473,0.185400146,1.20673698
7.1974,0.74,2.5755,353.2601,0.173263994,1.239917966
7.1974,0.75,2.5755,353.3925,0.161472382,1.273794532
7.1974,0.76,2.5755,353.5473,0.150022169,1.308376062
7.1974,0.77,2.5755,353.7276,0.138926811,1.343676484
7.1974,0.78,2.5755,353.9371,0.128182111,1.379710233
7.1974,0.79,2.5755,354.18,0.117791925,1.416479181
7.1974,0.8,2.5755,354.4615,0.107759635,1.453990392
7.1974,0.81,2.5755,354.7876,0.098088136,1.492238706
7.1974,0.82,2.5755,355.1657,0.088788963,1.531214715
7.1974,0.83,2.5755,355.6046,0.079873463,1.570896648
7.1974,0.84,2.5755,356.115,0.07134344,1.611246276
7.1974,0.85,2.5755,356.7101,0.063209513,1.652210004
7.1974,0.86,2.5755,357.4066,0.05549147,1.693705529
7.1974,0.87,2.5755,358.2251,0.048189984,1.735614072
7.1974,0.88,2.5755,359.1922,0.041324268,1.77776365
7.1974,0.89,2.5755,360.3425,0.034903716,1.819920855
7.1974,0.9,2.5755,361.7215,0.028966394,1.861747179
7.1974,0.91,2.5755,363.3906,0.023511427,1.90276701
7.1974,0.92,2.5755,365.4348,0.01856657,1.942297919
7.1974,0.93,2.5755,367.9753,0.014159283,1.979350452
7.1974,0.94,2.5755,371.1905,0.010306703,2.012458702
7.1974,0.95,2.5755,375.356,0.007045125,2.039393987
7.1974,0.96,2.5755,380.919,0.004400304,2.056644912
7.1974,0.97,2.5755,388.661,0.002377172,2.058433663
7.1974,0.98,2.5755,400.049,0.00098951,2.034803682
7.1974,0.99,2.5755,418.012,0.000219976,1.968501601
7.1974,1.0,2.5755,447.459,0.0,1.838227893
3.9243,0.0,5.1742,371.5489,2.171390397,0.0
3.9243,0.01,5.1742,370.5249,2.091946774,0.000439903
3.9243,0.02,5.1742,369.7248,2.014592306,0.001698557
3.9243,0.03,5.1742,369.0932,1.939761283,0.003733024
3.9243,0.04,5.1742,368.5901,1.867665942,0.006469031
3.9243,0.05,5.1742,368.1864,1.798379177,0.009851316
3.9243,0.06,5.1742,367.8603,1.731885607,0.013833869
3.9243,0.07,5.1742,367.5957,1.668121829,0.018380047
3.9243,0.08,5.1742,367.3801,1.606988916,0.023433283
3.9243,0.09,5.1742,367.2038,1.54837707,0.028976108
3.9243,0.1,5.1742,367.0595,1.492168995,0.034952
3.9243,0.11,5.1742,366.9412,1.438243815,0.041353053
3.9243,0.12,5.1742,366.8442,1.386479344,0.048132805
3.9243,0.13,5.1742,366.7649,1.336767926,0.055292786
3.9243,0.14,5.1742,366.7002,1.288995706,0.062796379
3.9243,0.15,5.1742,366.6478,1.243061778,0.070626204
3.9243,0.16,5.1742,366.6056,1.198867796,0.078764969
3.9243,0.17,5.1742,366.572,1.156321292,0.087195527
3.9243,0.18,5.1742,366.5458,1.115338293,0.09591
3.9243,0.19,5.1742,366.5258,1.075838251,0.104891406
3.9243,0.2,5.1742,366.5113,1.037747013,0.114131934
3.9243,0.21,5.1742,366.5013,1.00099211,0.123623723
3.9243,0.22,5.1742,366.4955,0.965515087,0.133341375
3.9243,0.23,5.1742,366.4932,0.931246337,0.143294825
3.9243,0.24,5.1742,366.4941,0.898138981,0.153459012
3.9243,0.25,5.1742,366.4979,0.866133634,0.163843552
3.9243,0.26,5.1742,366.5043,0.835180455,0.174423785
3.9243,0.27,5.1742,366.5132,0.805238493,0.185209051
3.9243,0.28,5.1742,366.5243,0.776260554,0.196191588
3.9243,0.29,5.1742,366.5376,0.748203386,0.207355575
3.9243,0.3,5.1742,366.553,0.721039547,0.218709736
3.9243,0.31,5.1742,366.5705,0.694720942,0.23023038
3.9243,0.32,5.1742,366.59,0.669218151,0.241933902
3.9243,0.33,5.1742,366.6115,0.644503006,0.253812417
3.9243,0.34,5.1742,366.6351,0.620544229,0.265850488
3.9243,0.35,5.1742,366.6609,0.597307861,0.278055889
3.9243,0.36,5.1742,366.6888,0.574780224,0.290413339
3.9243,0.37,5.1742,366.7189,0.552924882,0.302937613
3.9243,0.38,5.1742,366.7515,0.531721771,0.315613337
3.9243,0.39,5.1742,366.7864,0.511157569,0.328440065
3.9243,0.4,5.1742,366.824,0.491196221,0.341424241
3.9243,0.41,5.1742,366.8643,0.471826966,0.354550689
3.9243,0.42,5.1742,366.9074,0.453029124,0.367825544
3.9243,0.43,5.1742,366.9535,0.434790873,0.381240719
3.9243,0.44,5.1742,367.0028,0.417084013,0.39480179
3.9243,0.45,5.1742,367.0555,0.399903002,0.408507143
3.9243,0.46,5.1742,367.1117,0.383219499,0.422348446
3.9243,0.47,5.1742,367.1717,0.367036081,0.436324036
3.9243,0.48,5.1742,367.2356,0.3513327,0.450438474
3.9243,0.49,5.1742,367.3037,0.336086448,0.464689534
3.9243,0.5,5.1742,367.3762,0.321300584,0.479074861
3.9243,0.51,5.1742,367.4534,0.306955148,0.493598078
3.9243,0.52,5.1742,367.5356,0.293042679,0.508244295
3.9243,0.53,5.1742,367.623,0.279546569,0.52302886
3.9243,0.54,5.1742,367.7158,0.266455882,0.537942612
3.9243,0.55,5.1742,367.8146,0.253765865,0.552982407
3.9243,0.56,5.1742,367.9194,0.241470581,0.56815069
3.9243,0.57,5.1742,368.0308,0.229562903,0.583449495
3.9243,0.58,5.1742,368.149,0.21801844,0.598874962
3.9243,0.59,5.1742,368.2745,0.206843423,0.614423186
3.9243,0.6,5.1742,368.4076,0.196027204,0.630100879
3.9243,0.61,5.1742,368.5488,0.185557981,0.645898328
3.9243,0.62,5.1742,368.6986,0.175439597,0.661821619
3.9243,0.63,5.1742,368.8574,0.165658496,0.677866016
3.9243,0.64,5.1742,369.0257,0.156200007,0.694036785
3.9243,0.65,5.1742,369.2041,0.147074272,0.710323814
3.9243,0.66,5.1742,369.3931,0.138256462,0.726731849
3.9243,0.67,5.1742,369.5934,0.129764306,0.743260279
3.9243,0.68,5.1742,369.8056,0.121571406,0.75990823
3.9243,0.69,5.1742,370.0304,0.113685764,0.77666998
3.9243,0.7,5.1742,370.2685,0.106106238,0.793548922
3.9243,0.71,5.1742,370.5207,0.098804069,0.810543475
3.9243,0.72,5.1742,370.7878,0.09180404,0.827651849
3.9243,0.73,5.1742,371.0708,0.085085357,0.844872063
3.9243,0.74,5.1742,371.3706,0.078644808,0.862206177
3.9243,0.75,5.1742,371.6882,0.072488089,0.879647494
3.9243,0.76,5.1742,372.0247,0.06659266,0.897193536
3.9243,0.77,5.1742,372.3813,0.060972796,0.914849694
3.9243,0.78,5.1742,372.7592,0.055623904,0.932604929
3.9243,0.79,5.1742,373.16,0.050531504,0.950464113
3.9243,0.8,5.1742,373.585,0.045709232,0.968423873
3.9243,0.81,5.1742,374.035,0.041132346,0.986477024
3.9243,0.82,5.1742,374.513,0.036813973,1.004627563
3.9243,0.83,5.1742,375.02,0.032747886,1.022864511
3.9243,0.84,5.1742,375.559,0.02893725,1.041187957
3.9243,0.85,5.1742,376.13,0.025365557,1.059594222
3.9243,0.86,5.1742,376.738,0.022035427,1.078079595
3.9243,0.87,5.1742,377.384,0.018959134,1.096637006
3.9243,0.88,5.1742,378.07,0.016109542,1.115262895
3.9243,0.89,5.1742,378.801,0.01350835,1.133950475
3.9243,0.9,5.1742,379.579,0.011137744,1.152693194
3.9243,0.91,5.1742,380.407,0.008999384,1.171484736
3.9243,0.92,5.1742,381.29,0.007094772,1.190315973
3.9243,0.93,5.1742,382.231,0.005415311,1.209178233
3.9243,0.94,5.1742,383.236,0.003972101,1.228063284
3.9243,0.95,5.1742,384.309,0.002756198,1.246960452
3.9243,0.96,5.1742,385.455,0.001758453,1.265856868
3.9243,0.97,5.1742,386.681,0.00098951,1.28474048
3.9243,0.98,5.1742,387.992,0.000439903,1.3035973
3.9243,0.99,5.1742,389.395,0.000109994,1.322411625
3.9243,1.0,5.1742,390.899,0.0,1.341166234
5.1742,0.0,3.9243,390.899,1.341166234,0.0
5.1742,0.01,3.9243,389.395,1.322411625,0.000109994
5.1742,0.02,3.9243,387.992,1.3035973,0.000439903
5.1742,0.03,3.9243,386.681,1.28474048,0.00098951
5.1742,0.04,3.9243,385.455,1.265856868,0.001758453
5.1742,0.05,3.9243,384.309,1.246960452,0.002756198
5.1742,0.06,3.9243,383.236,1.228063284,0.003972101
5.1742,0.07,3.9243,382.231,1.209178233,0.005415311
5.1742,0.08,3.9243,381.29,1.190315973,0.007094772
5.1742,0.09,3.9243,380.407,1.171484736,0.008999384
5.1742,0.1,3.9243,379.579,1.152693194,0.011137744
5.1742,0.11,3.9243,378.801,1.133950475,0.01350835
5.1742,0.12,3.9243,378.07,1.115262895,0.016109542
5.1742,0.13,3.9243,377.384,1.096637006,0.018959134
5.1742,0.14,3.9243,376.738,1.078079595,0.022035427
5.1742,0.15,3.9243,376.13,1.059594222,0.025365557
5.1742,0.16,3.9243,375.559,1.041187957,0.02893725
5.1742,0.17,3.9243,375.02,1.022864511,0.032747886
5.1742,0.18,3.9243,374.513,1.004627563,0.036813973
5.1742,0.19,3.9243,374.035,0.986477024,0.041132346
5.1742,0.2,3.9243,373.585,0.968423873,0.045709232
5.1742,0.21,3.9243,373.16,0.950464113,0.050531504
5.1742,0.22,3.9243,372.7592,0.932604929,0.055623904
5.1742,0.23,3.9243,372.3813,0.914849694,0.060972796
5.1742,0.24,3.9243,372.0247,0.897193536,0.06659266
5.1742,0.25,3.9243,371.6882,0.879647494,0.072488089
5.1742,0.26,3.9243,371.3706,0.862206177,0.078644808
5.1742,0.27,3.9243,371.0708,0.844872063,0.085085357
5.1742,0.28,3.9243,370.7878,0.827651849,0.09180404
5.1742,0.29,3.9243,370.5207,0.810543475,0.098804069
5.1742,0.3,3.9243,370.2685,0.793548922,0.106106238
5.1742,0.31,3.9243,370.0304,0.77666998,0.113685764
5.1742,0.32,3.9243,369.8056,0.75990823,0.121571406
5.1742,0.33,3.9243,369.5934,0.743260279,0.129764306
5.1742,0.34,3.9243,369.3931,0.726731849,0.138256462
5.1742,0.35,3.9243,369.2041,0.710323814,0.147074272
5.1742,0.36,3.9243,369.0257,0.694036785,0.156200007
5.1742,0.37,3.9243,368.8574,0.677866016,0.165658496
5.1742,0.38,3.9243,368.6986,0.661821619,0.175439597
5.1742,0.39,3.9243,368.5488,0.645898328,0.185557981
5.1742,0.4,3.9243,368.4076,0.630100879,0.196027204
5.1742,0.41,3.9243,368.2745,0.614423186,0.206843423
5.1742,0.42,3.9243,368.149,0.598874962,0.21801844
5.1742,0.43,3.9243,368.0308,0.583449495,0.229562903
5.1742,0.44,3.9243,367.9194,0.56815069,0.241470581
5.1742,0.45,3.9243,367.8146,0.552982407,0.253765865
5.1742,0.46,3.9243,367.7158,0.537942612,0.266455882
5.1742,0.47,3.9243,367.623,0.52302886,0.279546569
5.1742,0.48,3.9243,367.5356,0.508244295,0.293042679
5.1742,0.49,3.9243,367.4534,0.493598078,0.306955148
5.1742,0.5,3.9243,367.3762,0.479074861,0.321300584
5.1742,0.51,3.9243,367.3037,0.464689534,0.336086448
5.1742,0.52,3.9243,367.2356,0.450438474,0.3513327
5.1742,0.53,3.9243,367.1717,0.436324036,0.367036081
5.1742,0.54,3.9243,367.1117,0.422348446,0.383219499
5.1742,0.55,3.9243,367.0555,0.408507143,0.399903002
5.1742,0.56,3.9243,367.0028,0.39480179,0.417084013
5.1742,0.57,3.9243,366.9535,0.381240719,0.434790873
5.1742,0.58,3.9243,366.9074,0.367825544,0.453029124
5.1742,0.59,3.9243,366.8643,0.354550689,0.471826966
5.1742,0.6,3.9243,366.824,0.341424241,0.491196221
5.1742,0.61,3.9243,366.7864,0.328440065,0.511157569
5.1742,0.62,3.9243,366.7515,0.315613337,0.531721771
5.1742,0.63,3.9243,366.7189,0.302937613,0.552924882
5.1742,0.64,3.9243,366.6888,0.290413339,0.574780224
5.1742,0.65,3.9243,366.6609,0.278055889,0.597307861
5.1742,0.66,3.9243,366.6351,0.265850488,0.620544229
5.1742,0.67,3.9243,366.6115,0.253812417,0.644503006
5.1742,0.68,3.9243,366.59,0.241933902,0.669218151
5.1742,0.69,3.9243,366.5705,0.23023038,0.694720942
5.1742,0.7,3.9243,366.553,0.218709736,0.721039547
5.1742,0.71,3.9243,366.5376,0.207355575,0.748203386
5.1742,0.72,3.9243,366.5243,0.196191588,0.776260554
5.1742,0.73,3.9243,366.5132,0.185209051,0.805238493
5.1742,0.74,3.9243,366.5043,0.174423785,0.835180455
5.1742,0.75,3.9243,366.4979,0.163843552,0.866133634
5.1742,0.76,3.9243,366.4941,0.153459012,0.898138981
5.1742,0.77,3.9243,366.4932,0.143294825,0.931246337
5.1742,0.78,3.9243,366.4955,0.133341375,0.965515087
5.1742,0.79,3.9243,366.5013,0.123623723,1.00099211
5.1742,0.8,3.9243,366.5113,0.114131934,1.037747013
5.1742,0.81,3.9243,366.5258,0.104891406,1.075838251
5.1742,0.82,3.9243,366.5458,0.09591,1.115338293
5.1742,0.83,3.9243,366.572,0.087195527,1.156321292
5.1742,0.84,3.9243,366.6056,0.078764969,1.198867796
5.1742,0.85,3.9243,366.6478,0.070626204,1.243061778
5.1742,0.86,3.9243,366.7002,0.062796379,1.288995706
5.1742,0.87,3.9243,366.7649,0.055292786,1.336767926
5.1742,0.88,3.9243,366.8442,0.048132805,1.386479344
5.1742,0.89,3.9243,366.9412,0.041353053,1.438243815
5.1742,0.9,3.9243,367.0595,0.034952,1.492168995
5.1742,0.91,3.9243,367.2038,0.028976108,1.54837707
5.1742,0.92,3.9243,367.3801,0.023433283,1.606988916
5.1742,0.93,3.9243,367.5957,0.018380047,1.668121829
5.1742,0.94,3.9243,367.8603,0.013833869,1.731885607
5.1742,0.95,3.9243,368.1864,0.009851316,1.798379177
5.1742,0.96,3.9243,368.5901,0.006469031,1.867665942
5.1742,0.97,3.9243,369.0932,0.003733024,1.939761283
5.1742,0.98,3.9243,369.7248,0.001698557,2.014592306
5.1742,0.99,3.9243,370.5249,0.000439903,2.091946774
5.1742,1.0,3.9243,371.5489,0.0,2.171390397
1.4311,0.0,5.8486,398.839,2.007006592,0.0
1.4311,0.01,5.8486,383.346,2.072667399,0.000189982
1.4311,0.02,5.8486,372.6102,2.106747809,0.000809672
1.4311,0.03,5.8486,364.8657,2.119307479,0.001918159
1.4311,0.04,5.8486,359.0671,2.117215295,0.003523784
1.4311,0.05,5.8486,354.592,2.104967953,0.005644042
1.4311,0.06,5.8486,351.0545,2.085549103,0.00828558
1.4311,0.07,5.8486,348.2048,2.060996218,0.011444264
1.4311,0.08,5.8486,345.8742,2.03273377,0.015095488
1.4311,0.09,5.8486,343.9449,2.001784008,0.019253457
1.4311,0.1,5.8486,342.3318,1.968896778,0.02391182
1.4311,0.11,5.8486,340.9732,1.93462384,0.029034393
1.4311,0.12,5.8486,339.8183,1.899402378,0.034642943
1.4311,0.13,5.8486,338.8383,1.863514079,0.040709988
1.4311,0.14,5.8486,337.9977,1.827240828,0.047246116
1.4311,0.15,5.8486,337.2762,1.790763974,0.054222999
1.4311,0.16,5.8486,336.6557,1.754228927,0.061649978
1.4311,0.17,5.8486,336.1211,1.717755851,0.069516734
1.4311,0.18,5.8486,335.9685,1.706295985,0.072088076
1.4311,0.19,5.8486,335.9685,1.706292354,0.072088076
1.4311,0.2,5.8486,335.9685,1.706290538,0.072088076
1.4311,0.21,5.8486,335.9685,1.706290538,0.072088076
1.4311,0.22,5.8486,335.9685,1.706290538,0.072088076
1.4311,0.23,5.8486,335.9685,1.706290538,0.072088076
1.4311,0.24,5.8486,335.9685,1.706290538,0.072088076
1.4311,0.25,5.8486,335.9685,1.706290538,0.072088076
1.4311,0.26,5.8486,335.9685,1.706290538,0.072088076
1.4311,0.27,5.8486,335.9685,1.706290538,0.072088076
1.4311,0.28,5.8486,335.9685,1.706290538,0.072088076
1.4311,0.29,5.8486,335.9685,1.706290538,0.072088076
1.4311,0.3,5.8486,335.9685,1.706290538,0.072088076
1.4311,0.31,5.8486,335.9685,1.706290538,0.072088076
1.4311,0.32,5.8486,335.9685,1.706290538,0.072088076
1.4311,0.33,5.8486,335.9685,1.706290538,0.072088076
1.4311,0.34,5.8486,335.9685,1.706290538,0.072088076
1.4311,0.35,5.8486,335.9685,1.706290538,0.072088076
1.4311,0.36,5.8486,335.9685,1.706290538,0.072088076
1.4311,0.37,5.8486,335.9685,1.706290538,0.072088076
1.4311,0.38,5.8486,335.9685,1.706290538,0.072088076
1.4311,0.39,5.8486,335.9685,1.706290538,0.072088076
1.4311,0.4,5.8486,335.9685,1.706290538,0.072088076
1.4311,0.41,5.8486,335.9685,1.706290538,0.072088076
1.4311,0.42,5.8486,335.9685,1.706290538,0.072088076
1.4311,0.43,5.8486,335.9685,1.706290538,0.072088076
1.4311,0.44,5.8486,335.9685,1.706290538,0.072088076
1.4311,0.45,5.8486,335.9685,1.706290538,0.072088076
1.4311,0.46,5.8486,335.9685,1.706290538,0.072088076
1.4311,0.47,5.8486,335.9685,1.706290538,0.072088076
1.4311,0.48,5.8486,335.9685,1.706290538,0.072088076
1.4311,0.49,5.8486,335.9685,1.706290538,0.072088076
1.4311,0.5,5.8486,335.9685,1.706290538,0.072088076
1.4311,0.51,5.8486,335.9685,1.706290538,0.072088076
1.4311,0.52,5.8486,335.9685,1.706290538,0.072088076
1.4311,0.53,5.8486,335.9685,1.706290538,0.072088076
1.4311,0.54,5.8486,335.9685,1.706290538,0.072088076
1.4311,0.55,5.8486,335.9685,1.706290538,0.072088076
1.4311,0.56,5.8486,335.9685,1.706290538,0.072088076
1.4311,0.57,5.8486,335.9685,1.706290538,0.072088076
1.4311,0.58,5.8486,335.9685,1.706290538,0.072088076
1.4311,0.59,5.8486,335.9685,1.706290538,0.072088076
1.4311,0.6,5.8486,335.9685,1.706290538,0.072088076
1.4311,0.61,5.8486,335.9685,1.706290538,0.072088076
1.4311,0.62,5.8486,335.9685,1.706290538,0.072088076
1.4311,0.63,5.8486,335.9685,1.706290538,0.072088076
1.4311,0.64,5.8486,335.9685,1.706290538,0.072088076
1.4311,0.65,5.8486,335.9685,1.706290538,0.072088076
1.4311,0.66,5.8486,335.9685,1.706290538,0.072088076
1.4311,0.67,5.8486,335.9685,1.706290538,0.072088076
1.4311,0.68,5.8486,335.9685,1.706290538,0.072088076
1.4311,0.69,5.8486,335.9685,1.706290538,0.072088076
1.4311,0.7,5.8486,335.9685,1.706290538,0.072088076
1.4311,0.71,5.8486,335.9685,1.706290538,0.072088076
1.4311,0.72,5.8486,335.9685,1.706290538,0.072088076
1.4311,0.73,5.8486,335.9685,1.706290538,0.072088076
1.4311,0.74,5.8486,335.9685,1.706290538,0.072088076
1.4311,0.75,5.8486,335.9685,1.706290538,0.072088076
1.4311,0.76,5.8486,335.9685,1.706290538,0.072088076
1.4311,0.77,5.8486,335.9685,1.706290538,0.072088076
1.4311,0.78,5.8486,335.9685,1.706290538,0.072088076
1.4311,0.79,5.8486,335.9685,1.706290538,0.072088076
1.4311,0.8,5.8486,335.9685,1.706290538,0.072088076
1.4311,0.81,5.8486,335.9685,1.706290538,0.072088076
1.4311,0.82,5.8486,335.9685,1.706290538,0.072088076
1.4311,0.83,5.8486,335.9685,1.706290538,0.072088076
1.4311,0.84,5.8486,335.9685,1.706290538,0.072088076
1.4311,0.85,5.8486,335.9685,1.706290538,0.072088076
1.4311,0.86,5.8486,335.9685,1.706290538,0.072088076
1.4311,0.87,5.8486,335.9685,1.706290538,0.072088076
1.4311,0.88,5.8486,335.9685,1.706290538,0.072088076
1.4311,0.89,5.8486,335.9685,1.706290538,0.072088076
1.4311,0.9,5.8486,335.9685,1.706290538,0.072088076
1.4311,0.91,5.8486,335.9685,1.706290538,0.072088076
1.4311,0.92,5.8486,335.9685,1.706290538,0.072088076
1.4311,0.93,5.8486,335.9685,1.706290538,0.072088076
1.4311,0.94,5.8486,336.0332,0.018517488,2.637613431
1.4311,0.95,5.8486,336.1389,0.013143248,2.729492007
1.4311,0.96,5.8486,336.2876,0.008602889,2.82522861
1.4311,0.97,5.8486,336.4935,0.00495769,2.925046899
1.4311,0.98,5.8486,336.7759,0.00225745,3.029157378
1.4311,0.99,5.8486,337.1609,0.000579832,3.137778561
1.4311,1.0,5.8486,337.6848,0.0,3.251091289
5.8486,0.0,1.4311,337.6848,3.251091289,0.0
5.8486,0.01,1.4311,337.1609,3.137778561,0.000579832
5.8486,0.02,1.4311,336.7759,3.029157378,0.00225745
5.8486,0.03,1.4311,336.4935,2.925046899,0.00495769
5.8486,0.04,1.4311,336.2875,2.82522861,0.008602889
5.8486,0.05,1.4311,336.1389,2.729492007,0.013143248
5.8486,0.06,1.4311,336.0332,2.637613431,0.018517488
5.8486,0.07,1.4311,335.9685,0.072088076,1.706290538
5.8486,0.08,1.4311,335.9685,0.072088076,1.706290538
5.8486,0.09,1.4311,335.9685,0.072088076,1.706290538
5.8486,0.1,1.4311,335.9685,0.072088076,1.706290538
5.8486,0.11,1.4311,335.9685,0.072088076,1.706290538
5.8486,0.12,1.4311,335.9685,0.072088076,1.706290538
5.8486,0.13,1.4311,335.9685,0.072088076,1.706290538
5.8486,0.14,1.4311,335.9685,0.072088076,1.706290538
5.8486,0.15,1.4311,335.9685,0.072088076,1.706290538
5.8486,0.16,1.4311,335.9685,0.072088076,1.706290538
5.8486,0.17,1.4311,335.9685,0.072088076,1.706290538
5.8486,0.18,1.4311,335.9685,0.072088076,1.706290538
5.8486,0.19,1.4311,335.9685,0.072088076,1.706290538
5.8486,0.2,1.4311,335.9685,0.072088076,1.706290538
5.8486,0.21,1.4311,335.9685,0.072088076,1.706290538
5.8486,0.22,1.4311,335.9685,0.072088076,1.706290538
5.8486,0.23,1.4311,335.9685,0.072088076,1.706290538
5.8486,0.24,1.4311,335.9685,0.072088076,1.706290538
5.8486,0.25,1.4311,335.9685,0.072088076,1.706290538
5.8486,0.26,1.4311,335.9685,0.072088076,1.706290538
5.8486,0.27,1.4311,335.9685,0.072088076,1.706290538
5.8486,0.28,1.4311,335.9685,0.072088076,1.706290538
5.8486,0.29,1.4311,335.9685,0.072088076,1.706290538
5.8486,0.3,1.4311,335.9685,0.072088076,1.706290538
5.8486,0.31,1.4311,335.9685,0.072088076,1.706290538
5.8486,0.32,1.4311,335.9685,0.072088076,1.706290538
5.8486,0.33,1.4311,335.9685,0.072088076,1.706290538
5.8486,0.34,1.4311,335.9685,0.072088076,1.706290538
5.8486,0.35,1.4311,335.9685,0.072088076,1.706290538
5.8486,0.36,1.4311,335.9685,0.072088076,1.706290538
5.8486,0.37,1.4311,335.9685,0.072088076,1.706290538
5.8486,0.38,1.4311,335.9685,0.072088076,1.706290538
5.8486,0.39,1.4311,335.9685,0.072088076,1.706290538
5.8486,0.4,1.4311,335.9685,0.072088076,1.706290538
5.8486,0.41,1.4311,335.9685,0.072088076,1.706290538
5.8486,0.42,1.4311,335.9685,0.072088076,1.706290538
5.8486,0.43,1.4311,335.9685,0.072088076,1.706290538
5.8486,0.44,1.4311,335.9685,0.072088076,1.706290538
5.8486,0.45,1.4311,335.9685,0.072088076,1.706290538
5.8486,0.46,1.4311,335.9685,0.072088076,1.706290538
5.8486,0.47,1.4311,335.9685,0.072088076,1.706290538
5.8486,0.48,1.4311,335.9685,0.072088076,1.706290538
5.8486,0.49,1.4311,335.9685,0.072088076,1.706290538
5.8486,0.5,1.4311,335.9685,0.072088076,1.706290538
5.8486,0.51,1.4311,335.9685,0.072088076,1.706290538
5.8486,0.52,1.4311,335.9685,0.072088076,1.706290538
5.8486,0.53,1.4311,335.9685,0.072088076,1.706290538
5.8486,0.54,1.4311,335.9685,0.072088076,1.706290538
5.8486,0.55,1.4311,335.9685,0.072088076,1.706290538
5.8486,0.56,1.4311,335.9685,0.072088076,1.706290538
5.8486,0.57,1.4311,335.9685,0.072088076,1.706290538
5.8486,0.58,1.4311,335.9685,0.072088076,1.706290538
5.8486,0.59,1.4311,335.9685,0.072088076,1.706290538
5.8486,0.6,1.4311,335.9685,0.072088076,1.706290538
5.8486,0.61,1.4311,335.9685,0.072088076,1.706290538
5.8486,0.62,1.4311,335.9685,0.072088076,1.706290538
5.8486,0.63,1.4311,335.9685,0.072088076,1.706290538
5.8486,0.64,1.4311,335.9685,0.072088076,1.706290538
5.8486,0.65,1.4311,335.9685,0.072088076,1.706290538
5.8486,0.66,1.4311,335.9685,0.072088076,1.706290538
5.8486,0.67,1.4311,335.9685,0.072088076,1.706290538
5.8486,0.68,1.4311,335.9685,0.072088076,1.706290538
5.8486,0.69,1.4311,335.9685,0.072088076,1.706290538
5.8486,0.7,1.4311,335.9685,0.072088076,1.706290538
5.8486,0.71,1.4311,335.9685,0.072088076,1.706290538
5.8486,0.72,1.4311,335.9685,0.072088076,1.706290538
5.8486,0.73,1.4311,335.9685,0.072088076,1.706290538
5.8486,0.74,1.4311,335.9685,0.072088076,1.706290538
5.8486,0.75,1.4311,335.9685,0.072088076,1.706290538
5.8486,0.76,1.4311,335.9685,0.072088076,1.706290538
5.8486,0.77,1.4311,335.9685,0.072088076,1.706290538
5.8486,0.78,1.4311,335.9685,0.072088076,1.706290538
5.8486,0.79,1.4311,335.9685,0.072088076,1.706290538
5.8486,0.8,1.4311,335.9685,0.072088076,1.706290538
5.8486,0.81,1.4311,335.9685,0.072088076,1.706290538
5.8486,0.82,1.4311,335.9685,0.072088076,1.706290538
5.8486,0.83,1.4311,336.1211,0.069516734,1.717755851
5.8486,0.84,1.4311,336.6556,0.061649978,1.754230657
5.8486,0.85,1.4311,337.2762,0.054222999,1.790763974
5.8486,0.86,1.4311,337.9977,0.047246116,1.827240828
5.8486,0.87,1.4311,338.8384,0.040709988,1.863514079
5.8486,0.88,1.4311,339.8206,0.034642943,1.899390406
5.8486,0.89,1.4311,340.9731,0.029034393,1.93462384
5.8486,0.9,1.4311,342.3321,0.02391182,1.968895382
5.8486,0.91,1.4311,343.9449,0.019253457,2.001784008
5.8486,0.92,1.4311,345.8742,0.015095488,2.03273377
5.8486,0.93,1.4311,348.2048,0.011444264,2.060996218
5.8486,0.94,1.4311,351.0545,0.00828558,2.085549103
5.8486,0.95,1.4311,354.592,0.005644042,2.104967953
5.8486,0.96,1.4311,359.0671,0.003523784,2.117215295
5.8486,0.97,1.4311,364.8657,0.001918159,2.119307479
5.8486,0.98,1.4311,372.6102,0.000809672,2.106747809
5.8486,0.99,1.4311,383.346,0.000189982,2.072667399
5.8486,1.0,1.4311,398.839,0.0,2.007006592
3.9243,0.0,8.5462,489.517,1.351247326,0.0
3.9243,0.01,8.5462,473.171,1.3921472,0.00013999
3.9243,0.02,8.5462,460.091,1.42003615,0.000589826
3.9243,0.03,8.5462,449.872,1.435291647,0.001409007
3.9243,0.04,8.5462,441.869,1.440112341,0.0026066
3.9243,0.05,8.5462,435.516,1.436856763,0.004191205
3.9243,0.06,8.5462,430.39,1.427493884,0.006180859
3.9243,0.07,8.5462,426.187,1.41353981,0.008573145
3.9243,0.08,8.5462,422.691,1.396130824,0.011365171
3.9243,0.09,8.5462,419.747,1.376127857,0.014543725
3.9243,0.1,8.5462,417.24,1.354173981,0.018114929
3.9243,0.11,8.5462,415.086,1.330765795,0.022064773
3.9243,0.12,8.5462,413.219,1.30628207,0.026378995
3.9243,0.13,8.5462,411.59,1.281019953,0.03107222
3.9243,0.14,8.5462,410.16,1.255211397,0.036119756
3.9243,0.15,8.5462,408.896,1.229040956,0.041516154
3.9243,0.16,8.5462,407.774,1.202650931,0.047274731
3.9243,0.17,8.5462,406.774,1.176162662,0.053370136
3.9243,0.18,8.5462,405.879,1.149663387,0.059796043
3.9243,0.19,8.5462,405.075,1.123233354,0.066564592
3.9243,0.2,8.5462,404.35,1.096930876,0.0736593
3.9243,0.21,8.5462,403.694,1.070802489,0.081082167
3.9243,0.22,8.5462,403.099,1.044887972,0.088825564
3.9243,0.23,8.5462,402.559,1.019219092,0.096881672
3.9243,0.24,8.5462,402.066,0.993825682,0.105260511
3.9243,0.25,8.5462,401.616,0.968719981,0.11395349
3.9243,0.26,8.5462,401.204,0.943921463,0.122951876
3.9243,0.27,8.5462,400.825,0.919441762,0.13226434
3.9243,0.28,8.5462,400.478,0.895291789,0.141890111
3.9243,0.29,8.5462,400.158,0.871477449,0.151819393
3.9243,0.3,8.5462,399.862,0.848003326,0.16205082
3.9243,0.31,8.5462,399.589,0.824872568,0.17259945
3.9243,0.32,8.5462,399.336,0.802086784,0.183445924
3.9243,0.33,8.5462,399.101,0.779650512,0.194604149
3.9243,0.34,8.5462,398.882,0.757562257,0.206070635
3.9243,0.35,8.5462,398.678,0.735823455,0.21784152
3.9243,0.36,8.5462,398.488,0.714429105,0.229920536
3.9243,0.37,8.5462,398.311,0.693377154,0.242310683
3.9243,0.38,8.5462,398.144,0.672668925,0.255014242
3.9243,0.39,8.5462,397.988,0.652299144,0.268032783
3.9243,0.4,8.5462,397.84,0.632265963,0.281367175
3.9243,0.41,8.5462,397.701,0.612571414,0.295017602
3.9243,0.42,8.5462,397.57,0.593210816,0.308990918
3.9243,0.43,8.5462,397.445,0.574172185,0.323292912
3.9243,0.44,8.5462,397.327,0.555464325,0.337914054
3.9243,0.45,8.5462,397.214,0.537083839,0.352865698
3.9243,0.46,8.5462,397.106,0.519019958,0.368150843
3.9243,0.47,8.5462,397.002,0.501272134,0.383778307
3.9243,0.48,8.5462,396.903,0.483844895,0.399742096
3.9243,0.49,8.5462,396.807,0.466723255,0.416055498
3.9243,0.5,8.5462,396.714,0.449915711,0.432717044
3.9243,0.51,8.5462,396.624,0.433417443,0.449737144
3.9243,0.52,8.5462,396.536,0.417222386,0.46711822
3.9243,0.53,8.5462,396.45,0.401329903,0.484861453
3.9243,0.54,8.5462,396.366,0.385738478,0.502978919
3.9243,0.55,8.5462,396.283,0.37044569,0.52147472
3.9243,0.56,8.5462,396.201,0.355448192,0.540357241
3.9243,0.57,8.5462,396.121,0.340748793,0.559627216
3.9243,0.58,8.5462,396.04,0.326342533,0.579300761
3.9243,0.59,8.5462,395.96,0.312230772,0.599374818
3.9243,0.6,8.5462,395.88,0.298406856,0.619861178
3.9243,0.61,8.5462,395.8,0.284878145,0.640774356
3.9243,0.62,8.5462,395.72,0.271636528,0.662110487
3.9243,0.63,8.5462,395.639,0.258680565,0.68388946
3.9243,0.64,8.5462,395.557,0.246015972,0.706112763
3.9243,0.65,8.5462,395.475,0.233640268,0.728794208
3.9243,0.66,8.5462,395.391,0.221558295,0.751944251
3.9243,0.67,8.5462,395.306,0.209758368,0.775565526
3.9243,0.68,8.5462,395.22,0.198252319,0.799680508
3.9243,0.69,8.5462,395.131,0.187035429,0.824289472
3.9243,0.7,8.5462,395.042,0.176110642,0.84941134
3.9243,0.71,8.5462,394.95,0.16548054,0.875056152
3.9243,0.72,8.5462,394.856,0.155138763,0.901233945
3.9243,0.73,8.5462,394.76,0.14509552,0.927962353
3.9243,0.74,8.5462,394.661,0.135352234,0.955249872
3.9243,0.75,8.5462,394.56,0.125901106,0.983119129
3.9243,0.76,8.5462,394.457,0.116760291,1.011575457
3.9243,0.77,8.5462,394.35,0.107912257,1.040644135
3.9243,0.78,8.5462,394.241,0.09938369,1.070332834
3.9243,0.79,8.5462,394.129,0.091156109,1.100663517
3.9243,0.8,8.5462,394.013,0.0832468,1.131650468
3.9243,0.81,8.5462,393.894,0.075654633,1.163316421
3.9243,0.82,8.5462,393.772,0.068387355,1.195678502
3.9243,0.83,8.5462,393.647,0.06144311,1.228754193
3.9243,0.84,8.5462,393.517,0.054838503,1.262569017
3.9243,0.85,8.5462,393.384,0.048561567,1.297143424
3.9243,0.86,8.5462,393.247,0.042637945,1.332497937
3.9243,0.87,8.5462,393.107,0.037054908,1.368659782
3.9243,0.88,8.5462,392.962,0.03182807,1.405653263
3.9243,0.89,8.5462,392.813,0.026963204,1.443503746
3.9243,0.9,8.5462,392.66,0.022475523,1.48223616
3.9243,0.91,8.5462,392.503,0.018360411,1.52188457
3.9243,0.92,8.5462,392.342,0.014632422,1.562474179
3.9243,0.93,8.5462,392.176,0.011305847,1.604039366
3.9243,0.94,8.5462,392.006,0.00838475,1.646610376
3.9243,0.95,8.5462,391.832,0.005872722,1.690223114
3.9243,0.96,8.5462,391.653,0.003792798,1.734912183
3.9243,0.97,8.5462,391.471,0.002157671,1.780717059
3.9243,0.98,8.5462,391.284,0.00096953,1.827676655
3.9243,0.99,8.5462,391.093,0.000249969,1.875830973
3.9243,1.0,8.5462,390.899,0.0,1.92522336
8.5462,0.0,3.9243,390.899,1.92522336,0.0
8.5462,0.01,3.9243,391.093,1.875830973,0.000249969
8.5462,0.02,3.9243,391.284,1.827676655,0.00096953
8.5462,0.03,3.9243,391.471,1.780717059,0.002157671
8.5462,0.04,3.9243,391.653,1.734912183,0.003792798
8.5462,0.05,3.9243,391.832,1.690223114,0.005872722
8.5462,0.06,3.9243,392.006,1.646610376,0.00838475
8.5462,0.07,3.9243,392.176,1.604039366,0.011305847
8.5462,0.08,3.9243,392.342,1.562474179,0.014632422
8.5462,0.09,3.9243,392.503,1.52188457,0.018360411
8.5462,0.1,3.9243,392.66,1.48223616,0.022475523
8.5462,0.11,3.9243,392.813,1.443503746,0.026963204
8.5462,0.12,3.9243,392.962,1.405653263,0.03182807
8.5462,0.13,3.9243,393.107,1.368659782,0.037054908
8.5462,0.14,3.9243,393.247,1.332497937,0.042637945
8.5462,0.15,3.9243,393.384,1.297143424,0.048561567
8.5462,0.16,3.9243,393.517,1.262569017,0.054838503
8.5462,0.17,3.9243,393.647,1.228754193,0.06144311
8.5462,0.18,3.9243,393.772,1.195678502,0.068387355
8.5462,0.19,3.9243,393.894,1.163316421,0.075654633
8.5462,0.2,3.9243,394.013,1.131650468,0.0832468
8.5462,0.21,3.9243,394.129,1.100663517,0.091156109
8.5462,0.22,3.9243,394.241,1.070332834,0.09938369
8.5462,0.23,3.9243,394.35,1.040644135,0.107912257
8.5462,0.24,3.9243,394.457,1.011575457,0.116760291
8.5462,0.25,3.9243,394.56,0.983119129,0.125901106
8.5462,0.26,3.9243,394.661,0.955249872,0.135352234
8.5462,0.27,3.9243,394.76,0.927962353,0.14509552
8.5462,0.28,3.9243,394.856,0.901233945,0.155138763
8.5462,0.29,3.9243,394.95,0.875056152,0.16548054
8.5462,0.3,3.9243,395.042,0.84941134,0.176110642
8.5462,0.31,3.9243,395.131,0.824289472,0.187035429
8.5462,0.32,3.9243,395.22,0.799680508,0.198252319
8.5462,0.33,3.9243,395.306,0.775565526,0.209758368
8.5462,0.34,3.9243,395.391,0.751944251,0.221558295
8.5462,0.35,3.9243,395.475,0.728794208,0.233640268
8.5462,0.36,3.9243,395.557,0.706112763,0.246015972
8.5462,0.37,3.9243,395.639,0.68388946,0.258680565
8.5462,0.38,3.9243,395.72,0.662110487,0.271636528
8.5462,0.39,3.9243,395.8,0.640774356,0.284878145
8.5462,0.4,3.9243,395.88,0.619861178,0.298406856
8.5462,0.41,3.9243,395.96,0.599374818,0.312230772
8.5462,0.42,3.9243,396.04,0.579300761,0.326342533
8.5462,0.43,3.9243,396.121,0.559627216,0.340748793
8.5462,0.44,3.9243,396.201,0.540357241,0.355448192
8.5462,0.45,3.9243,396.283,0.52147472,0.37044569
8.5462,0.46,3.9243,396.366,0.502978919,0.385738478
8.5462,0.47,3.9243,396.45,0.484861453,0.401329903
8.5462,0.48,3.9243,396.536,0.46711822,0.417222386
8.5462,0.49,3.9243,396.624,0.449737144,0.433417443
8.5462,0.5,3.9243,396.714,0.432717044,0.449915711
8.5462,0.51,3.9243,396.807,0.416055498,0.466723255
8.5462,0.52,3.9243,396.903,0.399742096,0.483844895
8.5462,0.53,3.9243,397.002,0.383778307,0.501272134
8.5462,0.54,3.9243,397.106,0.368150843,0.519019958
8.5462,0.55,3.9243,397.214,0.352865698,0.537083839
8.5462,0.56,3.9243,397.327,0.337914054,0.555464325
8.5462,0.57,3.9243,397.445,0.323292912,0.574172185
8.5462,0.58,3.9243,397.57,0.308990918,0.593210816
8.5462,0.59,3.9243,397.701,0.295017602,0.612571414
8.5462,0.6,3.9243,397.84,0.281367175,0.632265963
8.5462,0.61,3.9243,397.988,0.268032783,0.652299144
8.5462,0.62,3.9243,398.144,0.255014242,0.672668925
8.5462,0.63,3.9243,398.311,0.242310683,0.693377154
8.5462,0.64,3.9243,398.488,0.229920536,0.714429105
8.5462,0.65,3.9243,398.678,0.21784152,0.735823455
8.5462,0.66,3.9243,398.882,0.206070635,0.757562257
8.5462,0.67,3.9243,399.101,0.194604149,0.779650512
8.5462,0.68,3.9243,399.336,0.183445924,0.802086784
8.5462,0.69,3.9243,399.589,0.17259945,0.824872568
8.5462,0.7,3.9243,399.862,0.16205082,0.848003326
8.5462,0.71,3.9243,400.158,0.151819393,0.871477449
8.5462,0.72,3.9243,400.478,0.141890111,0.895291789
8.5462,0.73,3.9243,400.825,0.13226434,0.919441762
8.5462,0.74,3.9243,401.204,0.122951876,0.943921463
8.5462,0.75,3.9243,401.616,0.11395349,0.968719981
8.5462,0.76,3.9243,402.066,0.105260511,0.993825682
8.5462,0.77,3.9243,402.559,0.096881672,1.019219092
8.5462,0.78,3.9243,403.099,0.088825564,1.044887972
8.5462,0.79,3.9243,403.694,0.081082167,1.070802489
8.5462,0.8,3.9243,404.35,0.0736593,1.096930876
8.5462,0.81,3.9243,405.075,0.066564592,1.123233354
8.5462,0.82,3.9243,405.879,0.059796043,1.149663387
8.5462,0.83,3.9243,406.774,0.053370136,1.176162662
8.5462,0.84,3.9243,407.774,0.047274731,1.202650931
8.5462,0.85,3.9243,408.896,0.041516154,1.229040956
8.5462,0.86,3.9243,410.16,0.036119756,1.255211397
8.5462,0.87,3.9243,411.59,0.03107222,1.281019953
8.5462,0.88,3.9243,413.219,0.026378995,1.30628207
8.5462,0.89,3.9243,415.086,0.022064773,1.330765795
8.5462,0.9,3.9243,417.24,0.018114929,1.354173981
8.5462,0.91,3.9243,419.747,0.014543725,1.376127857
8.5462,0.92,3.9243,422.691,0.011365171,1.396130824
8.5462,0.93,3.9243,426.187,0.008573145,1.41353981
8.5462,0.94,3.9243,430.39,0.006180859,1.427493884
8.5462,0.95,3.9243,435.516,0.004191205,1.436856763
8.5462,0.96,3.9243,441.869,0.0026066,1.440112341
8.5462,0.97,3.9243,449.872,0.001409007,1.435291647
8.5462,0.98,3.9243,460.091,0.000589826,1.42003615
8.5462,0.99,3.9243,473.171,0.00013999,1.3921472
8.5462,1.0,3.9243,489.517,0.0,1.351247326
2.5755,0.0,6.523,423.805,2.028266661,0.0
2.5755,0.01,6.523,403.159,2.10920906,0.000269964
2.5755,0.02,6.523,390.063,2.140600139,0.001169316
2.5755,0.03,6.523,381.337,2.140718892,0.002756198
2.5755,0.04,6.523,375.204,2.121859063,0.005027342
2.5755,0.05,6.523,370.7044,2.091372583,0.00796817
2.5755,0.06,6.523,367.2937,2.05370698,0.011562891
2.5755,0.07,6.523,364.6419,2.011637695,0.015755232
2.5755,0.08,6.523,362.5386,1.966954302,0.020537651
2.5755,0.09,6.523,360.8435,1.920832605,0.02586266
2.5755,0.1,6.523,359.4596,1.874062697,0.031711823
2.5755,0.11,6.523,358.3172,1.827182918,0.038056574
2.5755,0.12,6.523,357.3692,1.780545157,0.044868198
2.5755,0.13,6.523,356.571,1.734426923,0.052136938
2.5755,0.14,6.523,355.899,1.688975262,0.05984314
2.5755,0.15,6.523,355.3302,1.644308794,0.067957669
2.5755,0.16,6.523,354.8431,1.600510179,0.076488707
2.5755,0.17,6.523,354.4327,1.557594993,0.085397576
2.5755,0.18,6.523,354.0791,1.515617223,0.094691807
2.5755,0.19,6.523,353.7769,1.474614257,0.104341997
2.5755,0.2,6.523,353.5187,1.434453374,0.114381702
2.5755,0.21,6.523,353.2906,1.395276402,0.124763063
2.5755,0.22,6.523,353.1052,1.356978829,0.135483237
2.5755,0.23,6.523,352.941,1.319588159,0.1465562
2.5755,0.24,6.523,352.8033,1.283081538,0.157952017
2.5755,0.25,6.523,352.6827,1.247379935,0.16970058
2.5755,0.26,6.523,352.5847,1.212518188,0.181771405
2.5755,0.27,6.523,352.5004,1.178458054,0.194176014
2.5755,0.28,6.523,352.4299,1.145174576,0.206908473
2.5755,0.29,6.523,352.4044,1.131966468,0.212131137
2.5755,0.3,6.523,352.4043,1.131918107,0.212147314
2.5755,0.31,6.523,352.4043,1.131872968,0.212171579
2.5755,0.32,6.523,352.4043,1.131837501,0.212179667
2.5755,0.33,6.523,352.4043,1.131805256,0.212195843
2.5755,0.34,6.523,352.4043,1.131776235,0.212203931
2.5755,0.35,6.523,352.4043,1.131753663,0.212220107
2.5755,0.36,6.523,352.4043,1.131734314,0.212228195
2.5755,0.37,6.523,352.4043,1.131714966,0.212228195
2.5755,0.38,6.523,352.4043,1.131698842,0.212236283
2.5755,0.39,6.523,352.4043,1.131685942,0.21224437
2.5755,0.4,6.523,352.4043,1.131676267,0.21224437
2.5755,0.41,6.523,352.4043,1.131663368,0.212252458
2.5755,0.42,6.523,352.4043,1.131656918,0.212252458
2.5755,0.43,6.523,352.4043,1.131650468,0.212260546
2.5755,0.44,6.523,352.4043,1.131644018,0.212260546
2.5755,0.45,6.523,352.4043,1.131637568,0.212260546
2.5755,0.46,6.523,352.4043,1.131631118,0.212260546
2.5755,0.47,6.523,352.4043,1.131627892,0.212268633
2.5755,0.48,6.523,352.4043,1.131624667,0.212268633
2.5755,0.49,6.523,352.4043,1.131621442,0.212268633
2.5755,0.5,6.523,352.4043,1.131618217,0.212268633
2.5755,0.51,6.523,352.4043,1.131618217,0.212268633
2.5755,0.52,6.523,352.4043,1.131614992,0.212268633
2.5755,0.53,6.523,352.4043,1.131611767,0.212268633
2.5755,0.54,6.523,352.4043,1.131611767,0.212276721
2.5755,0.55,6.523,352.4043,1.131611767,0.212276721
2.5755,0.56,6.523,352.4043,1.131608542,0.212276721
2.5755,0.57,6.523,352.4043,1.131608542,0.212276721
2.5755,0.58,6.523,352.4043,1.131608542,0.212276721
2.5755,0.59,6.523,352.4043,1.131608542,0.212276721
2.5755,0.6,6.523,352.4043,1.131605317,0.212276721
2.5755,0.61,6.523,352.4043,1.131605317,0.212276721
2.5755,0.62,6.523,352.4043,1.131605317,0.212276721
2.5755,0.63,6.523,352.4043,1.131605317,0.212276721
2.5755,0.64,6.523,352.4043,1.131605317,0.212276721
2.5755,0.65,6.523,352.4043,1.131605317,0.212276721
2.5755,0.66,6.523,352.4043,1.131605317,0.212276721
2.5755,0.67,6.523,352.4043,1.131605317,0.212276721
2.5755,0.68,6.523,352.4043,1.131605317,0.212276721
2.5755,0.69,6.523,352.4043,1.131602091,0.212276721
2.5755,0.7,6.523,352.4043,1.131602091,0.212276721
2.5755,0.71,6.523,352.4043,1.131602091,0.212276721
2.5755,0.72,6.523,352.4016,0.201977114,1.150594179
2.5755,0.73,6.523,352.3813,0.189321996,1.184019046
2.5755,0.74,6.523,352.3586,0.177007462,1.218227719
2.5755,0.75,6.523,352.3333,0.165048228,1.253248565
2.5755,0.76,6.523,352.3056,0.15343328,1.289108674
2.5755,0.77,6.523,352.2753,0.142176416,1.325840818
2.5755,0.78,6.523,352.2426,0.131273846,1.363470876
2.5755,0.79,6.523,352.2074,0.120738663,1.402037288
2.5755,0.8,6.523,352.1699,0.110574897,1.441570588
2.5755,0.81,6.523,352.13,0.100777028,1.482106688
2.5755,0.82,6.523,352.0879,0.091366048,1.523683926
2.5755,0.83,6.523,352.0438,0.082344672,1.566342502
2.5755,0.84,6.523,351.9977,0.073715038,1.610125676
2.5755,0.85,6.523,351.9499,0.065497436,1.655074538
2.5755,0.86,6.523,351.9006,0.057693271,1.701236479
2.5755,0.87,6.523,351.8503,0.050312814,1.748660579
2.5755,0.88,6.523,351.7993,0.043375531,1.797396882
2.5755,0.89,6.523,351.748,0.036881441,1.847503179
2.5755,0.9,6.523,351.697,0.030858928,1.899032655
2.5755,0.91,6.523,351.647,0.025307058,1.952048414
2.5755,0.92,6.523,351.599,0.020253506,2.006611407
2.5755,0.93,6.523,351.5538,0.015715856,2.062788649
2.5755,0.94,6.523,351.5127,0.011701272,2.120651861
2.5755,0.95,6.523,351.4772,0.008235991,2.180273946
2.5755,0.96,6.523,351.449,0.005345686,2.24173257
2.5755,0.97,6.523,351.4304,0.003055328,2.305111898
2.5755,0.98,6.523,351.4238,0.001379049,2.370486703
2.5755,0.99,6.523,351.4325,0.000349939,2.437963529
2.5755,1.0,6.523,351.4603,0.0,2.507621699
6.523,0.0,2.5755,351.4603,2.507621699,0.0
6.523,0.01,2.5755,351.4325,2.437963529,0.000349939
6.523,0.02,2.5755,351.4238,2.370486703,0.001379049
6.523,0.03,2.5755,351.4304,2.305111898,0.003055328
6.523,0.04,2.5755,351.449,2.24173257,0.005345686
6.523,0.05,2.5755,351.4772,2.180273946,0.008235991
6.523,0.06,2.5755,351.5127,2.120651861,0.011701272
6.523,0.07,2.5755,351.5538,2.062788649,0.015715856
6.523,0.08,2.5755,351.599,2.006611407,0.020253506
6.523,0.09,2.5755,351.647,1.952048414,0.025307058
6.523,0.1,2.5755,351.697,1.899032655,0.030858928
6.523,0.11,2.5755,351.748,1.847503179,0.036881441
6.523,0.12,2.5755,351.7993,1.797396882,0.043375531
6.523,0.13,2.5755,351.8503,1.748660579,0.050312814
6.523,0.14,2.5755,351.9007,1.701234655,0.057693271
6.523,0.15,2.5755,351.9499,1.655072627,0.065497436
6.523,0.16,2.5755,351.9977,1.610125676,0.073715038
6.523,0.17,2.5755,352.0438,1.566342502,0.082344672
6.523,0.18,2.5755,352.0878,1.523683926,0.091366048
6.523,0.19,2.5755,352.1299,1.482106688,0.100777028
6.523,0.21,2.5755,352.2073,1.402037288,0.120738663
6.523,0.22,2.5755,352.2415,1.363473433,0.131273846
6.523,0.23,2.5755,352.2736,1.325843474,0.142176416
6.523,0.26,2.5755,352.3586,1.218227719,0.177007462
6.523,0.27,2.5755,352.3812,1.184019046,0.189321996
6.523,0.28,2.5755,352.4016,1.150594179,0.201977114
6.523,0.29,2.5755,352.4044,0.212058337,1.132159889
6.523,0.3,2.5755,352.4043,0.212082604,1.132085749
6.523,0.31,2.5755,352.4043,0.212114959,1.132018051
6.523,0.32,2.5755,352.4043,0.212131137,1.13196002
6.523,0.33,2.5755,352.4043,0.212155402,1.131911659
6.523,0.34,2.5755,352.4043,0.212171579,1.131869744
6.523,0.35,2.5755,352.4043,0.212187755,1.131834276
6.523,0.36,2.5755,352.4043,0.212195843,1.131802032
6.523,0.37,2.5755,352.4043,0.212212019,1.13177301
6.523,0.38,2.5755,352.4043,0.212220107,1.131750438
6.523,0.39,2.5755,352.4043,0.212228195,1.13173109
6.523,0.4,2.5755,352.4043,0.212236283,1.131711741
6.523,0.41,2.5755,352.4043,0.212236283,1.131698842
6.523,0.42,2.5755,352.4043,0.21224437,1.131685942
6.523,0.43,2.5755,352.4043,0.21224437,1.131673043
6.523,0.44,2.5755,352.4043,0.212252458,1.131663368
6.523,0.45,2.5755,352.4043,0.212252458,1.131656918
6.523,0.46,2.5755,352.4043,0.212260546,1.131647243
6.523,0.47,2.5755,352.4043,0.212260546,1.131640793
6.523,0.48,2.5755,352.4043,0.212260546,1.131637568
6.523,0.49,2.5755,352.4043,0.212268633,1.131631118
6.523,0.5,2.5755,352.4043,0.212268633,1.131627892
6.523,0.51,2.5755,352.4043,0.212268633,1.131624667
6.523,0.52,2.5755,352.4043,0.212268633,1.131621442
6.523,0.53,2.5755,352.4043,0.212268633,1.131618217
6.523,0.54,2.5755,352.4043,0.212268633,1.131618217
6.523,0.55,2.5755,352.4043,0.212268633,1.131614992
6.523,0.56,2.5755,352.4043,0.212268633,1.131611767
6.523,0.57,2.5755,352.4043,0.212276721,1.131611767
6.523,0.58,2.5755,352.4043,0.212276721,1.131611767
6.523,0.59,2.5755,352.4043,0.212276721,1.131608542
6.523,0.6,2.5755,352.4043,0.212276721,1.131608542
6.523,0.61,2.5755,352.4043,0.212276721,1.131608542
6.523,0.62,2.5755,352.4043,0.212276721,1.131605317
6.523,0.63,2.5755,352.4043,0.212276721,1.131605317
6.523,0.64,2.5755,352.4043,0.212276721,1.131605317
6.523,0.65,2.5755,352.4043,0.212276721,1.131605317
6.523,0.66,2.5755,352.4043,0.212276721,1.131605317
6.523,0.67,2.5755,352.4043,0.212276721,1.131605317
6.523,0.68,2.5755,352.4043,0.212276721,1.131605317
6.523,0.69,2.5755,352.4043,0.212276721,1.131605317
6.523,0.7,2.5755,352.4043,0.212276721,1.131605317
6.523,0.71,2.5755,352.4043,0.212276721,1.131605317
6.523,0.72,2.5755,352.4299,0.206908473,1.145174576
6.523,0.73,2.5755,352.5004,0.194176014,1.178458054
6.523,0.74,2.5755,352.5848,0.181771405,1.212518188
6.523,0.75,2.5755,352.685,0.16970058,1.247377062
6.523,0.76,2.5755,352.8033,0.157960556,1.283056591
6.523,0.77,2.5755,352.9423,0.1465562,1.319585486
6.523,0.78,2.5755,353.1052,0.135483237,1.356978829
6.523,0.79,2.5755,353.2956,0.124754236,1.395264013
6.523,0.8,2.5755,353.5178,0.114381702,1.434453374
6.523,0.81,2.5755,353.7771,0.104351006,1.474568482
6.523,0.82,2.5755,354.0797,0.094691807,1.515615026
6.523,0.83,2.5755,354.4329,0.085397576,1.557594993
6.523,0.84,2.5755,354.846,0.076488707,1.600500089
6.523,0.85,2.5755,355.3301,0.067957669,1.644308794
6.523,0.86,2.5755,355.8993,0.05984314,1.688975262
6.523,0.87,2.5755,356.571,0.052136938,1.734426923
6.523,0.88,2.5755,357.3676,0.044868198,1.780551898
6.523,0.89,2.5755,358.3178,0.038056574,1.8271797
6.523,0.9,2.5755,359.4596,0.031711823,1.874062697
6.523,0.91,2.5755,360.8435,0.02586266,1.920832605
6.523,0.92,2.5755,362.5386,0.020537651,1.966954302
6.523,0.93,2.5755,364.6419,0.015755232,2.011637695
6.523,0.94,2.5755,367.2937,0.011562891,2.05370698
6.523,0.95,2.5755,370.7044,0.00796817,2.091372583
6.523,0.96,2.5755,375.204,0.005027342,2.121859063
6.523,0.97,2.5755,381.337,0.002756198,2.140718892
6.523,0.98,2.5755,390.063,0.001169316,2.140600139
6.523,0.99,2.5755,403.159,0.000269964,2.10920906
6.523,1.0,2.5755,423.805,0.0,2.028266661
1.4311,0.0,4.0464,353.9317,2.658397665,0.0
1.4311,0.01,4.0464,346.8984,2.638871598,0.000389924
1.4311,0.02,4.0464,342.0031,2.600650571,0.001588737
1.4311,0.03,4.0464,338.4561,2.55142758,0.003583571
1.4311,0.04,4.0464,335.8084,2.495797133,0.006369671
1.4311,0.05,4.0464,333.7872,2.436582627,0.009910726
1.4311,0.06,4.0464,332.2174,2.375556705,0.014159283
1.4311,0.07,4.0464,330.9822,2.31389094,0.019086685
1.4311,0.08,4.0464,330.0002,2.252324949,0.024653587
1.4311,0.09,4.0464,329.2138,2.191365223,0.030829839
1.4311,0.1,4.0464,328.5811,2.131325724,0.03758476
1.4311,0.11,4.0464,328.0691,2.072421962,0.044896881
1.4311,0.12,4.0464,327.6553,2.014775012,0.052734755
1.4311,0.13,4.0464,327.5518,1.998464648,0.055075134
1.4311,0.14,4.0464,327.5518,1.998467359,0.055075134
1.4311,0.15,4.0464,327.5518,1.998468714,0.055075134
1.4311,0.16,4.0464,327.5518,1.998468714,0.055075134
1.4311,0.17,4.0464,327.5518,1.99847007,0.055075134
1.4311,0.18,4.0464,327.5518,1.99847007,0.055075134
1.4311,0.19,4.0464,327.5518,1.99847007,0.055075134
1.4311,0.2,4.0464,327.5518,1.99847007,0.055075134
1.4311,0.21,4.0464,327.5518,1.99847007,0.055075134
1.4311,0.22,4.0464,327.5518,1.99847007,0.055075134
1.4311,0.23,4.0464,327.5518,1.99847007,0.055075134
1.4311,0.24,4.0464,327.5518,1.99847007,0.055075134
1.4311,0.25,4.0464,327.5518,1.99847007,0.055075134
1.4311,0.26,4.0464,327.5518,1.99847007,0.055075134
1.4311,0.27,4.0464,327.5518,1.99847007,0.055075134
1.4311,0.28,4.0464,327.5518,1.99847007,0.055075134
1.4311,0.29,4.0464,327.5518,1.99847007,0.055075134
1.4311,0.3,4.0464,327.5518,1.99847007,0.055075134
1.4311,0.31,4.0464,327.5518,1.99847007,0.055075134
1.4311,0.32,4.0464,327.5518,1.99847007,0.055075134
1.4311,0.33,4.0464,327.5518,1.99847007,0.055075134
1.4311,0.34,4.0464,327.5518,1.99847007,0.055075134
1.4311,0.35,4.0464,327.5518,1.99847007,0.055075134
1.4311,0.36,4.0464,327.5518,1.99847007,0.055075134
1.4311,0.37,4.0464,327.5518,1.99847007,0.055075134
1.4311,0.38,4.0464,327.5518,1.99847007,0.055075134
1.4311,0.39,4.0464,327.5518,1.99847007,0.055075134
1.4311,0.4,4.0464,327.5518,1.99847007,0.055075134
1.4311,0.41,4.0464,327.5518,1.99847007,0.055075134
1.4311,0.42,4.0464,327.5518,1.99847007,0.055075134
1.4311,0.43,4.0464,327.5518,1.99847007,0.055075134
1.4311,0.44,4.0464,327.5518,1.99847007,0.055075134
1.4311,0.45,4.0464,327.5518,1.99847007,0.055075134
1.4311,0.46,4.0464,327.5518,1.99847007,0.055075134
1.4311,0.47,4.0464,327.5518,1.99847007,0.055075134
1.4311,0.48,4.0464,327.5518,1.99847007,0.055075134
1.4311,0.49,4.0464,327.5518,1.99847007,0.055075134
1.4311,0.5,4.0464,327.5518,1.99847007,0.055075134
1.4311,0.51,4.0464,327.5518,1.99847007,0.055075134
1.4311,0.52,4.0464,327.5518,1.99847007,0.055075134
1.4311,0.53,4.0464,327.5518,1.99847007,0.055075134
1.4311,0.54,4.0464,327.5518,1.99847007,0.055075134
1.4311,0.55,4.0464,327.5518,1.99847007,0.055075134
1.4311,0.56,4.0464,327.5518,1.99847007,0.055075134
1.4311,0.57,4.0464,327.5518,1.99847007,0.055075134
1.4311,0.58,4.0464,327.5518,1.99847007,0.055075134
1.4311,0.59,4.0464,327.5518,1.99847007,0.055075134
1.4311,0.6,4.0464,327.5518,1.99847007,0.055075134
1.4311,0.61,4.0464,327.5518,1.99847007,0.055075134
1.4311,0.62,4.0464,327.5518,1.99847007,0.055075134
1.4311,0.63,4.0464,327.5518,1.99847007,0.055075134
1.4311,0.64,4.0464,327.5518,1.99847007,0.055075134
1.4311,0.65,4.0464,327.5518,1.99847007,0.055075134
1.4311,0.66,4.0464,327.5518,1.99847007,0.055075134
1.4311,0.67,4.0464,327.5518,1.99847007,0.055075134
1.4311,0.68,4.0464,327.5518,1.99847007,0.055075134
1.4311,0.69,4.0464,327.5518,1.99847007,0.055075134
1.4311,0.7,4.0464,327.5518,1.99847007,0.055075134
1.4311,0.71,4.0464,327.5518,1.99847007,0.055075134
1.4311,0.72,4.0464,327.5518,1.99847007,0.055075134
1.4311,0.73,4.0464,327.5518,1.99847007,0.055075134
1.4311,0.74,4.0464,327.5518,1.99847007,0.055075134
1.4311,0.75,4.0464,327.5518,1.99847007,0.055075134
1.4311,0.76,4.0464,327.5518,1.99847007,0.055075134
1.4311,0.77,4.0464,327.5518,1.99847007,0.055075134
1.4311,0.78,4.0464,327.5518,1.99847007,0.055075134
1.4311,0.79,4.0464,327.5518,1.99847007,0.055075134
1.4311,0.8,4.0464,327.5518,1.99847007,0.055075134
1.4311,0.81,4.0464,327.5518,1.99847007,0.055075134
1.4311,0.82,4.0464,327.5518,1.99847007,0.055075134
1.4311,0.83,4.0464,327.5518,1.99847007,0.055075134
1.4311,0.84,4.0464,327.5518,1.99847007,0.055075134
1.4311,0.85,4.0464,327.6347,0.066349381,1.809858031
1.4311,0.86,4.0464,327.7978,0.058316077,1.856821291
1.4311,0.87,4.0464,327.9911,0.050740642,1.904835146
1.4311,0.88,4.0464,328.2195,0.043634037,1.953926503
1.4311,0.89,4.0464,328.4887,0.037016362,2.004119756
1.4311,0.9,4.0464,328.8056,0.030888016,2.055444656
1.4311,0.91,4.0464,329.1783,0.025268057,2.107922093
1.4311,0.92,4.0464,329.6166,0.020175107,2.161574371
1.4311,0.93,4.0464,330.1322,0.015607566,2.216421357
1.4311,0.94,4.0464,330.7395,0.011592546,2.272472217
1.4311,0.95,4.0464,331.4561,0.008136806,2.329733225
1.4311,0.96,4.0464,332.3039,0.00526611,2.388203
1.4311,0.97,4.0464,333.3105,0.002995509,2.447844938
1.4311,0.98,4.0464,334.5107,0.00134909,2.508631314
1.4311,0.99,4.0464,335.9493,0.000339942,2.570487838
1.4311,1.0,4.0464,337.6848,0.0,2.633305103
4.0464,0.0,1.4311,337.6848,2.633305103,0.0
4.0464,0.01,1.4311,335.9493,2.570487838,0.000339942
4.0464,0.02,1.4311,334.5107,2.508631314,0.00134909
4.0464,0.03,1.4311,333.3105,2.447844938,0.002995509
4.0464,0.04,1.4311,332.3039,2.388203,0.00526611
4.0464,0.05,1.4311,331.4561,2.329733225,0.008136806
4.0464,0.06,1.4311,330.7395,2.272472217,0.011592546
4.0464,0.07,1.4311,330.1322,2.216421357,0.015607566
4.0464,0.08,1.4311,329.6166,2.161574371,0.020175107
4.0464,0.09,1.4311,329.1783,2.107922093,0.025268057
4.0464,0.1,1.4311,328.8056,2.055444656,0.030888016
4.0464,0.11,1.4311,328.4888,2.004119756,0.037016362
4.0464,0.12,1.4311,328.2195,1.953926503,0.043634037
4.0464,0.13,1.4311,327.9911,1.904835146,0.050740642
4.0464,0.14,1.4311,327.7978,1.856821291,0.058316077
4.0464,0.15,1.4311,327.635,1.809858031,0.066349381
4.0464,0.16,1.4311,327.5518,0.055075134,1.998466003
4.0464,0.17,1.4311,327.5518,0.055075134,1.998467359
4.0464,0.18,1.4311,327.5518,0.055075134,1.998468714
4.0464,0.19,1.4311,327.5518,0.055075134,1.998468714
4.0464,0.2,1.4311,327.5518,0.055075134,1.99847007
4.0464,0.21,1.4311,327.5518,0.055075134,1.99847007
4.0464,0.22,1.4311,327.5518,0.055075134,1.99847007
4.0464,0.23,1.4311,327.5518,0.055075134,1.99847007
4.0464,0.24,1.4311,327.5518,0.055075134,1.99847007
4.0464,0.25,1.4311,327.5518,0.055075134,1.99847007
4.0464,0.26,1.4311,327.5518,0.055075134,1.99847007
4.0464,0.27,1.4311,327.5518,0.055075134,1.99847007
4.0464,0.28,1.4311,327.5518,0.055075134,1.99847007
4.0464,0.29,1.4311,327.5518,0.055075134,1.99847007
4.0464,0.3,1.4311,327.5518,0.055075134,1.99847007
4.0464,0.31,1.4311,327.5518,0.055075134,1.99847007
4.0464,0.32,1.4311,327.5518,0.055075134,1.99847007
4.0464,0.33,1.4311,327.5518,0.055075134,1.99847007
4.0464,0.34,1.4311,327.5518,0.055075134,1.99847007
4.0464,0.35,1.4311,327.5518,0.055075134,1.99847007
4.0464,0.36,1.4311,327.5518,0.055075134,1.99847007
4.0464,0.37,1.4311,327.5518,0.055075134,1.99847007
4.0464,0.38,1.4311,327.5518,0.055075134,1.99847007
4.0464,0.39,1.4311,327.5518,0.055075134,1.99847007
4.0464,0.4,1.4311,327.5518,0.055075134,1.99847007
4.0464,0.41,1.4311,327.5518,0.055075134,1.99847007
4.0464,0.42,1.4311,327.5518,0.055075134,1.99847007
4.0464,0.43,1.4311,327.5518,0.055075134,1.99847007
4.0464,0.44,1.4311,327.5518,0.055075134,1.99847007
4.0464,0.45,1.4311,327.5518,0.055075134,1.99847007
4.0464,0.46,1.4311,327.5518,0.055075134,1.99847007
4.0464,0.47,1.4311,327.5518,0.055075134,1.99847007
4.0464,0.48,1.4311,327.5518,0.055075134,1.99847007
4.0464,0.49,1.4311,327.5518,0.055075134,1.99847007
4.0464,0.5,1.4311,327.5518,0.055075134,1.99847007
4.0464,0.51,1.4311,327.5518,0.055075134,1.99847007
4.0464,0.52,1.4311,327.5518,0.055075134,1.99847007
4.0464,0.53,1.4311,327.5518,0.055075134,1.99847007
4.0464,0.54,1.4311,327.5518,0.055075134,1.99847007
4.0464,0.55,1.4311,327.5518,0.055075134,1.99847007
4.0464,0.56,1.4311,327.5518,0.055075134,1.99847007
4.0464,0.57,1.4311,327.5518,0.055075134,1.99847007
4.0464,0.58,1.4311,327.5518,0.055075134,1.99847007
4.0464,0.59,1.4311,327.5518,0.055075134,1.99847007
4.0464,0.6,1.4311,327.5518,0.055075134,1.99847007
4.0464,0.61,1.4311,327.5518,0.055075134,1.99847007
4.0464,0.62,1.4311,327.5518,0.055075134,1.99847007
4.0464,0.63,1.4311,327.5518,0.055075134,1.99847007
4.0464,0.64,1.4311,327.5518,0.055075134,1.99847007
4.0464,0.65,1.4311,327.5518,0.055075134,1.99847007
4.0464,0.66,1.4311,327.5518,0.055075134,1.99847007
4.0464,0.67,1.4311,327.5518,0.055075134,1.99847007
4.0464,0.68,1.4311,327.5518,0.055075134,1.99847007
4.0464,0.69,1.4311,327.5518,0.055075134,1.99847007
4.0464,0.7,1.4311,327.5518,0.055075134,1.99847007
4.0464,0.71,1.4311,327.5518,0.055075134,1.99847007
4.0464,0.72,1.4311,327.5518,0.055075134,1.99847007
4.0464,0.73,1.4311,327.5518,0.055075134,1.99847007
4.0464,0.74,1.4311,327.5518,0.055075134,1.99847007
4.0464,0.75,1.4311,327.5518,0.055075134,1.99847007
4.0464,0.76,1.4311,327.5518,0.055075134,1.99847007
4.0464,0.77,1.4311,327.5518,0.055075134,1.99847007
4.0464,0.78,1.4311,327.5518,0.055075134,1.99847007
4.0464,0.79,1.4311,327.5518,0.055075134,1.99847007
4.0464,0.8,1.4311,327.5518,0.055075134,1.99847007
4.0464,0.81,1.4311,327.5518,0.055075134,1.99847007
4.0464,0.82,1.4311,327.5518,0.055075134,1.99847007
4.0464,0.83,1.4311,327.5518,0.055075134,1.99847007
4.0464,0.84,1.4311,327.5518,0.055075134,1.99847007
4.0464,0.85,1.4311,327.5518,0.055075134,1.99847007
4.0464,0.86,1.4311,327.5518,0.055075134,1.99847007
4.0464,0.87,1.4311,327.5518,0.055075134,1.99847007
4.0464,0.88,1.4311,327.6553,0.052734755,2.014775012
4.0464,0.89,1.4311,328.0691,0.044896881,2.072421962
4.0464,0.9,1.4311,328.5806,0.03758476,2.131328098
4.0464,0.91,1.4311,329.2138,0.030829839,2.191365223
4.0464,0.92,1.4311,330.0002,0.024653587,2.252324949
4.0464,0.93,1.4311,330.9822,0.019086685,2.31389094
4.0464,0.94,1.4311,332.2174,0.014159283,2.375556705
4.0464,0.95,1.4311,333.7872,0.009910726,2.436582627
4.0464,0.96,1.4311,335.8084,0.006369671,2.495797133
4.0464,0.97,1.4311,338.4561,0.003583571,2.55142758
4.0464,0.98,1.4311,342.0031,0.001588737,2.600650571
4.0464,0.99,1.4311,346.8984,0.000389924,2.638871598
4.0464,1.0,1.4311,353.9317,0.0,2.658397665
2.5755,0.0,3.0923,383.829,1.73885435,0.0
2.5755,0.01,3.0923,378.626,1.716752118,0.000239971
2.5755,0.02,3.0923,374.568,1.688855194,0.00096953
2.5755,0.03,3.0923,371.3275,1.657101728,0.002187605
2.5755,0.04,3.0923,368.6909,1.622814052,0.003892415
2.5755,0.05,3.0923,366.5118,1.586910055,0.006071531
2.5755,0.06,3.0923,364.6872,1.550044532,0.008711941
2.5755,0.07,3.0923,363.1426,1.512680286,0.011800104
2.5755,0.08,3.0923,361.8226,1.475154237,0.015322016
2.5755,0.09,3.0923,360.6854,1.437716772,0.019263266
2.5755,0.1,3.0923,359.6986,1.400542374,0.023618866
2.5755,0.11,3.0923,358.8368,1.36376497,0.028363914
2.5755,0.12,3.0923,358.0801,1.327480755,0.033483131
2.5755,0.13,3.0923,357.4121,1.291758382,0.038970682
2.5755,0.14,3.0923,356.8197,1.256643999,0.044810829
2.5755,0.15,3.0923,356.2922,1.222171204,0.051006753
2.5755,0.16,3.0923,355.8206,1.188364628,0.057532788
2.5755,0.17,3.0923,355.3974,1.155232039,0.064382259
2.5755,0.18,3.0923,355.0164,1.122781187,0.07155758
2.5755,0.19,3.0923,354.6723,1.09101685,0.079042207
2.5755,0.2,3.0923,354.3605,1.059926899,0.08682886
2.5755,0.21,3.0923,354.0773,1.029512269,0.094919194
2.5755,0.22,3.0923,353.8192,0.999760177,0.103296387
2.5755,0.23,3.0923,353.5834,0.970661486,0.11196168
2.5755,0.24,3.0923,353.3674,0.942204062,0.12090704
2.5755,0.25,3.0923,353.1691,0.914376902,0.130133125
2.5755,0.26,3.0923,352.9865,0.887170833,0.139622802
2.5755,0.27,3.0923,352.8179,0.860566583,0.149393669
2.5755,0.28,3.0923,352.662,0.834551252,0.159419632
2.5755,0.29,3.0923,352.5174,0.809115237,0.169717458
2.5755,0.3,3.0923,352.3829,0.784243951,0.180277803
2.5755,0.31,3.0923,352.2576,0.759922261,0.191091323
2.5755,0.32,3.0923,352.1405,0.736144408,0.202165033
2.5755,0.33,3.0923,352.0308,0.712890983,0.213489097
2.5755,0.34,3.0923,351.9278,0.690147687,0.225069695
2.5755,0.35,3.0923,351.8309,0.66791142,0.236904435
2.5755,0.36,3.0923,351.7395,0.64616563,0.248982823
2.5755,0.37,3.0923,351.6529,0.624900459,0.261317563
2.5755,0.38,3.0923,351.5709,0.604102829,0.273905104
2.5755,0.39,3.0923,351.4929,0.583767488,0.286734123
2.5755,0.4,3.0923,351.4186,0.563875275,0.299823071
2.5755,0.41,3.0923,351.3477,0.544432532,0.313152431
2.5755,0.42,3.0923,351.2797,0.525414684,0.326739311
2.5755,0.43,3.0923,351.2145,0.506817602,0.340570968
2.5755,0.44,3.0923,351.1519,0.488641363,0.354662921
2.5755,0.45,3.0923,351.0914,0.470865758,0.369001657
2.5755,0.46,3.0923,351.0331,0.453486723,0.383594344
2.5755,0.47,3.0923,350.9767,0.436498551,0.398440493
2.5755,0.48,3.0923,350.922,0.419900416,0.413539092
2.5755,0.49,3.0923,350.8689,0.403676843,0.428901648
2.5755,0.5,3.0923,350.8172,0.387823744,0.444519141
2.5755,0.51,3.0923,350.7669,0.372335672,0.460401425
2.5755,0.52,3.0923,350.7179,0.357205803,0.476538481
2.5755,0.53,3.0923,350.6701,0.342425907,0.492950817
2.5755,0.54,3.0923,350.6234,0.32800074,0.509620898
2.5755,0.55,3.0923,350.5777,0.313919832,0.526567074
2.5755,0.56,3.0923,350.533,0.300171257,0.543782529
2.5755,0.57,3.0923,350.4893,0.286764151,0.561271559
2.5755,0.58,3.0923,350.4466,0.273684563,0.57903739
2.5755,0.59,3.0923,350.4048,0.260932471,0.597082216
2.5755,0.6,3.0923,350.364,0.248499359,0.61541264
2.5755,0.61,3.0923,350.3241,0.23639141,0.634028612
2.5755,0.62,3.0923,350.2852,0.224598492,0.652939581
2.5755,0.63,3.0923,350.2474,0.213117458,0.672138026
2.5755,0.64,3.0923,350.2106,0.201952601,0.691631032
2.5755,0.65,3.0923,350.1749,0.191091323,0.711429044
2.5755,0.66,3.0923,350.1403,0.180536631,0.731526193
2.5755,0.67,3.0923,350.1071,0.170282713,0.751934822
2.5755,0.68,3.0923,350.0752,0.160340057,0.7726559
2.5755,0.69,3.0923,350.0447,0.150693281,0.793689105
2.5755,0.7,3.0923,350.0158,0.1413433,0.815046178
2.5755,0.71,3.0923,349.9887,0.132290623,0.836727909
2.5755,0.72,3.0923,349.9633,0.123535348,0.858737887
2.5755,0.73,3.0923,349.94,0.115077156,0.881082119
2.5755,0.74,3.0923,349.919,0.106915306,0.903768657
2.5755,0.75,3.0923,349.9003,0.099048638,0.926795365
2.5755,0.76,3.0923,349.8842,0.091466438,0.950170283
2.5755,0.77,3.0923,349.871,0.084184886,0.973902821
2.5755,0.78,3.0923,349.8609,0.077201753,0.99799237
2.5755,0.79,3.0923,349.8543,0.070505061,1.022447331
2.5755,0.8,3.0923,349.8513,0.064110304,1.047273379
2.5755,0.81,3.0923,349.8525,0.058004722,1.072473631
2.5755,0.82,3.0923,349.8581,0.052193889,1.098055467
2.5755,0.83,3.0923,349.8686,0.04667364,1.124023342
2.5755,0.84,3.0923,349.8844,0.041458592,1.150385301
2.5755,0.85,3.0923,349.9061,0.036544057,1.177146166
2.5755,0.86,3.0923,349.9341,0.031924933,1.204313746
2.5755,0.87,3.0923,349.969,0.027615167,1.231889482
2.5755,0.88,3.0923,350.0116,0.023599332,1.259883273
2.5755,0.89,3.0923,350.0625,0.019890859,1.288298328
2.5755,0.9,3.0923,350.1224,0.016493236,1.317145227
2.5755,0.91,3.0923,350.1923,0.013409687,1.346425038
2.5755,0.92,3.0923,350.273,0.010623372,1.376145536
2.5755,0.93,3.0923,350.3657,0.008166563,1.406312651
2.5755,0.94,3.0923,350.4714,0.006021832,1.436932816
2.5755,0.95,3.0923,350.5914,0.004201163,1.468010284
2.5755,0.96,3.0923,350.7272,0.002696362,1.499551615
2.5755,0.97,3.0923,350.8801,0.001518846,1.531560692
2.5755,0.98,3.0923,351.052,0.000679769,1.564042978
2.5755,0.99,3.0923,351.2447,0.000169986,1.597002917
2.5755,1.0,3.0923,351.4603,0.0,1.630441779
3.0923,0.0,2.5755,351.4603,1.630441779,0.0
3.0923,0.01,2.5755,351.2447,1.597002917,0.000169986
3.0923,0.02,2.5755,351.052,1.564042978,0.000679769
3.0923,0.03,2.5755,350.8801,1.531560692,0.001518846
3.0923,0.04,2.5755,350.7272,1.499551615,0.002696362
3.0923,0.05,2.5755,350.5914,1.468010284,0.004201163
3.0923,0.06,2.5755,350.4714,1.436932816,0.006021832
3.0923,0.07,2.5755,350.3657,1.406312651,0.008166563
3.0923,0.08,2.5755,350.273,1.376145536,0.010623372
3.0923,0.09,2.5755,350.1923,1.346425038,0.013409687
3.0923,0.1,2.5755,350.1224,1.317145227,0.016493236
3.0923,0.11,2.5755,350.0625,1.288298328,0.019890859
3.0923,0.12,2.5755,350.0116,1.259883273,0.023599332
3.0923,0.13,2.5755,349.969,1.231889482,0.027615167
3.0923,0.14,2.5755,349.9341,1.204313746,0.031924933
3.0923,0.15,2.5755,349.9061,1.177146166,0.036544057
3.0923,0.16,2.5755,349.8844,1.150385301,0.041458592
3.0923,0.17,2.5755,349.8686,1.124023342,0.04667364
3.0923,0.18,2.5755,349.8581,1.098055467,0.052193889
3.0923,0.19,2.5755,349.8525,1.072473631,0.058004722
3.0923,0.2,2.5755,349.8513,1.047273379,0.064110304
3.0923,0.21,2.5755,349.8543,1.022447331,0.070505061
3.0923,0.22,2.5755,349.8609,0.99799237,0.077201753
3.0923,0.23,2.5755,349.871,0.973902821,0.084184886
3.0923,0.24,2.5755,349.8842,0.950170283,0.091466438
3.0923,0.25,2.5755,349.9003,0.926795365,0.099048638
3.0923,0.26,2.5755,349.919,0.903768657,0.106915306
3.0923,0.27,2.5755,349.94,0.881082119,0.115077156
3.0923,0.28,2.5755,349.9633,0.858737887,0.123535348
3.0923,0.29,2.5755,349.9887,0.836727909,0.132290623
3.0923,0.3,2.5755,350.0158,0.815046178,0.1413433
3.0923,0.31,2.5755,350.0447,0.793689105,0.150693281
3.0923,0.32,2.5755,350.0752,0.7726559,0.160340057
3.0923,0.33,2.5755,350.1071,0.751934822,0.170282713
3.0923,0.34,2.5755,350.1403,0.731526193,0.180536631
3.0923,0.35,2.5755,350.1749,0.711429044,0.191091323
3.0923,0.36,2.5755,350.2106,0.691631032,0.201952601
3.0923,0.37,2.5755,350.2474,0.672138026,0.213117458
3.0923,0.38,2.5755,350.2852,0.652939581,0.224598492
3.0923,0.39,2.5755,350.3241,0.634028612,0.23639141
3.0923,0.4,2.5755,350.364,0.61541264,0.248499359
3.0923,0.41,2.5755,350.4048,0.597082216,0.260932471
3.0923,0.42,2.5755,350.4466,0.57903739,0.273684563
3.0923,0.43,2.5755,350.4893,0.561271559,0.286764151
3.0923,0.44,2.5755,350.533,0.543782529,0.300171257
3.0923,0.45,2.5755,350.5777,0.526567074,0.313919832
3.0923,0.46,2.5755,350.6234,0.509620898,0.32800074
3.0923,0.47,2.5755,350.6701,0.492950817,0.342425907
3.0923,0.48,2.5755,350.7179,0.476538481,0.357205803
3.0923,0.49,2.5755,350.7669,0.460401425,0.372335672
3.0923,0.5,2.5755,350.8172,0.444519141,0.387823744
3.0923,0.51,2.5755,350.8689,0.428901648,0.403676843
3.0923,0.52,2.5755,350.922,0.413539092,0.419900416
3.0923,0.53,2.5755,350.9767,0.398440493,0.436498551
3.0923,0.54,2.5755,351.0331,0.383594344,0.453486723
3.0923,0.55,2.5755,351.0914,0.369001657,0.470865758
3.0923,0.56,2.5755,351.1519,0.354662921,0.488641363
3.0923,0.57,2.5755,351.2145,0.340570968,0.506817602
3.0923,0.58,2.5755,351.2797,0.326739311,0.525414684
3.0923,0.59,2.5755,351.3477,0.313152431,0.544432532
3.0923,0.6,2.5755,351.4186,0.299823071,0.563875275
3.0923,0.61,2.5755,351.4929,0.286734123,0.583767488
3.0923,0.62,2.5755,351.5709,0.273905104,0.604102829
3.0923,0.63,2.5755,351.6529,0.261317563,0.624900459
3.0923,0.64,2.5755,351.7395,0.248982823,0.64616563
3.0923,0.65,2.5755,351.8309,0.236904435,0.66791142
3.0923,0.66,2.5755,351.9278,0.225069695,0.690147687
3.0923,0.67,2.5755,352.0308,0.213489097,0.712890983
3.0923,0.68,2.5755,352.1405,0.202165033,0.736144408
3.0923,0.69,2.5755,352.2576,0.191091323,0.759922261
3.0923,0.7,2.5755,352.3829,0.180277803,0.784243951
3.0923,0.71,2.5755,352.5174,0.169717458,0.809115237
3.0923,0.72,2.5755,352.662,0.159419632,0.834551252
3.0923,0.73,2.5755,352.8179,0.149393669,0.860566583
3.0923,0.74,2.5755,352.9865,0.139622802,0.887170833
3.0923,0.75,2.5755,353.1691,0.130133125,0.914376902
3.0923,0.76,2.5755,353.3674,0.12090704,0.942204062
3.0923,0.77,2.5755,353.5834,0.11196168,0.970661486
3.0923,0.78,2.5755,353.8192,0.103296387,0.999760177
3.0923,0.79,2.5755,354.0773,0.094919194,1.029512269
3.0923,0.8,2.5755,354.3605,0.08682886,1.059926899
3.0923,0.81,2.5755,354.6723,0.079042207,1.09101685
3.0923,0.82,2.5755,355.0164,0.07155758,1.122781187
3.0923,0.83,2.5755,355.3974,0.064382259,1.155232039
3.0923,0.84,2.5755,355.8206,0.057532788,1.188364628
3.0923,0.85,2.5755,356.2922,0.051006753,1.222171204
3.0923,0.86,2.5755,356.8197,0.044810829,1.256643999
3.0923,0.87,2.5755,357.4121,0.038970682,1.291758382
3.0923,0.88,2.5755,358.0801,0.033483131,1.327480755
3.0923,0.89,2.5755,358.8368,0.028363914,1.36376497
3.0923,0.9,2.5755,359.6986,0.023618866,1.400542374
3.0923,0.91,2.5755,360.6854,0.019263266,1.437716772
3.0923,0.92,2.5755,361.8226,0.015322016,1.475154237
3.0923,0.93,2.5755,363.1426,0.011800104,1.512680286
3.0923,0.94,2.5755,364.6872,0.008711941,1.550044532
3.0923,0.95,2.5755,366.5118,0.006071531,1.586910055
3.0923,0.96,2.5755,368.6909,0.003892415,1.622814052
3.0923,0.97,2.5755,371.3275,0.002187605,1.657101728
3.0923,0.98,2.5755,374.568,0.00096953,1.688855194
3.0923,0.99,2.5755,378.626,0.000239971,1.716752118
3.0923,1.0,2.5755,383.829,0.0,1.73885435
3.9243,0.0,3.0923,383.829,1.401256863,0.0
3.9243,0.01,3.0923,383.099,1.360242951,0.000219976
3.9243,0.02,3.0923,382.465,1.319988947,0.000879613
3.9243,0.03,3.0923,381.913,1.280572669,0.001948101
3.9243,0.04,3.0923,381.431,1.242039968,0.003414165
3.9243,0.05,3.0923,381.007,1.204418705,0.00526611
3.9243,0.06,3.0923,380.634,1.167727819,0.007491866
3.9243,0.07,3.0923,380.304,1.131972916,0.010059236
3.9243,0.08,3.0923,380.012,1.097144545,0.012975454
3.9243,0.09,3.0923,379.754,1.063237238,0.016207939
3.9243,0.1,3.0923,379.523,1.030240653,0.019763411
3.9243,0.11,3.0923,379.319,0.998132436,0.023609099
3.9243,0.12,3.0923,379.136,0.96689639,0.027751345
3.9243,0.13,3.0923,378.973,0.936508959,0.032167048
3.9243,0.14,3.0923,378.827,0.906955292,0.036852527
3.9243,0.15,3.0923,378.697,0.878206653,0.041803912
3.9243,0.16,3.0923,378.581,0.850249215,0.046998083
3.9243,0.17,3.0923,378.477,0.823052005,0.052431147
3.9243,0.18,3.0923,378.385,0.796596872,0.058099082
3.9243,0.19,3.0923,378.303,0.770862567,0.06399775
3.9243,0.2,3.0923,378.229,0.745829759,0.070113577
3.9243,0.21,3.0923,378.164,0.721472212,0.076433124
3.9243,0.22,3.0923,378.107,0.697776449,0.082970725
3.9243,0.23,3.0923,378.057,0.674723502,0.089694441
3.9243,0.24,3.0923,378.013,0.652288727,0.096627494
3.9243,0.25,3.0923,377.975,0.630457616,0.1037382
3.9243,0.26,3.0923,377.942,0.609216508,0.111040355
3.9243,0.27,3.0923,377.915,0.588536384,0.118511659
3.9243,0.28,3.0923,377.892,0.568416944,0.126165582
3.9243,0.29,3.0923,377.874,0.548832139,0.133988788
3.9243,0.3,3.0923,377.86,0.529769059,0.141976879
3.9243,0.31,3.0923,377.85,0.511217547,0.150125447
3.9243,0.32,3.0923,377.844,0.493158475,0.158438616
3.9243,0.33,3.0923,377.842,0.475581792,0.166903304
3.9243,0.34,3.0923,377.843,0.458468606,0.175523502
3.9243,0.35,3.0923,377.847,0.441816324,0.184286292
3.9243,0.36,3.0923,377.856,0.425607547,0.193203797
3.9243,0.37,3.0923,377.867,0.409835544,0.202254895
3.9243,0.38,3.0923,377.882,0.394478307,0.211451464
3.9243,0.39,3.0923,377.9,0.379538568,0.220780762
3.9243,0.4,3.0923,377.921,0.36500416,0.230254211
3.9243,0.41,3.0923,377.945,0.350854035,0.239851198
3.9243,0.42,3.0923,377.972,0.337093472,0.24958293
3.9243,0.43,3.0923,378.003,0.323698137,0.259444622
3.9243,0.44,3.0923,378.037,0.310678125,0.26943154
3.9243,0.45,3.0923,378.074,0.298013519,0.279539008
3.9243,0.46,3.0923,378.114,0.285697605,0.289769891
3.9243,0.47,3.0923,378.158,0.273722591,0.300126814
3.9243,0.48,3.0923,378.206,0.262079609,0.310597497
3.9243,0.49,3.0923,378.257,0.2507665,0.321184545
3.9243,0.5,3.0923,378.311,0.23977252,0.331890327
3.9243,0.51,3.0923,378.369,0.229093813,0.342702786
3.9243,0.52,3.0923,378.431,0.218725807,0.353631317
3.9243,0.53,3.0923,378.497,0.208655099,0.364670891
3.9243,0.54,3.0923,378.567,0.198883645,0.375823436
3.9243,0.55,3.0923,378.641,0.189404745,0.38707708
3.9243,0.56,3.0923,378.72,0.180202647,0.398433779
3.9243,0.57,3.0923,378.803,0.171285887,0.409901918
3.9243,0.58,3.0923,378.891,0.162645921,0.421469682
3.9243,0.59,3.0923,378.983,0.154273529,0.433138639
3.9243,0.6,3.0923,379.081,0.14616747,0.444910155
3.9243,0.61,3.0923,379.183,0.138317421,0.456779069
3.9243,0.62,3.0923,379.291,0.130721198,0.46874659
3.9243,0.63,3.0923,379.405,0.123385093,0.480807556
3.9243,0.64,3.0923,379.524,0.116288586,0.492963033
3.9243,0.65,3.0923,379.65,0.109446158,0.505219941
3.9243,0.66,3.0923,379.782,0.102836333,0.517560891
3.9243,0.67,3.0923,379.92,0.096464059,0.529992755
3.9243,0.68,3.0923,380.065,0.090325047,0.542521946
3.9243,0.69,3.0923,380.217,0.084414675,0.555131463
3.9243,0.7,3.0923,380.377,0.078727998,0.56783336
3.9243,0.71,3.0923,380.544,0.073269049,0.580616577
3.9243,0.72,3.0923,380.719,0.068023068,0.593487053
3.9243,0.73,3.0923,380.903,0.063002968,0.606433941
3.9243,0.74,3.0923,381.095,0.058183999,0.619468347
3.9243,0.75,3.0923,381.296,0.053588159,0.632579432
3.9243,0.76,3.0923,381.507,0.049190084,0.645772514
3.9243,0.77,3.0923,381.728,0.045002046,0.659036986
3.9243,0.78,3.0923,381.959,0.041017175,0.672383091
3.9243,0.79,3.0923,382.201,0.037228345,0.685795221
3.9243,0.8,3.0923,382.454,0.03363785,0.699283316
3.9243,0.81,3.0923,382.719,0.030247885,0.712837056
3.9243,0.82,3.0923,382.996,0.027041072,0.72646106
3.9243,0.83,3.0923,383.286,0.024028978,0.740150034
3.9243,0.84,3.0923,383.59,0.021203606,0.753903558
3.9243,0.85,3.0923,383.907,0.01856657,0.767721116
3.9243,0.86,3.0923,384.24,0.016119382,0.781592945
3.9243,0.87,3.0923,384.587,0.013843732,0.795523247
3.9243,0.88,3.0923,384.951,0.011750689,0.809506982
3.9243,0.89,3.0923,385.332,0.009841414,0.823543664
3.9243,0.9,3.0923,385.73,0.008107049,0.837628404
3.9243,0.91,3.0923,386.147,0.006538577,0.851760744
3.9243,0.92,3.0923,386.584,0.005146733,0.865935944
3.9243,0.93,3.0923,387.041,0.003932259,0.880149432
3.9243,0.94,3.0923,387.519,0.002875861,0.894400888
3.9243,0.95,3.0923,388.019,0.001988023,0.908685888
3.9243,0.96,3.0923,388.543,0.001269194,0.9229962
3.9243,0.97,3.0923,389.092,0.000709748,0.937335724
3.9243,0.98,3.0923,389.667,0.000319949,0.951696485
3.9243,0.99,3.0923,390.269,7.9997e-05,0.966074688
3.9243,1.0,3.0923,390.899,0.0,0.980462936
3.0923,0.0,3.9243,390.899,0.980462936,0.0
3.0923,0.01,3.9243,390.269,0.966074688,7.9997e-05
3.0923,0.02,3.9243,389.667,0.951696485,0.000319949
3.0923,0.03,3.9243,389.092,0.937335724,0.000709748
3.0923,0.04,3.9243,388.543,0.9229962,0.001269194
3.0923,0.05,3.9243,388.019,0.908685888,0.001988023
3.0923,0.06,3.9243,387.519,0.894400888,0.002875861
3.0923,0.07,3.9243,387.041,0.880149432,0.003932259
3.0923,0.08,3.9243,386.584,0.865935944,0.005146733
3.0923,0.09,3.9243,386.147,0.851760744,0.006538577
3.0923,0.1,3.9243,385.73,0.837628404,0.008107049
3.0923,0.11,3.9243,385.332,0.823543664,0.009841414
3.0923,0.12,3.9243,384.951,0.809506982,0.011750689
3.0923,0.13,3.9243,384.587,0.795523247,0.013843732
3.0923,0.14,3.9243,384.24,0.781592945,0.016119382
3.0923,0.15,3.9243,383.907,0.767721116,0.01856657
3.0923,0.16,3.9243,383.59,0.753903558,0.021203606
3.0923,0.17,3.9243,383.286,0.740150034,0.024028978
3.0923,0.18,3.9243,382.996,0.72646106,0.027041072
3.0923,0.19,3.9243,382.719,0.712837056,0.030247885
3.0923,0.2,3.9243,382.454,0.699283316,0.03363785
3.0923,0.21,3.9243,382.201,0.685795221,0.037228345
3.0923,0.22,3.9243,381.959,0.672383091,0.041017175
3.0923,0.23,3.9243,381.728,0.659036986,0.045002046
3.0923,0.24,3.9243,381.507,0.645772514,0.049190084
3.0923,0.25,3.9243,381.296,0.632579432,0.053588159
3.0923,0.26,3.9243,381.095,0.619468347,0.058183999
3.0923,0.27,3.9243,380.903,0.606433941,0.063002968
3.0923,0.28,3.9243,380.719,0.593487053,0.068023068
3.0923,0.29,3.9243,380.544,0.580616577,0.073269049
3.0923,0.3,3.9243,380.377,0.56783336,0.078727998
3.0923,0.31,3.9243,380.217,0.555131463,0.084414675
3.0923,0.32,3.9243,380.065,0.542521946,0.090325047
3.0923,0.33,3.9243,379.92,0.529992755,0.096464059
3.0923,0.34,3.9243,379.782,0.517560891,0.102836333
3.0923,0.35,3.9243,379.65,0.505219941,0.109446158
3.0923,0.36,3.9243,379.524,0.492963033,0.116288586
3.0923,0.37,3.9243,379.405,0.480807556,0.123385093
3.0923,0.38,3.9243,379.291,0.46874659,0.130721198
3.0923,0.39,3.9243,379.183,0.456779069,0.138317421
3.0923,0.4,3.9243,379.081,0.444910155,0.14616747
3.0923,0.41,3.9243,378.983,0.433138639,0.154273529
3.0923,0.42,3.9243,378.891,0.421469682,0.162645921
3.0923,0.43,3.9243,378.803,0.409901918,0.171285887
3.0923,0.44,3.9243,378.72,0.398433779,0.180202647
3.0923,0.45,3.9243,378.641,0.38707708,0.189404745
3.0923,0.46,3.9243,378.567,0.375823436,0.198883645
3.0923,0.47,3.9243,378.497,0.364670891,0.208655099
3.0923,0.48,3.9243,378.431,0.353631317,0.218725807
3.0923,0.49,3.9243,378.369,0.342702786,0.229093813
3.0923,0.5,3.9243,378.311,0.331890327,0.23977252
3.0923,0.51,3.9243,378.257,0.321184545,0.2507665
3.0923,0.52,3.9243,378.206,0.310597497,0.262079609
3.0923,0.53,3.9243,378.158,0.300126814,0.273722591
3.0923,0.54,3.9243,378.114,0.289769891,0.285697605
3.0923,0.55,3.9243,378.074,0.279539008,0.298013519
3.0923,0.56,3.9243,378.037,0.26943154,0.310678125
3.0923,0.57,3.9243,378.003,0.259444622,0.323698137
3.0923,0.58,3.9243,377.972,0.24958293,0.337093472
3.0923,0.59,3.9243,377.945,0.239851198,0.350854035
3.0923,0.6,3.9243,377.921,0.230254211,0.36500416
3.0923,0.61,3.9243,377.9,0.220780762,0.379538568
3.0923,0.62,3.9243,377.882,0.211451464,0.394478307
3.0923,0.63,3.9243,377.867,0.202254895,0.409835544
3.0923,0.64,3.9243,377.856,0.193203797,0.425607547
3.0923,0.65,3.9243,377.847,0.184286292,0.441816324
3.0923,0.66,3.9243,377.843,0.175523502,0.458468606
3.0923,0.67,3.9243,377.842,0.166903304,0.475581792
3.0923,0.68,3.9243,377.844,0.158438616,0.493158475
3.0923,0.69,3.9243,377.85,0.150125447,0.511217547
3.0923,0.7,3.9243,377.86,0.141976879,0.529769059
3.0923,0.71,3.9243,377.874,0.133988788,0.548832139
3.0923,0.72,3.9243,377.892,0.126165582,0.568416944
3.0923,0.73,3.9243,377.915,0.118511659,0.588536384
3.0923,0.74,3.9243,377.942,0.111040355,0.609216508
3.0923,0.75,3.9243,377.975,0.1037382,0.630457616
3.0923,0.76,3.9243,378.013,0.096627494,0.652288727
3.0923,0.77,3.9243,378.057,0.089694441,0.674723502
3.0923,0.78,3.9243,378.107,0.082970725,0.697776449
3.0923,0.79,3.9243,378.164,0.076433124,0.721472212
3.0923,0.8,3.9243,378.229,0.070113577,0.745829759
3.0923,0.81,3.9243,378.303,0.06399775,0.770862567
3.0923,0.82,3.9243,378.385,0.058099082,0.796596872
3.0923,0.83,3.9243,378.477,0.052431147,0.823052005
3.0923,0.84,3.9243,378.581,0.046998083,0.850249215
3.0923,0.85,3.9243,378.697,0.041803912,0.878206653
3.0923,0.86,3.9243,378.827,0.036852527,0.906955292
3.0923,0.87,3.9243,378.973,0.032167048,0.936508959
3.0923,0.88,3.9243,379.136,0.027751345,0.96689639
3.0923,0.89,3.9243,379.319,0.023609099,0.998132436
3.0923,0.9,3.9243,379.523,0.019763411,1.030240653
3.0923,0.91,3.9243,379.754,0.016207939,1.063237238
3.0923,0.92,3.9243,380.012,0.012975454,1.097144545
3.0923,0.93,3.9243,380.304,0.010059236,1.131972916
3.0923,0.94,3.9243,380.634,0.007491866,1.167727819
3.0923,0.95,3.9243,381.007,0.00526611,1.204418705
3.0923,0.96,3.9243,381.431,0.003414165,1.242039968
3.0923,0.97,3.9243,381.913,0.001948101,1.280572669
3.0923,0.98,3.9243,382.465,0.000879613,1.319988947
3.0923,0.99,3.9243,383.099,0.000219976,1.360242951
3.0923,1.0,3.9243,383.829,0.0,1.401256863
1.4311,0.0,3.1878,353.2785,2.380258843,0.0
1.4311,0.01,3.1878,348.1898,2.330307258,0.000419912
1.4311,0.02,3.1878,344.5353,2.271275008,0.00167859
1.4311,0.03,3.1878,341.8238,2.207518084,0.003762911
1.4311,0.04,3.1878,339.7607,2.14164844,0.006608118
1.4311,0.05,3.1878,338.1597,2.075257802,0.010187926
1.4311,0.06,3.1878,336.8974,2.009330188,0.014455021
1.4311,0.07,3.1878,335.8894,1.944474834,0.019351545
1.4311,0.08,3.1878,335.0757,1.881060722,0.024848698
1.4311,0.09,3.1878,334.4131,1.819303298,0.030907407
1.4311,0.1,3.1878,333.8696,1.759322362,0.037498076
1.4311,0.11,3.1878,333.4209,1.701168968,0.044571755
1.4311,0.12,3.1878,333.0486,1.644851387,0.052117954
1.4311,0.13,3.1878,332.7382,1.590350909,0.060097424
1.4311,0.14,3.1878,332.4784,1.537630369,0.068508754
1.4311,0.15,3.1878,332.2603,1.486639571,0.077303575
1.4311,0.16,3.1878,332.0767,1.437324871,0.086489574
1.4311,0.17,3.1878,331.9207,1.389628796,0.096037188
1.4311,0.18,3.1878,331.7874,1.343488629,0.105926356
1.4311,0.19,3.1878,331.6841,1.298825607,0.116146141
1.4311,0.2,3.1878,331.5846,1.255618886,0.126703133
1.4311,0.21,3.1878,331.5042,1.213781541,0.137559519
1.4311,0.22,3.1878,331.4357,1.173265112,0.148713066
1.4311,0.23,3.1878,331.3767,1.134014824,0.160161152
1.4311,0.24,3.1878,331.3262,1.095982166,0.171892361
1.4311,0.25,3.1878,331.2827,1.059112337,0.183895318
1.4311,0.26,3.1878,331.2449,1.02336418,0.196166932
1.4311,0.27,3.1878,331.2129,0.98868953,0.208703798
1.4311,0.28,3.1878,331.1839,0.955053648,0.221494192
1.4311,0.29,3.1878,331.1588,0.922407983,0.234526519
1.4311,0.3,3.1878,331.1365,0.890718533,0.247812749
1.4311,0.31,3.1878,331.1167,0.859948926,0.261332964
1.4311,0.32,3.1878,331.0987,0.830070315,0.275090632
1.4311,0.33,3.1878,331.0822,0.801041483,0.289081093
1.4311,0.34,3.1878,331.067,0.772845213,0.303306867
1.4311,0.35,3.1878,331.0529,0.745440725,0.317755305
1.4311,0.36,3.1878,331.0396,0.718805181,0.332428357
1.4311,0.37,3.1878,331.0269,0.692912153,0.347327391
1.4311,0.38,3.1878,331.0147,0.667742189,0.362439298
1.4311,0.39,3.1878,331.0028,0.643263419,0.377778685
1.4311,0.4,3.1878,330.9913,0.619462965,0.393325048
1.4311,0.41,3.1878,330.98,0.596316846,0.409098499
1.4311,0.42,3.1878,330.9689,0.573806057,0.425078175
1.4311,0.43,3.1878,330.9579,0.551906145,0.441276169
1.4311,0.44,3.1878,330.9528,0.530610604,0.45767798
1.4311,0.45,3.1878,330.9365,0.509891187,0.474306857
1.4311,0.46,3.1878,330.926,0.489738852,0.491147269
1.4311,0.47,3.1878,330.9158,0.470134871,0.50819617
1.4311,0.48,3.1878,330.9058,0.45106288,0.525461988
1.4311,0.49,3.1878,330.8962,0.432522402,0.54293457
1.4311,0.5,3.1878,330.8869,0.414484313,0.560626705
1.4311,0.51,3.1878,330.8781,0.396935501,0.578532869
1.4311,0.52,3.1878,330.8699,0.379880598,0.596658306
1.4311,0.53,3.1878,330.8624,0.363294983,0.614996432
1.4311,0.54,3.1878,330.8556,0.347171933,0.633556399
1.4311,0.55,3.1878,330.8497,0.331502766,0.652335603
1.4311,0.56,3.1878,330.8448,0.316269529,0.671330927
1.4311,0.57,3.1878,330.8412,0.301474025,0.690553821
1.4311,0.58,3.1878,330.8388,0.287101904,0.710004298
1.4311,0.59,3.1878,330.8379,0.273144411,0.729676776
1.4311,0.6,3.1878,330.8387,0.259598906,0.749584223
1.4311,0.61,3.1878,330.8413,0.24644593,0.769719257
1.4311,0.62,3.1878,330.846,0.233687765,0.790092387
1.4311,0.63,3.1878,330.8529,0.221317886,0.810699078
1.4311,0.64,3.1878,330.8624,0.209328562,0.831547327
1.4311,0.65,3.1878,330.8745,0.197710865,0.852639284
1.4311,0.66,3.1878,330.8897,0.186462969,0.87398013
1.4311,0.67,3.1878,330.9081,0.175573842,0.895573607
1.4311,0.68,3.1878,330.9301,0.16503975,0.917418096
1.4311,0.69,3.1878,330.9559,0.154864711,0.939522766
1.4311,0.7,3.1878,330.986,0.145034972,0.961891052
1.4311,0.71,3.1878,331.0207,0.135544365,0.984524916
1.4311,0.72,3.1878,331.0603,0.126394737,1.007432235
1.4311,0.73,3.1878,331.1054,0.11757857,1.030618918
1.4311,0.74,3.1878,331.1563,0.109096528,1.054085523
1.4311,0.75,3.1878,331.2135,0.100948798,1.077841393
1.4311,0.76,3.1878,331.2776,0.093116867,1.101893566
1.4311,0.77,3.1878,331.3491,0.085608727,1.126243668
1.4311,0.78,3.1878,331.4286,0.078422935,1.150904251
1.4311,0.79,3.1878,331.5169,0.07155758,1.175875753
1.4311,0.8,3.1878,331.6146,0.065010285,1.201168877
1.4311,0.81,3.1878,331.7226,0.058768783,1.226791467
1.4311,0.82,3.1878,331.8416,0.052848584,1.25275154
1.4311,0.83,3.1878,331.9726,0.047236577,1.279054302
1.4311,0.84,3.1878,332.1168,0.041938171,1.305713175
1.4311,0.85,3.1878,332.2751,0.036948904,1.332735344
1.4311,0.86,3.1878,332.4489,0.032273561,1.360130041
1.4311,0.87,3.1878,332.6395,0.027906953,1.387908058
1.4311,0.88,3.1878,332.8485,0.023853236,1.416081293
1.4311,0.89,3.1878,333.0776,0.020106503,1.444657604
1.4311,0.9,3.1878,333.3287,0.016670276,1.473652553
1.4311,0.91,3.1878,333.6039,0.013557678,1.503079121
1.4311,0.92,3.1878,333.9056,0.01075199,1.53294772
1.4311,0.93,3.1878,334.2365,0.008265744,1.563274595
1.4311,0.94,3.1878,334.5995,0.006101349,1.594072466
1.4311,0.95,3.1878,334.9982,0.004250952,1.625356536
1.4311,0.96,3.1878,335.4364,0.002736253,1.657145586
1.4311,0.97,3.1878,335.9186,0.0015488,1.689453543
1.4311,0.98,3.1878,336.4499,0.000689762,1.722300418
1.4311,0.99,3.1878,337.0364,0.000169986,1.755703875
1.4311,1.0,3.1878,337.6848,0.0,1.789683984
3.1878,0.0,1.4311,337.6848,1.789683984,0.0
3.1878,0.01,1.4311,337.0364,1.755703875,0.000169986
3.1878,0.02,1.4311,336.4499,1.722300418,0.000689762
3.1878,0.03,1.4311,335.9186,1.689453543,0.0015488
3.1878,0.04,1.4311,335.4364,1.657145586,0.002736253
3.1878,0.05,1.4311,334.9982,1.625356536,0.004250952
3.1878,0.06,1.4311,334.5995,1.594072466,0.006101349
3.1878,0.07,1.4311,334.2365,1.563274595,0.008265744
3.1878,0.08,1.4311,333.9056,1.53294772,0.01075199
3.1878,0.09,1.4311,333.6039,1.503079121,0.013557678
3.1878,0.1,1.4311,333.3287,1.473652553,0.016670276
3.1878,0.11,1.4311,333.0776,1.444657604,0.020106503
3.1878,0.12,1.4311,332.8485,1.416081293,0.023853236
3.1878,0.13,1.4311,332.6395,1.387908058,0.027906953
3.1878,0.14,1.4311,332.4489,1.360130041,0.032273561
3.1878,0.15,1.4311,332.2751,1.332735344,0.036948904
3.1878,0.16,1.4311,332.1168,1.305713175,0.041938171
3.1878,0.17,1.4311,331.9726,1.279054302,0.047236577
3.1878,0.18,1.4311,331.8416,1.25275154,0.052848584
3.1878,0.19,1.4311,331.7226,1.226791467,0.058768783
3.1878,0.2,1.4311,331.6146,1.201168877,0.065010285
3.1878,0.21,1.4311,331.5169,1.175875753,0.07155758
3.1878,0.22,1.4311,331.4286,1.150904251,0.078422935
3.1878,0.23,1.4311,331.3491,1.126243668,0.085608727
3.1878,0.24,1.4311,331.2776,1.101893566,0.093116867
3.1878,0.25,1.4311,331.2135,1.077841393,0.100948798
3.1878,0.26,1.4311,331.1563,1.054085523,0.109096528
3.1878,0.27,1.4311,331.1054,1.030618918,0.11757857
3.1878,0.28,1.4311,331.0603,1.007432235,0.126394737
3.1878,0.29,1.4311,331.0207,0.984524916,0.135544365
3.1878,0.3,1.4311,330.986,0.961891052,0.145034972
3.1878,0.31,1.4311,330.9559,0.939522766,0.154864711
3.1878,0.32,1.4311,330.9301,0.917418096,0.16503975
3.1878,0.33,1.4311,330.9081,0.895573607,0.175573842
3.1878,0.34,1.4311,330.8897,0.87398013,0.186462969
3.1878,0.35,1.4311,330.8745,0.852639284,0.197710865
3.1878,0.36,1.4311,330.8624,0.831547327,0.209328562
3.1878,0.37,1.4311,330.8529,0.810699078,0.221317886
3.1878,0.38,1.4311,330.846,0.790092387,0.233687765
3.1878,0.39,1.4311,330.8413,0.769719257,0.24644593
3.1878,0.4,1.4311,330.8387,0.749584223,0.259598906
3.1878,0.41,1.4311,330.8379,0.729676776,0.273144411
3.1878,0.42,1.4311,330.8388,0.710004298,0.287101904
3.1878,0.43,1.4311,330.8412,0.690553821,0.301474025
3.1878,0.44,1.4311,330.8448,0.671330927,0.316269529
3.1878,0.45,1.4311,330.8497,0.652335603,0.331502766
3.1878,0.46,1.4311,330.8556,0.633556399,0.347171933
3.1878,0.47,1.4311,330.8624,0.614996432,0.363294983
3.1878,0.48,1.4311,330.8699,0.596658306,0.379880598
3.1878,0.49,1.4311,330.8781,0.578532869,0.396935501
3.1878,0.5,1.4311,330.8869,0.560626705,0.414484313
3.1878,0.51,1.4311,330.8962,0.54293457,0.432522402
3.1878,0.52,1.4311,330.9058,0.525461988,0.45106288
3.1878,0.53,1.4311,330.9158,0.50819617,0.470134871
3.1878,0.54,1.4311,330.926,0.491147269,0.489738852
3.1878,0.55,1.4311,330.9365,0.474306857,0.509891187
3.1878,0.56,1.4311,330.9528,0.45767798,0.530610604
3.1878,0.57,1.4311,330.9579,0.441276169,0.551906145
3.1878,0.58,1.4311,330.9689,0.425078175,0.573806057
3.1878,0.59,1.4311,330.98,0.409098499,0.596316846
3.1878,0.6,1.4311,330.9913,0.393325048,0.619462965
3.1878,0.61,1.4311,331.0028,0.377778685,0.643263419
3.1878,0.62,1.4311,331.0147,0.362439298,0.667742189
3.1878,0.63,1.4311,331.0269,0.347327391,0.692912153
3.1878,0.64,1.4311,331.0396,0.332428357,0.718805181
3.1878,0.65,1.4311,331.0529,0.317755305,0.745440725
3.1878,0.66,1.4311,331.067,0.303306867,0.772845213
3.1878,0.67,1.4311,331.0822,0.289081093,0.801041483
3.1878,0.68,1.4311,331.0987,0.275090632,0.830070315
3.1878,0.69,1.4311,331.1167,0.261332964,0.859948926
3.1878,0.7,1.4311,331.1365,0.247812749,0.890718533
3.1878,0.71,1.4311,331.1588,0.234526519,0.922407983
3.1878,0.72,1.4311,331.1839,0.221494192,0.955053648
3.1878,0.73,1.4311,331.2129,0.208703798,0.98868953
3.1878,0.74,1.4311,331.2449,0.196166932,1.02336418
3.1878,0.75,1.4311,331.2827,0.183895318,1.059112337
3.1878,0.76,1.4311,331.3262,0.171892361,1.095982166
3.1878,0.77,1.4311,331.3767,0.160161152,1.134014824
3.1878,0.78,1.4311,331.4357,0.148713066,1.173265112
3.1878,0.79,1.4311,331.5042,0.137559519,1.213781541
3.1878,0.8,1.4311,331.5846,0.126703133,1.255618886
3.1878,0.81,1.4311,331.6841,0.116146141,1.298825607
3.1878,0.82,1.4311,331.7874,0.105926356,1.343488629
3.1878,0.83,1.4311,331.9207,0.096037188,1.389628796
3.1878,0.84,1.4311,332.0767,0.086489574,1.437324871
3.1878,0.85,1.4311,332.2603,0.077303575,1.486639571
3.1878,0.86,1.4311,332.4784,0.068508754,1.537630369
3.1878,0.87,1.4311,332.7382,0.060097424,1.590350909
3.1878,0.88,1.4311,333.0486,0.052117954,1.644851387
3.1878,0.89,1.4311,333.4209,0.044571755,1.701168968
3.1878,0.9,1.4311,333.8696,0.037498076,1.759322362
3.1878,0.91,1.4311,334.4131,0.030907407,1.819303298
3.1878,0.92,1.4311,335.0757,0.024848698,1.881060722
3.1878,0.93,1.4311,335.8894,0.019351545,1.944474834
3.1878,0.94,1.4311,336.8974,0.014455021,2.009330188
3.1878,0.95,1.4311,338.1597,0.010187926,2.075257802
3.1878,0.96,1.4311,339.7607,0.006608118,2.14164844
3.1878,0.97,1.4311,341.8238,0.003762911,2.207518084
3.1878,0.98,1.4311,344.5353,0.00167859,2.271275008
3.1878,0.99,1.4311,348.1898,0.000419912,2.330307258
3.1878,1.0,1.4311,353.2785,0.0,2.380258843
3.9235,0.0,3.0923,383.829,1.398650212,0.0
3.9235,0.01,3.0923,382.65,1.359619222,0.000219976
3.9235,0.02,3.0923,381.633,1.320902142,0.000879613
3.9235,0.03,3.0923,380.75,1.282668451,0.001958082
3.9235,0.04,3.0923,379.98,1.245044688,0.003434097
3.9235,0.05,3.0923,379.304,1.208115213,0.005305899
3.9235,0.06,3.0923,378.708,1.171943292,0.007551416
3.9235,0.07,3.0923,378.18,1.136566174,0.010148331
3.9235,0.08,3.0923,377.711,1.102009844,0.0130939
3.9235,0.09,3.0923,377.292,1.068287093,0.016375192
3.9235,0.1,3.0923,376.917,1.035402662,0.01996928
3.9235,0.11,3.0923,376.58,1.003352441,0.023872764
3.9235,0.12,3.0923,376.276,0.972130276,0.028062538
3.9235,0.13,3.0923,376.002,0.941720634,0.032544631
3.9235,0.14,3.0923,375.753,0.912114022,0.037286151
3.9235,0.15,3.0923,375.528,0.883296355,0.042302498
3.9235,0.16,3.0923,375.322,0.855244771,0.047560837
3.9235,0.17,3.0923,375.135,0.827944646,0.053076204
3.9235,0.18,3.0923,374.964,0.801378073,0.058815928
3.9235,0.19,3.0923,374.807,0.775524085,0.064785366
3.9235,0.2,3.0923,374.664,0.750363648,0.070980229
3.9235,0.21,3.0923,374.532,0.72588055,0.077386876
3.9235,0.22,3.0923,374.411,0.702052411,0.084010211
3.9235,0.23,3.0923,374.3,0.678865684,0.09082742
3.9235,0.24,3.0923,374.198,0.656301644,0.097834264
3.9235,0.25,3.0923,374.103,0.634341528,0.105044466
3.9235,0.26,3.0923,374.016,0.612966963,0.112426493
3.9235,0.27,3.0923,373.936,0.592165951,0.120002792
3.9235,0.28,3.0923,373.862,0.571922605,0.127742167
3.9235,0.29,3.0923,373.794,0.552211299,0.135666611
3.9235,0.3,3.0923,373.732,0.533031244,0.143745303
3.9235,0.31,3.0923,373.674,0.514361366,0.151999797
3.9235,0.32,3.0923,373.621,0.49618903,0.160408203
3.9235,0.33,3.0923,373.573,0.478504891,0.168966102
3.9235,0.34,3.0923,373.529,0.461284478,0.177685828
3.9235,0.35,3.0923,373.489,0.444531963,0.186554253
3.9235,0.36,3.0923,373.453,0.428224145,0.195566784
3.9235,0.37,3.0923,373.42,0.412348033,0.204727003
3.9235,0.38,3.0923,373.391,0.396901881,0.21403015
3.9235,0.39,3.0923,373.366,0.381868894,0.223471498
3.9235,0.4,3.0923,373.343,0.367243895,0.233046356
3.9235,0.41,3.0923,373.324,0.353013248,0.242750081
3.9235,0.42,3.0923,373.308,0.339161475,0.25259361
3.9235,0.43,3.0923,373.295,0.325692919,0.262564244
3.9235,0.44,3.0923,373.286,0.312596612,0.272664877
3.9235,0.45,3.0923,373.279,0.299852709,0.282883076
3.9235,0.46,3.0923,373.275,0.287462048,0.293236617
3.9235,0.47,3.0923,373.274,0.275417165,0.303705509
3.9235,0.48,3.0923,373.277,0.263709513,0.314292357
3.9235,0.49,3.0923,373.282,0.252337238,0.324999533
3.9235,0.5,3.0923,373.29,0.24128205,0.335822025
3.9235,0.51,3.0923,373.302,0.230540129,0.346761972
3.9235,0.52,3.0923,373.317,0.22011497,0.357821287
3.9235,0.53,3.0923,373.334,0.209985361,0.368987828
3.9235,0.54,3.0923,373.356,0.200161475,0.380263533
3.9235,0.55,3.0923,373.38,0.19062036,0.391650119
3.9235,0.56,3.0923,373.408,0.181371105,0.403142413
3.9235,0.57,3.0923,373.439,0.172405892,0.41474855
3.9235,0.58,3.0923,373.474,0.163716212,0.426456571
3.9235,0.59,3.0923,373.513,0.155292884,0.438267834
3.9235,0.6,3.0923,373.555,0.147143328,0.450183502
3.9235,0.61,3.0923,373.601,0.139248767,0.462204545
3.9235,0.62,3.0923,373.652,0.131615809,0.474319303
3.9235,0.63,3.0923,373.706,0.124233299,0.486541128
3.9235,0.64,3.0923,373.765,0.117098357,0.4988583
3.9235,0.65,3.0923,373.828,0.110207749,0.511277522
3.9235,0.66,3.0923,373.896,0.103566908,0.523787258
3.9235,0.67,3.0923,373.969,0.097153934,0.53639395
3.9235,0.68,3.0923,374.046,0.090982648,0.54909781
3.9235,0.69,3.0923,374.129,0.085030249,0.561893193
3.9235,0.7,3.0923,374.217,0.079310132,0.574780224
3.9235,0.71,3.0923,374.31,0.073817216,0.587758887
3.9235,0.72,3.0923,374.41,0.068546105,0.60082902
3.9235,0.73,3.0923,374.515,0.063491098,0.613984919
3.9235,0.74,3.0923,374.626,0.058646195,0.627231712
3.9235,0.75,3.0923,374.744,0.054014588,0.64056358
3.9235,0.76,3.0923,374.869,0.049589844,0.653985266
3.9235,0.77,3.0923,375.0,0.045374815,0.667485724
3.9235,0.78,3.0923,375.139,0.041353053,0.681069539
3.9235,0.79,3.0923,375.286,0.037546235,0.69474091
3.9235,0.8,3.0923,375.44,0.033927885,0.708488892
3.9235,0.81,3.0923,375.602,0.030509806,0.722312702
3.9235,0.82,3.0923,375.773,0.027284373,0.736216249
3.9235,0.83,3.0923,375.953,0.024253492,0.750198366
3.9235,0.84,3.0923,376.142,0.021409179,0.764253151
3.9235,0.85,3.0923,376.341,0.018743243,0.778384067
3.9235,0.86,3.0923,376.55,0.016276811,0.792585193
3.9235,0.87,3.0923,376.769,0.013981798,0.806855258
3.9235,0.88,3.0923,377.0,0.011869281,0.821197329
3.9235,0.89,3.0923,377.242,0.00994043,0.835601148
3.9235,0.9,3.0923,377.496,0.0081864,0.850074003
3.9235,0.91,3.0923,377.762,0.006608118,0.864609994
3.9235,0.92,3.0923,378.042,0.005206423,0.879203421
3.9235,0.93,3.0923,378.335,0.003972101,0.893856966
3.9235,0.94,3.0923,378.642,0.002905774,0.908564965
3.9235,0.95,3.0923,378.965,0.002017963,0.923325927
3.9235,0.96,3.0923,379.303,0.001289169,0.938142239
3.9235,0.97,3.0923,379.658,0.000719741,0.953004459
3.9235,0.98,3.0923,380.029,0.000319949,0.967911173
3.9235,0.99,3.0923,380.419,7.9997e-05,0.982860938
3.9235,1.0,3.0923,380.827,0.0,0.997852286
3.0923,0.0,3.9235,380.827,0.997852286,0.0
3.0923,0.01,3.9235,380.419,0.982860938,7.9997e-05
3.0923,0.02,3.9235,380.029,0.967911173,0.000319949
3.0923,0.03,3.9235,379.658,0.953004459,0.000719741
3.0923,0.04,3.9235,379.303,0.938142239,0.001289169
3.0923,0.05,3.9235,378.965,0.923325927,0.002017963
3.0923,0.06,3.9235,378.642,0.908564965,0.002905774
3.0923,0.07,3.9235,378.335,0.893856966,0.003972101
3.0923,0.08,3.9235,378.042,0.879203421,0.005206423
3.0923,0.09,3.9235,377.762,0.864609994,0.006608118
3.0923,0.1,3.9235,377.496,0.850074003,0.0081864
3.0923,0.11,3.9235,377.242,0.835601148,0.00994043
3.0923,0.12,3.9235,377.0,0.821197329,0.011869281
3.0923,0.13,3.9235,376.769,0.806855258,0.013981798
3.0923,0.14,3.9235,376.55,0.792585193,0.016276811
3.0923,0.15,3.9235,376.341,0.778384067,0.018743243
3.0923,0.16,3.9235,376.142,0.764253151,0.021409179
3.0923,0.17,3.9235,375.953,0.750198366,0.024253492
3.0923,0.18,3.9235,375.773,0.736216249,0.027284373
3.0923,0.19,3.9235,375.602,0.722312702,0.030509806
3.0923,0.2,3.9235,375.44,0.708488892,0.033927885
3.0923,0.21,3.9235,375.286,0.69474091,0.037546235
3.0923,0.22,3.9235,375.139,0.681069539,0.041353053
3.0923,0.23,3.9235,375.0,0.667485724,0.045374815
3.0923,0.24,3.9235,374.869,0.653985266,0.049589844
3.0923,0.25,3.9235,374.744,0.64056358,0.054014588
3.0923,0.26,3.9235,374.626,0.627231712,0.058646195
3.0923,0.27,3.9235,374.515,0.613984919,0.063491098
3.0923,0.28,3.9235,374.41,0.60082902,0.068546105
3.0923,0.29,3.9235,374.31,0.587758887,0.073817216
3.0923,0.3,3.9235,374.217,0.574780224,0.079310132
3.0923,0.31,3.9235,374.129,0.561893193,0.085030249
3.0923,0.32,3.9235,374.046,0.54909781,0.090982648
3.0923,0.33,3.9235,373.969,0.53639395,0.097153934
3.0923,0.34,3.9235,373.896,0.523787258,0.103566908
3.0923,0.35,3.9235,373.828,0.511277522,0.110207749
3.0923,0.36,3.9235,373.765,0.4988583,0.117098357
3.0923,0.37,3.9235,373.706,0.486541128,0.124233299
3.0923,0.38,3.9235,373.652,0.474319303,0.131615809
3.0923,0.39,3.9235,373.601,0.462204545,0.139248767
3.0923,0.4,3.9235,373.555,0.450183502,0.147143328
3.0923,0.41,3.9235,373.513,0.438267834,0.155292884
3.0923,0.42,3.9235,373.474,0.426456571,0.163716212
3.0923,0.43,3.9235,373.439,0.41474855,0.172405892
3.0923,0.44,3.9235,373.408,0.403142413,0.181371105
3.0923,0.45,3.9235,373.38,0.391650119,0.19062036
3.0923,0.46,3.9235,373.356,0.380263533,0.200161475
3.0923,0.47,3.9235,373.334,0.368987828,0.209985361
3.0923,0.48,3.9235,373.317,0.357821287,0.22011497
3.0923,0.49,3.9235,373.302,0.346761972,0.230540129
3.0923,0.5,3.9235,373.29,0.335822025,0.24128205
3.0923,0.51,3.9235,373.282,0.324999533,0.252337238
3.0923,0.52,3.9235,373.277,0.314292357,0.263709513
3.0923,0.53,3.9235,373.274,0.303705509,0.275417165
3.0923,0.54,3.9235,373.275,0.293236617,0.287462048
3.0923,0.55,3.9235,373.279,0.282883076,0.299852709
3.0923,0.56,3.9235,373.286,0.272664877,0.312596612
3.0923,0.57,3.9235,373.295,0.262564244,0.325692919
3.0923,0.58,3.9235,373.308,0.25259361,0.339161475
3.0923,0.59,3.9235,373.324,0.242750081,0.353013248
3.0923,0.6,3.9235,373.343,0.233046356,0.367243895
3.0923,0.61,3.9235,373.366,0.223471498,0.381868894
3.0923,0.62,3.9235,373.391,0.21403015,0.396901881
3.0923,0.63,3.9235,373.42,0.204727003,0.412348033
3.0923,0.64,3.9235,373.453,0.195566784,0.428224145
3.0923,0.65,3.9235,373.489,0.186554253,0.444531963
3.0923,0.66,3.9235,373.529,0.177685828,0.461284478
3.0923,0.67,3.9235,373.573,0.168966102,0.478504891
3.0923,0.68,3.9235,373.621,0.160408203,0.49618903
3.0923,0.69,3.9235,373.674,0.151999797,0.514361366
3.0923,0.7,3.9235,373.732,0.143745303,0.533031244
3.0923,0.71,3.9235,373.794,0.135666611,0.552211299
3.0923,0.72,3.9235,373.862,0.127742167,0.571922605
3.0923,0.73,3.9235,373.936,0.120002792,0.592165951
3.0923,0.74,3.9235,374.016,0.112426493,0.612966963
3.0923,0.75,3.9235,374.103,0.105044466,0.634341528
3.0923,0.76,3.9235,374.198,0.097834264,0.656301644
3.0923,0.77,3.9235,374.3,0.09082742,0.678865684
3.0923,0.78,3.9235,374.411,0.084010211,0.702052411
3.0923,0.79,3.9235,374.532,0.077386876,0.72588055
3.0923,0.8,3.9235,374.664,0.070980229,0.750363648
3.0923,0.81,3.9235,374.807,0.064785366,0.775524085
3.0923,0.82,3.9235,374.964,0.058815928,0.801378073
3.0923,0.83,3.9235,375.135,0.053076204,0.827944646
3.0923,0.84,3.9235,375.322,0.047560837,0.855244771
3.0923,0.85,3.9235,375.528,0.042302498,0.883296355
3.0923,0.86,3.9235,375.753,0.037286151,0.912114022
3.0923,0.87,3.9235,376.002,0.032544631,0.941720634
3.0923,0.88,3.9235,376.276,0.028062538,0.972130276
3.0923,0.89,3.9235,376.58,0.023872764,1.003352441
3.0923,0.9,3.9235,376.917,0.01996928,1.035402662
3.0923,0.91,3.9235,377.292,0.016375192,1.068287093
3.0923,0.92,3.9235,377.711,0.0130939,1.102009844
3.0923,0.93,3.9235,378.18,0.010148331,1.136566174
3.0923,0.94,3.9235,378.708,0.007551416,1.171943292
3.0923,0.95,3.9235,379.304,0.005305899,1.208115213
3.0923,0.96,3.9235,379.98,0.003434097,1.245044688
3.0923,0.97,3.9235,380.75,0.001958082,1.282668451
3.0923,0.98,3.9235,381.633,0.000879613,1.320902142
3.0923,0.99,3.9235,382.65,0.000219976,1.359619222
3.0923,1.0,3.9235,383.829,0.0,1.398650212
3.0923,0.0,6.523,423.805,0.223575458,0.0
3.0923,0.01,6.523,422.912,0.221261782,2e-05
3.0923,0.02,6.523,422.04,0.218918639,5.9998e-05
3.0923,0.03,6.523,421.187,0.216537781,0.000129992
3.0923,0.04,6.523,420.354,0.214135097,0.000239971
3.0923,0.05,6.523,419.54,0.211694258,0.000379928
3.0923,0.06,6.523,418.744,0.20922311,0.000559843
3.0923,0.07,6.523,417.966,0.206729576,0.000759711
3.0923,0.08,6.523,417.206,0.20420535,0.00100949
3.0923,0.09,6.523,416.462,0.201658389,0.001289169
3.0923,0.1,6.523,415.734,0.199080341,0.001608705
3.0923,0.11,6.523,415.023,0.196479196,0.001968062
3.0923,0.12,6.523,414.327,0.193854793,0.002367196
3.0923,0.13,6.523,413.647,0.191215224,0.002796087
3.0923,0.14,6.523,412.981,0.188552107,0.0032846
3.0923,0.15,6.523,412.329,0.18586527,0.00380276
3.0923,0.16,6.523,411.691,0.183162869,0.004370436
3.0923,0.17,6.523,411.067,0.180436448,0.004987542
3.0923,0.18,6.523,410.456,0.177702572,0.005644042
3.0923,0.19,6.523,409.858,0.174944412,0.006349797
3.0923,0.2,6.523,409.272,0.172170206,0.007104702
3.0923,0.21,6.523,408.698,0.169388281,0.007908644
3.0923,0.22,6.523,408.136,0.166590131,0.008761506
3.0923,0.23,6.523,407.586,0.163784129,0.009673065
3.0923,0.24,6.523,407.046,0.160961718,0.010633266
3.0923,0.25,6.523,406.518,0.158131318,0.011651853
3.0923,0.26,6.523,406.0,0.155284323,0.012718772
3.0923,0.27,6.523,405.492,0.152437785,0.013853594
3.0923,0.28,6.523,404.995,0.149583122,0.015036385
3.0923,0.29,6.523,404.507,0.146720286,0.01628665
3.0923,0.3,6.523,404.029,0.14385789,0.017594308
3.0923,0.31,6.523,403.559,0.140978593,0.018959134
3.0923,0.32,6.523,403.099,0.138108402,0.02039069
3.0923,0.33,6.523,402.648,0.135229949,0.021888685
3.0923,0.34,6.523,402.205,0.132351947,0.02345282
3.0923,0.35,6.523,401.77,0.129474424,0.025092533
3.0923,0.36,6.523,401.344,0.126588597,0.026787977
3.0923,0.37,6.523,400.925,0.123712091,0.02856802
3.0923,0.38,6.523,400.514,0.12084501,0.030412806
3.0923,0.39,6.523,400.11,0.117969685,0.032331653
3.0923,0.4,6.523,399.714,0.115103894,0.034324129
3.0923,0.41,6.523,399.325,0.112247744,0.036399429
3.0923,0.42,6.523,398.942,0.109392377,0.03854741
3.0923,0.43,6.523,398.566,0.106546812,0.040777194
3.0923,0.44,6.523,398.197,0.103711156,0.043088225
3.0923,0.45,6.523,397.834,0.100885518,0.045479929
3.0923,0.46,6.523,397.477,0.098070004,0.047961249
3.0923,0.47,6.523,397.126,0.095264724,0.050531504
3.0923,0.48,6.523,396.781,0.092478903,0.053180512
3.0923,0.49,6.523,396.442,0.089703583,0.055926544
3.0923,0.5,6.523,396.108,0.086938874,0.058768783
3.0923,0.51,6.523,395.78,0.084194079,0.061706389
3.0923,0.52,6.523,395.456,0.081469382,0.064729128
3.0923,0.53,6.523,395.138,0.078764969,0.067854891
3.0923,0.54,6.523,394.825,0.076081024,0.071082686
3.0923,0.55,6.523,394.517,0.073417734,0.074411498
3.0923,0.56,6.523,394.213,0.070775282,0.077840284
3.0923,0.57,6.523,393.914,0.068153853,0.081377201
3.0923,0.58,6.523,393.619,0.065562996,0.085030249
3.0923,0.59,6.523,393.329,0.062993578,0.088779812
3.0923,0.6,6.523,393.042,0.060464609,0.092652105
3.0923,0.61,6.523,392.76,0.057948102,0.096636572
3.0923,0.62,6.523,392.482,0.055472549,0.10073182
3.0923,0.63,6.523,392.207,0.053028788,0.104954433
3.0923,0.64,6.523,391.936,0.050617066,0.10929377
3.0923,0.65,6.523,391.669,0.048237631,0.11374824
3.0923,0.66,6.523,391.405,0.045900278,0.118342879
3.0923,0.67,6.523,391.145,0.043595744,0.123057987
3.0923,0.68,6.523,390.887,0.041333863,0.127900569
3.0923,0.69,6.523,390.633,0.039105322,0.132886185
3.0923,0.7,6.523,390.382,0.036919992,0.137995165
3.0923,0.71,6.523,390.134,0.034787825,0.143251499
3.0923,0.72,6.523,389.889,0.032699496,0.148644118
3.0923,0.73,6.523,389.647,0.030655288,0.154187822
3.0923,0.74,6.523,389.407,0.028655482,0.159862905
3.0923,0.75,6.523,389.17,0.026710088,0.165700862
3.0923,0.76,6.523,388.935,0.024819434,0.171681822
3.0923,0.77,6.523,388.703,0.022974064,0.177819772
3.0923,0.78,6.523,388.473,0.021193816,0.18411162
3.0923,0.79,6.523,388.245,0.019469238,0.190562507
3.0923,0.8,6.523,388.019,0.017800625,0.197177328
3.0923,0.81,6.523,387.795,0.0161981,0.203952577
3.0923,0.82,6.523,387.574,0.014652131,0.210900915
3.0923,0.83,6.523,387.354,0.013172856,0.21801844
3.0923,0.84,6.523,387.136,0.011760573,0.225309205
3.0923,0.85,6.523,386.919,0.010425465,0.232777
3.0923,0.86,6.523,386.704,0.009148029,0.240425357
3.0923,0.87,6.523,386.491,0.007948328,0.248257539
3.0923,0.88,6.523,386.279,0.006826645,0.256268802
3.0923,0.89,6.523,386.069,0.005783245,0.264469739
3.0923,0.9,6.523,385.86,0.004818373,0.272862808
3.0923,0.91,6.523,385.652,0.003932259,0.281450195
3.0923,0.92,6.523,385.446,0.00313508,0.290233814
3.0923,0.93,6.523,385.24,0.002417077,0.299215308
3.0923,0.94,6.523,385.036,0.0017884,0.308396049
3.0923,0.95,6.523,384.833,0.001249219,0.317784416
3.0923,0.96,6.523,384.63,0.000809672,0.327381037
3.0923,0.97,6.523,384.429,0.000459894,0.337186267
3.0923,0.98,6.523,384.228,0.000209978,0.347207267
3.0923,0.99,6.523,384.028,4.9999e-05,0.357443648
3.0923,1.0,6.523,383.829,0.0,0.367894766
6.523,0.0,3.0923,383.829,0.367894766,0.0
6.523,0.01,3.0923,384.028,0.357443648,4.9999e-05
6.523,0.02,3.0923,384.228,0.347207267,0.000209978
6.523,0.03,3.0923,384.429,0.337186267,0.000459894
6.523,0.04,3.0923,384.63,0.327381037,0.000809672
6.523,0.05,3.0923,384.833,0.317784416,0.001249219
6.523,0.06,3.0923,385.036,0.308396049,0.0017884
6.523,0.07,3.0923,385.24,0.299215308,0.002417077
6.523,0.08,3.0923,385.446,0.290233814,0.00313508
6.523,0.09,3.0923,385.652,0.281450195,0.003932259
6.523,0.1,3.0923,385.86,0.272862808,0.004818373
6.523,0.11,3.0923,386.069,0.264469739,0.005783245
6.523,0.12,3.0923,386.279,0.256268802,0.006826645
6.523,0.13,3.0923,386.491,0.248257539,0.007948328
6.523,0.14,3.0923,386.704,0.240425357,0.009148029
6.523,0.15,3.0923,386.919,0.232777,0.010425465
6.523,0.16,3.0923,387.136,0.225309205,0.011760573
6.523,0.17,3.0923,387.354,0.21801844,0.013172856
6.523,0.18,3.0923,387.574,0.210900915,0.014652131
6.523,0.19,3.0923,387.795,0.203952577,0.0161981
6.523,0.2,3.0923,388.019,0.197177328,0.017800625
6.523,0.21,3.0923,388.245,0.190562507,0.019469238
6.523,0.22,3.0923,388.473,0.18411162,0.021193816
6.523,0.23,3.0923,388.703,0.177819772,0.022974064
6.523,0.24,3.0923,388.935,0.171681822,0.024819434
6.523,0.25,3.0923,389.17,0.165700862,0.026710088
6.523,0.26,3.0923,389.407,0.159862905,0.028655482
6.523,0.27,3.0923,389.647,0.154187822,0.030655288
6.523,0.28,3.0923,389.889,0.148644118,0.032699496
6.523,0.29,3.0923,390.134,0.143251499,0.034787825
6.523,0.3,3.0923,390.382,0.137995165,0.036919992
6.523,0.31,3.0923,390.633,0.132886185,0.039105322
6.523,0.32,3.0923,390.887,0.127900569,0.041333863
6.523,0.33,3.0923,391.145,0.123057987,0.043595744
6.523,0.34,3.0923,391.405,0.118342879,0.045900278
6.523,0.35,3.0923,391.669,0.11374824,0.048237631
6.523,0.36,3.0923,391.936,0.10929377,0.050617066
6.523,0.37,3.0923,392.207,0.104954433,0.053028788
6.523,0.38,3.0923,392.482,0.10073182,0.055472549
6.523,0.39,3.0923,392.76,0.096636572,0.057948102
6.523,0.4,3.0923,393.042,0.092652105,0.060464609
6.523,0.41,3.0923,393.329,0.088779812,0.062993578
6.523,0.42,3.0923,393.619,0.085030249,0.065562996
6.523,0.43,3.0923,393.914,0.081377201,0.068153853
6.523,0.44,3.0923,394.213,0.077840284,0.070775282
6.523,0.45,3.0923,394.517,0.074411498,0.073417734
6.523,0.46,3.0923,394.825,0.071082686,0.076081024
6.523,0.47,3.0923,395.138,0.067854891,0.078764969
6.523,0.48,3.0923,395.456,0.064729128,0.081469382
6.523,0.49,3.0923,395.78,0.061706389,0.084194079
6.523,0.5,3.0923,396.108,0.058768783,0.086938874
6.523,0.51,3.0923,396.442,0.055926544,0.089703583
6.523,0.52,3.0923,396.781,0.053180512,0.092478903
6.523,0.53,3.0923,397.126,0.050531504,0.095264724
6.523,0.54,3.0923,397.477,0.047961249,0.098070004
6.523,0.55,3.0923,397.834,0.045479929,0.100885518
6.523,0.56,3.0923,398.197,0.043088225,0.103711156
6.523,0.57,3.0923,398.566,0.040777194,0.106546812
6.523,0.58,3.0923,398.942,0.03854741,0.109392377
6.523,0.59,3.0923,399.325,0.036399429,0.112247744
6.523,0.6,3.0923,399.714,0.034324129,0.115103894
6.523,0.61,3.0923,400.11,0.032331653,0.117969685
6.523,0.62,3.0923,400.514,0.030412806,0.12084501
6.523,0.63,3.0923,400.925,0.02856802,0.123712091
6.523,0.64,3.0923,401.344,0.026787977,0.126588597
6.523,0.65,3.0923,401.77,0.025092533,0.129474424
6.523,0.66,3.0923,402.205,0.02345282,0.132351947
6.523,0.67,3.0923,402.648,0.021888685,0.135229949
6.523,0.68,3.0923,403.099,0.02039069,0.138108402
6.523,0.69,3.0923,403.559,0.018959134,0.140978593
6.523,0.7,3.0923,404.029,0.017594308,0.14385789
6.523,0.71,3.0923,404.507,0.01628665,0.146720286
6.523,0.72,3.0923,404.995,0.015036385,0.149583122
6.523,0.73,3.0923,405.492,0.013853594,0.152437785
6.523,0.74,3.0923,406.0,0.012718772,0.155284323
6.523,0.75,3.0923,406.518,0.011651853,0.158131318
6.523,0.76,3.0923,407.046,0.010633266,0.160961718
6.523,0.77,3.0923,407.586,0.009673065,0.163784129
6.523,0.78,3.0923,408.136,0.008761506,0.166590131
6.523,0.79,3.0923,408.698,0.007908644,0.169388281
6.523,0.8,3.0923,409.272,0.007104702,0.172170206
6.523,0.81,3.0923,409.858,0.006349797,0.174944412
6.523,0.82,3.0923,410.456,0.005644042,0.177702572
6.523,0.83,3.0923,411.067,0.004987542,0.180436448
6.523,0.84,3.0923,411.691,0.004370436,0.183162869
6.523,0.85,3.0923,412.329,0.00380276,0.18586527
6.523,0.86,3.0923,412.981,0.0032846,0.188552107
6.523,0.87,3.0923,413.647,0.002796087,0.191215224
6.523,0.88,3.0923,414.327,0.002367196,0.193854793
6.523,0.89,3.0923,415.023,0.001968062,0.196479196
6.523,0.9,3.0923,415.734,0.001608705,0.199080341
6.523,0.91,3.0923,416.462,0.001289169,0.201658389
6.523,0.92,3.0923,417.206,0.00100949,0.20420535
6.523,0.93,3.0923,417.966,0.000759711,0.206729576
6.523,0.94,3.0923,418.744,0.000559843,0.20922311
6.523,0.95,3.0923,419.54,0.000379928,0.211694258
6.523,0.96,3.0923,420.354,0.000239971,0.214135097
6.523,0.97,3.0923,421.187,0.000129992,0.216537781
6.523,0.98,3.0923,422.04,5.9998e-05,0.218918639
6.523,0.99,3.0923,422.912,2e-05,0.221261782
6.523,1.0,3.0923,423.805,0.0,0.223575458
3.1878,0.0,5.8486,398.839,0.229403914,0.0
3.1878,0.01,5.8486,397.718,0.228250489,1e-05
3.1878,0.02,5.8486,396.624,0.22703995,3.9999e-05
3.1878,0.03,5.8486,395.558,0.225772094,8.9996e-05
3.1878,0.04,5.8486,394.518,0.224454691,0.000169986
3.1878,0.05,5.8486,393.504,0.22308755,0.000269964
3.1878,0.06,5.8486,392.515,0.221670467,0.00039992
3.1878,0.07,5.8486,391.55,0.220195209,0.000549849
3.1878,0.08,5.8486,390.609,0.218677594,0.000729734
3.1878,0.09,5.8486,389.691,0.217109382,0.000939558
3.1878,0.1,5.8486,388.795,0.21549034,0.001179304
3.1878,0.11,5.8486,387.921,0.213820224,0.00144895
3.1878,0.12,5.8486,387.069,0.212106871,0.001758453
3.1878,0.13,5.8486,386.236,0.210350063,0.002087819
3.1878,0.14,5.8486,385.424,0.208541458,0.002466955
3.1878,0.15,5.8486,384.631,0.206697046,0.002875861
3.1878,0.16,5.8486,383.857,0.204800339,0.003334435
3.1878,0.17,5.8486,383.101,0.202859208,0.003822684
3.1878,0.18,5.8486,382.362,0.200881582,0.004360479
3.1878,0.19,5.8486,381.641,0.198859055,0.004937789
3.1878,0.2,5.8486,380.937,0.196791362,0.005554545
3.1878,0.21,5.8486,380.249,0.194686462,0.006220612
3.1878,0.22,5.8486,379.577,0.192544128,0.006945822
3.1878,0.23,5.8486,378.92,0.190355862,0.0077102
3.1878,0.24,5.8486,378.278,0.188137942,0.008533486
3.1878,0.25,5.8486,377.651,0.185873574,0.009415534
3.1878,0.26,5.8486,377.038,0.183579099,0.010346292
3.1878,0.27,5.8486,376.438,0.181237636,0.01133551
3.1878,0.28,5.8486,375.852,0.178865592,0.01239289
3.1878,0.29,5.8486,375.279,0.176462761,0.01350835
3.1878,0.3,5.8486,374.718,0.174020532,0.014691549
3.1878,0.31,5.8486,374.17,0.171547053,0.015932403
3.1878,0.32,5.8486,373.634,0.169033662,0.017260182
3.1878,0.33,5.8486,373.1093,0.166497006,0.018645095
3.1878,0.34,5.8486,372.596,0.163919948,0.020116304
3.1878,0.35,5.8486,372.0938,0.16131921,0.02166364
3.1878,0.36,5.8486,371.6023,0.158686094,0.023286747
3.1878,0.37,5.8486,371.1212,0.156020359,0.024995006
3.1878,0.38,5.8486,370.6504,0.153330343,0.026787977
3.1878,0.39,5.8486,370.1894,0.150607266,0.028674917
3.1878,0.4,5.8486,369.7381,0.147859503,0.030655288
3.1878,0.41,5.8486,369.2962,0.14509552,0.032728531
3.1878,0.42,5.8486,368.8635,0.142297855,0.034903716
3.1878,0.43,5.8486,368.4398,0.139474945,0.037180171
3.1878,0.44,5.8486,368.0247,0.136626598,0.039557195
3.1878,0.45,5.8486,367.6181,0.133761366,0.042053236
3.1878,0.46,5.8486,367.2198,0.130879128,0.044657828
3.1878,0.47,5.8486,366.8295,0.127970962,0.047389183
3.1878,0.48,5.8486,366.4471,0.125045489,0.050236736
3.1878,0.49,5.8486,366.0723,0.122093731,0.053208958
3.1878,0.5,5.8486,365.7049,0.119133235,0.056314169
3.1878,0.51,5.8486,365.3449,0.116155045,0.059560526
3.1878,0.52,5.8486,364.9918,0.113167958,0.06293724
3.1878,0.53,5.8486,364.6457,0.110162965,0.066471028
3.1878,0.54,5.8486,364.3063,0.107148916,0.070141545
3.1878,0.55,5.8486,363.9734,0.104125754,0.073975106
3.1878,0.56,5.8486,363.6469,0.101084386,0.077969791
3.1878,0.57,5.8486,363.3266,0.098042806,0.08213283
3.1878,0.58,5.8486,363.0123,0.095001041,0.086471231
3.1878,0.59,5.8486,362.7038,0.091949995,0.090991778
3.1878,0.6,5.8486,362.4011,0.088898761,0.095691925
3.1878,0.61,5.8486,362.1039,0.085838189,0.100587141
3.1878,0.62,5.8486,361.8121,0.082786632,0.105674466
3.1878,0.63,5.8486,361.5255,0.079744202,0.11097771
3.1878,0.64,5.8486,361.244,0.076701748,0.116493315
3.1878,0.65,5.8486,360.9675,0.0736593,0.122226482
3.1878,0.66,5.8486,360.6957,0.070635522,0.128190908
3.1878,0.67,5.8486,360.4286,0.067621265,0.134399765
3.1878,0.68,5.8486,360.166,0.064626017,0.140848309
3.1878,0.69,5.8486,359.9077,0.061640576,0.147557564
3.1878,0.7,5.8486,359.6537,0.058683916,0.154530608
3.1878,0.71,5.8486,359.4037,0.055746863,0.161787162
3.1878,0.72,5.8486,359.1576,0.052829614,0.169320745
3.1878,0.73,5.8486,358.9153,0.049951394,0.177149873
3.1878,0.74,5.8486,358.6766,0.047093488,0.18529214
3.1878,0.75,5.8486,358.4414,0.044284792,0.193755934
3.1878,0.76,5.8486,358.2096,0.04150656,0.20254893
3.1878,0.77,5.8486,357.981,0.038768688,0.211686165
3.1878,0.78,5.8486,357.7554,0.036081175,0.221173612
3.1878,0.79,5.8486,357.5328,0.033444447,0.23104029
3.1878,0.8,5.8486,357.313,0.030868624,0.241289906
3.1878,0.81,5.8486,357.0958,0.028344473,0.251940899
3.1878,0.82,5.8486,356.8811,0.025891893,0.26301021
3.1878,0.83,5.8486,356.6687,0.02350166,0.274505643
3.1878,0.84,5.8486,356.4586,0.021193816,0.286456322
3.1878,0.85,5.8486,356.2505,0.018959134,0.298874206
3.1878,0.86,5.8486,356.0443,0.016817785,0.311776945
3.1878,0.87,5.8486,355.8399,0.014760525,0.325180149
3.1878,0.88,5.8486,355.6371,0.012807631,0.339111608
3.1878,0.89,5.8486,355.4358,0.010959722,0.353596209
3.1878,0.9,5.8486,355.2359,0.009227297,0.368642052
3.1878,0.91,5.8486,355.0371,0.007610963,0.384282329
3.1878,0.92,5.8486,354.8394,0.006131166,0.400539665
3.1878,0.93,5.8486,354.6425,0.004778564,0.417439791
3.1878,0.94,5.8486,354.4465,0.003583571,0.435010965
3.1878,0.95,5.8486,354.251,0.00253678,0.453277016
3.1878,0.96,5.8486,354.056,0.001658624,0.472263574
3.1878,0.97,5.8486,353.8614,0.000949549,0.492015823
3.1878,0.98,5.8486,353.667,0.000429908,0.512554129
3.1878,0.99,5.8486,353.4728,0.000109994,0.533916955
3.1878,1.0,5.8486,353.2785,0.0,0.556135453
5.8486,0.0,3.1878,353.2785,0.556135453,0.0
5.8486,0.01,3.1878,353.4728,0.533916955,0.000109994
5.8486,0.02,3.1878,353.667,0.512554129,0.000429908
5.8486,0.03,3.1878,353.8614,0.492015823,0.000949549
5.8486,0.04,3.1878,354.056,0.472263574,0.001658624
5.8486,0.05,3.1878,354.251,0.453277016,0.00253678
5.8486,0.06,3.1878,354.4465,0.435010965,0.003583571
5.8486,0.07,3.1878,354.6425,0.417439791,0.004778564
5.8486,0.08,3.1878,354.8394,0.400539665,0.006131166
5.8486,0.09,3.1878,355.0371,0.384282329,0.007610963
5.8486,0.1,3.1878,355.2359,0.368642052,0.009227297
5.8486,0.11,3.1878,355.4358,0.353596209,0.010959722
5.8486,0.12,3.1878,355.6371,0.339111608,0.012807631
5.8486,0.13,3.1878,355.8399,0.325180149,0.014760525
5.8486,0.14,3.1878,356.0443,0.311776945,0.016817785
5.8486,0.15,3.1878,356.2505,0.298874206,0.018959134
5.8486,0.16,3.1878,356.4586,0.286456322,0.021193816
5.8486,0.17,3.1878,356.6687,0.274505643,0.02350166
5.8486,0.18,3.1878,356.8811,0.26301021,0.025891893
5.8486,0.19,3.1878,357.0958,0.251940899,0.028344473
5.8486,0.2,3.1878,357.313,0.241289906,0.030868624
5.8486,0.21,3.1878,357.5328,0.23104029,0.033444447
5.8486,0.22,3.1878,357.7554,0.221173612,0.036081175
5.8486,0.23,3.1878,357.981,0.211686165,0.038768688
5.8486,0.24,3.1878,358.2096,0.20254893,0.04150656
5.8486,0.25,3.1878,358.4414,0.193755934,0.044284792
5.8486,0.26,3.1878,358.6766,0.18529214,0.047093488
5.8486,0.27,3.1878,358.9153,0.177149873,0.049951394
5.8486,0.28,3.1878,359.1576,0.169320745,0.052829614
5.8486,0.29,3.1878,359.4037,0.161787162,0.055746863
5.8486,0.3,3.1878,359.6537,0.154530608,0.058683916
5.8486,0.31,3.1878,359.9077,0.147557564,0.061640576
5.8486,0.32,3.1878,360.166,0.140848309,0.064626017
5.8486,0.33,3.1878,360.4286,0.134399765,0.067621265
5.8486,0.34,3.1878,360.6957,0.128190908,0.070635522
5.8486,0.35,3.1878,360.9675,0.122226482,0.0736593
5.8486,0.36,3.1878,361.244,0.116493315,0.076701748
5.8486,0.37,3.1878,361.5255,0.11097771,0.079744202
5.8486,0.38,3.1878,361.8121,0.105674466,0.082786632
5.8486,0.39,3.1878,362.1039,0.100587141,0.085838189
5.8486,0.4,3.1878,362.4011,0.095691925,0.088898761
5.8486,0.41,3.1878,362.7038,0.090991778,0.091949995
5.8486,0.42,3.1878,363.0123,0.086471231,0.095001041
5.8486,0.43,3.1878,363.3266,0.08213283,0.098042806
5.8486,0.44,3.1878,363.6469,0.077969791,0.101084386
5.8486,0.45,3.1878,363.9734,0.073975106,0.104125754
5.8486,0.46,3.1878,364.3063,0.070141545,0.107148916
5.8486,0.47,3.1878,364.6457,0.066471028,0.110162965
5.8486,0.48,3.1878,364.9918,0.06293724,0.113167958
5.8486,0.49,3.1878,365.3449,0.059560526,0.116155045
5.8486,0.5,3.1878,365.7049,0.056314169,0.119133235
5.8486,0.51,3.1878,366.0723,0.053208958,0.122093731
5.8486,0.52,3.1878,366.4471,0.050236736,0.125045489
5.8486,0.53,3.1878,366.8295,0.047389183,0.127970962
5.8486,0.54,3.1878,367.2198,0.044657828,0.130879128
5.8486,0.55,3.1878,367.6181,0.042053236,0.133761366
5.8486,0.56,3.1878,368.0247,0.039557195,0.136626598
5.8486,0.57,3.1878,368.4398,0.037180171,0.139474945
5.8486,0.58,3.1878,368.8635,0.034903716,0.142297855
5.8486,0.59,3.1878,369.2962,0.032728531,0.14509552
5.8486,0.6,3.1878,369.7381,0.030655288,0.147859503
5.8486,0.61,3.1878,370.1894,0.028674917,0.150607266
5.8486,0.62,3.1878,370.6504,0.026787977,0.153330343
5.8486,0.63,3.1878,371.1212,0.024995006,0.156020359
5.8486,0.64,3.1878,371.6023,0.023286747,0.158686094
5.8486,0.65,3.1878,372.0938,0.02166364,0.16131921
5.8486,0.66,3.1878,372.596,0.020116304,0.163919948
5.8486,0.67,3.1878,373.1093,0.018645095,0.166497006
5.8486,0.68,3.1878,373.634,0.017260182,0.169033662
5.8486,0.69,3.1878,374.17,0.015932403,0.171547053
5.8486,0.7,3.1878,374.718,0.014691549,0.174020532
5.8486,0.71,3.1878,375.279,0.01350835,0.176462761
5.8486,0.72,3.1878,375.852,0.01239289,0.178865592
5.8486,0.73,3.1878,376.438,0.01133551,0.181237636
5.8486,0.74,3.1878,377.038,0.010346292,0.183579099
5.8486,0.75,3.1878,377.651,0.009415534,0.185873574
5.8486,0.76,3.1878,378.278,0.008533486,0.188137942
5.8486,0.77,3.1878,378.92,0.0077102,0.190355862
5.8486,0.78,3.1878,379.577,0.006945822,0.192544128
5.8486,0.79,3.1878,380.249,0.006220612,0.194686462
5.8486,0.8,3.1878,380.937,0.005554545,0.196791362
5.8486,0.81,3.1878,381.641,0.004937789,0.198859055
5.8486,0.82,3.1878,382.362,0.004360479,0.200881582
5.8486,0.83,3.1878,383.101,0.003822684,0.202859208
5.8486,0.84,3.1878,383.857,0.003334435,0.204800339
5.8486,0.85,3.1878,384.631,0.002875861,0.206697046
5.8486,0.86,3.1878,385.424,0.002466955,0.208541458
5.8486,0.87,3.1878,386.236,0.002087819,0.210350063
5.8486,0.88,3.1878,387.069,0.001758453,0.212106871
5.8486,0.89,3.1878,387.921,0.00144895,0.213820224
5.8486,0.9,3.1878,388.795,0.001179304,0.21549034
5.8486,0.91,3.1878,389.691,0.000939558,0.217109382
5.8486,0.92,3.1878,390.609,0.000729734,0.218677594
5.8486,0.93,3.1878,391.55,0.000549849,0.220195209
5.8486,0.94,3.1878,392.515,0.00039992,0.221670467
5.8486,0.95,3.1878,393.504,0.000269964,0.22308755
5.8486,0.96,3.1878,394.518,0.000169986,0.224454691
5.8486,0.97,3.1878,395.558,8.9996e-05,0.225772094
5.8486,0.98,3.1878,396.624,3.9999e-05,0.22703995
5.8486,0.99,3.1878,397.718,1e-05,0.228250489
5.8486,1.0,3.1878,398.839,0.0,0.229403914
3.0923,0.0,5.3952,424.268,0.228616547,0.0
3.0923,0.01,5.3952,423.323,0.225189457,2e-05
3.0923,0.02,5.3952,422.403,0.221750582,7.9997e-05
3.0923,0.03,5.3952,421.509,0.218291801,0.000189982
3.0923,0.04,5.3952,420.64,0.214829082,0.000329946
3.0923,0.05,5.3952,419.794,0.211354331,0.000519865
3.0923,0.06,5.3952,418.97,0.207867464,0.000759711
3.0923,0.07,5.3952,418.168,0.204384699,0.00102947
3.0923,0.08,5.3952,417.387,0.200889762,0.001359076
3.0923,0.09,5.3952,416.627,0.197390777,0.001728505
3.0923,0.1,5.3952,415.885,0.193895981,0.002137713
3.0923,0.11,5.3952,415.163,0.19040546,0.0026066
3.0923,0.12,5.3952,414.458,0.186911009,0.003115143
3.0923,0.13,5.3952,413.771,0.183420952,0.003673245
3.0923,0.14,5.3952,413.101,0.179935379,0.004270867
3.0923,0.15,5.3952,412.447,0.176462761,0.004927838
3.0923,0.16,5.3952,411.809,0.172994865,0.005634099
3.0923,0.17,5.3952,411.185,0.169531782,0.006389543
3.0923,0.18,5.3952,410.576,0.166082074,0.007194061
3.0923,0.19,5.3952,409.981,0.162645921,0.008057451
3.0923,0.2,5.3952,409.4,0.159223506,0.008959741
3.0923,0.21,5.3952,408.832,0.155815008,0.009920627
3.0923,0.22,5.3952,408.276,0.152420613,0.01093994
3.0923,0.23,5.3952,407.732,0.149049118,0.012007619
3.0923,0.24,5.3952,407.201,0.145683506,0.013123509
3.0923,0.25,5.3952,406.68,0.142349895,0.014297305
3.0923,0.26,5.3952,406.171,0.139022539,0.015528802
3.0923,0.27,5.3952,405.672,0.135727729,0.016807952
3.0923,0.28,5.3952,405.183,0.132448306,0.01814439
3.0923,0.29,5.3952,404.704,0.129193246,0.019537886
3.0923,0.3,5.3952,404.235,0.125962823,0.020988199
3.0923,0.31,5.3952,403.776,0.12275731,0.022495078
3.0923,0.32,5.3952,403.325,0.119576981,0.024058265
3.0923,0.33,5.3952,402.882,0.11642211,0.025677493
3.0923,0.34,5.3952,402.449,0.113301899,0.027362217
3.0923,0.35,5.3952,402.023,0.110198792,0.029092674
3.0923,0.36,5.3952,401.605,0.107130948,0.030888016
3.0923,0.37,5.3952,401.195,0.10409872,0.032738209
3.0923,0.38,5.3952,400.792,0.101084386,0.034652603
3.0923,0.39,5.3952,400.396,0.098115333,0.036621183
3.0923,0.4,5.3952,400.007,0.095164715,0.038653244
3.0923,0.41,5.3952,399.625,0.092260078,0.040748392
3.0923,0.42,5.3952,399.249,0.089383561,0.042896641
3.0923,0.43,5.3952,398.88,0.086544601,0.045116759
3.0923,0.44,5.3952,398.516,0.083734347,0.047389183
3.0923,0.45,5.3952,398.159,0.080962285,0.049723062
3.0923,0.46,5.3952,397.807,0.078228756,0.052117954
3.0923,0.47,5.3952,397.461,0.075534098,0.054573409
3.0923,0.48,5.3952,397.12,0.072869348,0.057098412
3.0923,0.49,5.3952,396.784,0.07025341,0.059683002
3.0923,0.5,5.3952,396.453,0.06767734,0.062326702
3.0923,0.51,5.3952,396.127,0.065132095,0.065038396
3.0923,0.52,5.3952,395.805,0.062636714,0.06780817
3.0923,0.53,5.3952,395.489,0.060172755,0.07064484
3.0923,0.54,5.3952,395.176,0.057759344,0.073538524
3.0923,0.55,5.3952,394.868,0.055387402,0.076507234
3.0923,0.56,5.3952,394.564,0.053047754,0.079531808
3.0923,0.57,5.3952,394.264,0.050759652,0.08262092
3.0923,0.58,5.3952,393.968,0.048523462,0.085783123
3.0923,0.59,5.3952,393.676,0.04632045,0.0889994
3.0923,0.6,5.3952,393.387,0.044169984,0.092287434
3.0923,0.61,5.3952,393.102,0.042062824,0.095637399
3.0923,0.62,5.3952,392.82,0.039999256,0.099057695
3.0923,0.63,5.3952,392.542,0.037979559,0.102538538
3.0923,0.64,5.3952,392.267,0.036013653,0.106079257
3.0923,0.65,5.3952,391.995,0.0340922,0.109688138
3.0923,0.66,5.3952,391.726,0.032225147,0.113373327
3.0923,0.67,5.3952,391.459,0.030403106,0.117116147
3.0923,0.68,5.3952,391.196,0.028626329,0.120924762
3.0923,0.69,5.3952,390.935,0.026904798,0.124798371
3.0923,0.7,5.3952,390.677,0.025229054,0.128736164
3.0923,0.71,5.3952,390.422,0.023609099,0.132737327
3.0923,0.72,5.3952,390.169,0.022035427,0.136809763
3.0923,0.73,5.3952,389.919,0.020508261,0.140943852
3.0923,0.74,5.3952,389.67,0.019037629,0.145147415
3.0923,0.75,5.3952,389.425,0.017623785,0.149419505
3.0923,0.76,5.3952,389.181,0.016257134,0.1537506
3.0923,0.77,5.3952,388.939,0.014947724,0.158148393
3.0923,0.78,5.3952,388.699,0.013685919,0.162611925
3.0923,0.79,5.3952,388.462,0.012481778,0.167140235
3.0923,0.8,5.3952,388.226,0.01133551,0.171732355
3.0923,0.81,5.3952,387.992,0.010237418,0.176387317
3.0923,0.82,5.3952,387.76,0.009197572,0.181112493
3.0923,0.83,5.3952,387.53,0.008206237,0.185890182
3.0923,0.84,5.3952,387.301,0.007273484,0.190744319
3.0923,0.85,5.3952,387.074,0.00639948,0.19565724
3.0923,0.86,5.3952,386.848,0.005574434,0.200627967
3.0923,0.87,5.3952,386.624,0.004808421,0.205663664
3.0923,0.88,5.3952,386.402,0.004101577,0.21076323
3.0923,0.89,5.3952,386.181,0.003444062,0.215925564
3.0923,0.9,5.3952,385.961,0.002845946,0.221149565
3.0923,0.91,5.3952,385.742,0.002307336,0.226434131
3.0923,0.92,5.3952,385.525,0.001828328,0.231770234
3.0923,0.93,5.3952,385.309,0.001399021,0.237172681
3.0923,0.94,5.3952,385.095,0.00102947,0.242632404
3.0923,0.95,5.3952,384.881,0.000709748,0.248156113
3.0923,0.96,5.3952,384.669,0.000459894,0.253727071
3.0923,0.97,5.3952,384.457,0.000259966,0.259359755
3.0923,0.98,5.3952,384.247,0.000109994,0.265045283
3.0923,0.99,5.3952,384.038,3e-05,0.270790205
3.0923,1.0,5.3952,383.829,0.0,0.276585735
5.3952,0.0,3.0923,383.829,0.276585735,0.0
5.3952,0.01,3.0923,384.038,0.270790205,3e-05
5.3952,0.02,3.0923,384.247,0.265045283,0.000109994
5.3952,0.03,3.0923,384.457,0.259359755,0.000259966
5.3952,0.04,3.0923,384.669,0.253727071,0.000459894
5.3952,0.05,3.0923,384.881,0.248156113,0.000709748
5.3952,0.06,3.0923,385.095,0.242632404,0.00102947
5.3952,0.07,3.0923,385.309,0.237172681,0.001399021
5.3952,0.08,3.0923,385.525,0.231770234,0.001828328
5.3952,0.09,3.0923,385.742,0.226434131,0.002307336
5.3952,0.1,3.0923,385.961,0.221149565,0.002845946
5.3952,0.11,3.0923,386.181,0.215925564,0.003444062
5.3952,0.12,3.0923,386.402,0.21076323,0.004101577
5.3952,0.13,3.0923,386.624,0.205663664,0.004808421
5.3952,0.14,3.0923,386.848,0.200627967,0.005574434
5.3952,0.15,3.0923,387.074,0.19565724,0.00639948
5.3952,0.16,3.0923,387.301,0.190744319,0.007273484
5.3952,0.17,3.0923,387.53,0.185890182,0.008206237
5.3952,0.18,3.0923,387.76,0.181112493,0.009197572
5.3952,0.19,3.0923,387.992,0.176387317,0.010237418
5.3952,0.2,3.0923,388.226,0.171732355,0.01133551
5.3952,0.21,3.0923,388.462,0.167140235,0.012481778
5.3952,0.22,3.0923,388.699,0.162611925,0.013685919
5.3952,0.23,3.0923,388.939,0.158148393,0.014947724
5.3952,0.24,3.0923,389.181,0.1537506,0.016257134
5.3952,0.25,3.0923,389.425,0.149419505,0.017623785
5.3952,0.26,3.0923,389.67,0.145147415,0.019037629
5.3952,0.27,3.0923,389.919,0.140943852,0.020508261
5.3952,0.28,3.0923,390.169,0.136809763,0.022035427
5.3952,0.29,3.0923,390.422,0.132737327,0.023609099
5.3952,0.3,3.0923,390.677,0.128736164,0.025229054
5.3952,0.31,3.0923,390.935,0.124798371,0.026904798
5.3952,0.32,3.0923,391.196,0.120924762,0.028626329
5.3952,0.33,3.0923,391.459,0.117116147,0.030403106
5.3952,0.34,3.0923,391.726,0.113373327,0.032225147
5.3952,0.35,3.0923,391.995,0.109688138,0.0340922
5.3952,0.36,3.0923,392.267,0.106079257,0.036013653
5.3952,0.37,3.0923,392.542,0.102538538,0.037979559
5.3952,0.38,3.0923,392.82,0.099057695,0.039999256
5.3952,0.39,3.0923,393.102,0.095637399,0.042062824
5.3952,0.4,3.0923,393.387,0.092287434,0.044169984
5.3952,0.41,3.0923,393.676,0.0889994,0.04632045
5.3952,0.42,3.0923,393.968,0.085783123,0.048523462
5.3952,0.43,3.0923,394.264,0.08262092,0.050759652
5.3952,0.44,3.0923,394.564,0.079531808,0.053047754
5.3952,0.45,3.0923,394.868,0.076507234,0.055387402
5.3952,0.46,3.0923,395.176,0.073538524,0.057759344
5.3952,0.47,3.0923,395.489,0.07064484,0.060172755
5.3952,0.48,3.0923,395.805,0.06780817,0.062636714
5.3952,0.49,3.0923,396.127,0.065038396,0.065132095
5.3952,0.5,3.0923,396.453,0.062326702,0.06767734
5.3952,0.51,3.0923,396.784,0.059683002,0.07025341
5.3952,0.52,3.0923,397.12,0.057098412,0.072869348
5.3952,0.53,3.0923,397.461,0.054573409,0.075534098
5.3952,0.54,3.0923,397.807,0.052117954,0.078228756
5.3952,0.55,3.0923,398.159,0.049723062,0.080962285
5.3952,0.56,3.0923,398.516,0.047389183,0.083734347
5.3952,0.57,3.0923,398.88,0.045116759,0.086544601
5.3952,0.58,3.0923,399.249,0.042896641,0.089383561
5.3952,0.59,3.0923,399.625,0.040748392,0.092260078
5.3952,0.6,3.0923,400.007,0.038653244,0.095164715
5.3952,0.61,3.0923,400.396,0.036621183,0.098115333
5.3952,0.62,3.0923,400.792,0.034652603,0.101084386
5.3952,0.63,3.0923,401.195,0.032738209,0.10409872
5.3952,0.64,3.0923,401.605,0.030888016,0.107130948
5.3952,0.65,3.0923,402.023,0.029092674,0.110198792
5.3952,0.66,3.0923,402.449,0.027362217,0.113301899
5.3952,0.67,3.0923,402.882,0.025677493,0.11642211
5.3952,0.68,3.0923,403.325,0.024058265,0.119576981
5.3952,0.69,3.0923,403.776,0.022495078,0.12275731
5.3952,0.7,3.0923,404.235,0.020988199,0.125962823
5.3952,0.71,3.0923,404.704,0.019537886,0.129193246
5.3952,0.72,3.0923,405.183,0.01814439,0.132448306
5.3952,0.73,3.0923,405.672,0.016807952,0.135727729
5.3952,0.74,3.0923,406.171,0.015528802,0.139022539
5.3952,0.75,3.0923,406.68,0.014297305,0.142349895
5.3952,0.76,3.0923,407.201,0.013123509,0.145683506
5.3952,0.77,3.0923,407.732,0.012007619,0.149049118
5.3952,0.78,3.0923,408.276,0.01093994,0.152420613
5.3952,0.79,3.0923,408.832,0.009920627,0.155815008
5.3952,0.8,3.0923,409.4,0.008959741,0.159223506
5.3952,0.81,3.0923,409.981,0.008057451,0.162645921
5.3952,0.82,3.0923,410.576,0.007194061,0.166082074
5.3952,0.83,3.0923,411.185,0.006389543,0.169531782
5.3952,0.84,3.0923,411.809,0.005634099,0.172994865
5.3952,0.85,3.0923,412.447,0.004927838,0.176462761
5.3952,0.86,3.0923,413.101,0.004270867,0.179935379
5.3952,0.87,3.0923,413.771,0.003673245,0.183420952
5.3952,0.88,3.0923,414.458,0.003115143,0.186911009
5.3952,0.89,3.0923,415.163,0.0026066,0.19040546
5.3952,0.9,3.0923,415.885,0.002137713,0.193895981
5.3952,0.91,3.0923,416.627,0.001728505,0.197390777
5.3952,0.92,3.0923,417.387,0.001359076,0.200889762
5.3952,0.93,3.0923,418.168,0.00102947,0.204384699
5.3952,0.94,3.0923,418.97,0.000759711,0.207867464
5.3952,0.95,3.0923,419.794,0.000519865,0.211354331
5.3952,0.96,3.0923,420.64,0.000329946,0.214829082
5.3952,0.97,3.0923,421.509,0.000189982,0.218291801
5.3952,0.98,3.0923,422.403,7.9997e-05,0.221750582
5.3952,0.99,3.0923,423.323,2e-05,0.225189457
5.3952,1.0,3.0923,424.268,0.0,0.228616547
3.0923,0.0,7.8718,469.086,0.099419905,0.0
3.0923,0.01,7.8718,466.673,0.099953926,0.0
3.0923,0.02,7.8718,464.327,0.100424353,2e-05
3.0923,0.03,7.8718,462.048,0.100822233,3.9999e-05
3.0923,0.04,7.8718,459.836,0.101156692,6.9998e-05
3.0923,0.05,7.8718,457.69,0.101418757,0.000109994
3.0923,0.06,7.8718,455.608,0.101617519,0.000159987
3.0923,0.07,7.8718,453.589,0.101743984,0.000229974
3.0923,0.08,7.8718,451.632,0.10180721,0.000309952
3.0923,0.09,7.8718,449.735,0.10180721,0.000409916
3.0923,0.1,7.8718,447.897,0.101753016,0.000519865
3.0923,0.11,7.8718,446.115,0.101626553,0.000649789
3.0923,0.12,7.8718,444.388,0.101445863,0.000789688
3.0923,0.13,7.8718,442.714,0.101201881,0.000959539
3.0923,0.14,7.8718,441.092,0.100894558,0.001139351
3.0923,0.15,7.8718,439.519,0.100541925,0.00134909
3.0923,0.16,7.8718,437.995,0.100125839,0.001578753
3.0923,0.17,7.8718,436.516,0.099664323,0.001828328
3.0923,0.18,7.8718,435.082,0.099139203,0.002107777
3.0923,0.19,7.8718,433.691,0.098568502,0.002407101
3.0923,0.2,7.8718,432.341,0.097952141,0.00272628
3.0923,0.21,7.8718,431.03,0.097280964,0.003085236
3.0923,0.22,7.8718,429.758,0.096563939,0.003463993
3.0923,0.23,7.8718,428.523,0.095800968,0.003882454
3.0923,0.24,7.8718,427.322,0.095001041,0.004320653
3.0923,0.25,7.8718,426.156,0.094145866,0.004798469
3.0923,0.26,7.8718,425.023,0.093253521,0.005305899
3.0923,0.27,7.8718,423.92,0.092323907,0.005852839
3.0923,0.28,7.8718,422.848,0.091356921,0.006439224
3.0923,0.29,7.8718,421.806,0.09034332,0.007055054
3.0923,0.3,7.8718,420.791,0.089292107,0.0077102
3.0923,0.31,7.8718,419.803,0.088212322,0.008404582
3.0923,0.32,7.8718,418.841,0.087094707,0.009148029
3.0923,0.33,7.8718,417.904,0.085948312,0.009930529
3.0923,0.34,7.8718,416.991,0.084763853,0.01075199
3.0923,0.35,7.8718,416.101,0.083541196,0.011632084
3.0923,0.36,7.8718,415.233,0.082298623,0.012550907
3.0923,0.37,7.8718,414.387,0.081026839,0.013518216
3.0923,0.38,7.8718,413.562,0.079725734,0.014543725
3.0923,0.39,7.8718,412.757,0.078395197,0.015617411
3.0923,0.4,7.8718,411.97,0.077035112,0.01674895
3.0923,0.41,7.8718,411.203,0.075654633,0.017928323
3.0923,0.42,7.8718,410.453,0.074253676,0.019174979
3.0923,0.43,7.8718,409.721,0.072822861,0.020478869
3.0923,0.44,7.8718,409.005,0.071380685,0.021849551
3.0923,0.45,7.8718,408.306,0.069908452,0.023276977
3.0923,0.46,7.8718,407.622,0.06842471,0.024770658
3.0923,0.47,7.8718,406.953,0.066910705,0.026340035
3.0923,0.48,7.8718,406.298,0.065394405,0.027975024
3.0923,0.49,7.8718,405.658,0.063847658,0.029685008
3.0923,0.5,7.8718,405.031,0.062298514,0.031469597
3.0923,0.51,7.8718,404.418,0.060728146,0.033328387
3.0923,0.52,7.8718,403.817,0.059145882,0.035270614
3.0923,0.53,7.8718,403.228,0.057561111,0.037286151
3.0923,0.54,7.8718,402.651,0.055954912,0.039393775
3.0923,0.55,7.8718,402.085,0.05434613,0.041592897
3.0923,0.56,7.8718,401.531,0.052725269,0.043873334
3.0923,0.57,7.8718,400.987,0.051101776,0.046253617
3.0923,0.58,7.8718,400.454,0.049466126,0.048723495
3.0923,0.59,7.8718,399.93,0.047837329,0.051301294
3.0923,0.6,7.8718,399.417,0.046196327,0.053976691
3.0923,0.61,7.8718,398.912,0.044562191,0.056748886
3.0923,0.62,7.8718,398.417,0.042925381,0.059635898
3.0923,0.63,7.8718,397.93,0.041285887,0.062636714
3.0923,0.64,7.8718,397.452,0.039653312,0.065750287
3.0923,0.65,7.8718,396.982,0.038027694,0.068975538
3.0923,0.66,7.8718,396.52,0.036409072,0.072329964
3.0923,0.67,7.8718,396.066,0.034787825,0.075802963
3.0923,0.68,7.8718,395.619,0.033192967,0.079411739
3.0923,0.69,7.8718,395.179,0.031595562,0.083154783
3.0923,0.7,7.8718,394.745,0.030015009,0.087030543
3.0923,0.71,7.8718,394.319,0.028451393,0.091037428
3.0923,0.72,7.8718,393.898,0.026904798,0.095201083
3.0923,0.73,7.8718,393.484,0.025375306,0.099510437
3.0923,0.74,7.8718,393.076,0.023872764,0.103972553
3.0923,0.75,7.8718,392.673,0.022387519,0.108594281
3.0923,0.76,7.8718,392.276,0.02091965,0.113373327
3.0923,0.77,7.8718,391.884,0.019488853,0.118325111
3.0923,0.78,7.8718,391.497,0.018085468,0.123446965
3.0923,0.79,7.8718,391.115,0.016709614,0.128744956
3.0923,0.8,7.8718,390.737,0.015371255,0.134224902
3.0923,0.81,7.8718,390.364,0.014070544,0.139883674
3.0923,0.82,7.8718,389.994,0.012807631,0.145744014
3.0923,0.83,7.8718,389.629,0.011582661,0.151793618
3.0923,0.84,7.8718,389.268,0.010405673,0.158054479
3.0923,0.85,7.8718,388.91,0.009276837,0.164513938
3.0923,0.86,7.8718,388.555,0.008196318,0.171193199
3.0923,0.87,7.8718,388.203,0.007164275,0.178087606
3.0923,0.88,7.8718,387.855,0.006190797,0.185209051
3.0923,0.89,7.8718,387.509,0.00526611,0.192560625
3.0923,0.9,7.8718,387.165,0.004420216,0.200145103
3.0923,0.91,7.8718,386.824,0.003623427,0.207973059
3.0923,0.92,7.8718,386.486,0.002905774,0.216046426
3.0923,0.93,7.8718,386.149,0.00225745,0.224374793
3.0923,0.94,7.8718,385.814,0.00167859,0.23295922
3.0923,0.95,7.8718,385.48,0.001179304,0.241808277
3.0923,0.96,7.8718,385.148,0.000769704,0.25092991
3.0923,0.97,7.8718,384.817,0.000439903,0.260323722
3.0923,0.98,7.8718,384.487,0.00019998,0.270004236
3.0923,0.99,7.8718,384.158,4.9999e-05,0.279962352
3.0923,1.0,7.8718,383.829,0.0,0.290218852
7.8718,0.0,3.0923,383.829,0.290218852,0.0
7.8718,0.01,3.0923,384.158,0.279962352,4.9999e-05
7.8718,0.02,3.0923,384.487,0.270004236,0.00019998
7.8718,0.03,3.0923,384.817,0.260323722,0.000439903
7.8718,0.04,3.0923,385.148,0.25092991,0.000769704
7.8718,0.05,3.0923,385.48,0.241808277,0.001179304
7.8718,0.06,3.0923,385.814,0.23295922,0.00167859
7.8718,0.07,3.0923,386.149,0.224374793,0.00225745
7.8718,0.08,3.0923,386.486,0.216046426,0.002905774
7.8718,0.09,3.0923,386.824,0.207973059,0.003623427
7.8718,0.1,3.0923,387.165,0.200145103,0.004420216
7.8718,0.11,3.0923,387.509,0.192560625,0.00526611
7.8718,0.12,3.0923,387.855,0.185209051,0.006190797
7.8718,0.13,3.0923,388.203,0.178087606,0.007164275
7.8718,0.14,3.0923,388.555,0.171193199,0.008196318
7.8718,0.15,3.0923,388.91,0.164513938,0.009276837
7.8718,0.16,3.0923,389.268,0.158054479,0.010405673
7.8718,0.17,3.0923,389.629,0.151793618,0.011582661
7.8718,0.18,3.0923,389.994,0.145744014,0.012807631
7.8718,0.19,3.0923,390.364,0.139883674,0.014070544
7.8718,0.2,3.0923,390.737,0.134224902,0.015371255
7.8718,0.21,3.0923,391.115,0.128744956,0.016709614
7.8718,0.22,3.0923,391.497,0.123446965,0.018085468
7.8718,0.23,3.0923,391.884,0.118325111,0.019488853
7.8718,0.24,3.0923,392.276,0.113373327,0.02091965
7.8718,0.25,3.0923,392.673,0.108594281,0.022387519
7.8718,0.26,3.0923,393.076,0.103972553,0.023872764
7.8718,0.27,3.0923,393.484,0.099510437,0.025375306
7.8718,0.28,3.0923,393.898,0.095201083,0.026904798
7.8718,0.29,3.0923,394.319,0.091037428,0.028451393
7.8718,0.3,3.0923,394.745,0.087030543,0.030015009
7.8718,0.31,3.0923,395.179,0.083154783,0.031595562
7.8718,0.32,3.0923,395.619,0.079411739,0.033192967
7.8718,0.33,3.0923,396.066,0.075802963,0.034787825
7.8718,0.34,3.0923,396.52,0.072329964,0.036409072
7.8718,0.35,3.0923,396.982,0.068975538,0.038027694
7.8718,0.36,3.0923,397.452,0.065750287,0.039653312
7.8718,0.37,3.0923,397.93,0.062636714,0.041285887
7.8718,0.38,3.0923,398.417,0.059635898,0.042925381
7.8718,0.39,3.0923,398.912,0.056748886,0.044562191
7.8718,0.4,3.0923,399.417,0.053976691,0.046196327
7.8718,0.41,3.0923,399.93,0.051301294,0.047837329
7.8718,0.42,3.0923,400.454,0.048723495,0.049466126
7.8718,0.43,3.0923,400.987,0.046253617,0.051101776
7.8718,0.44,3.0923,401.531,0.043873334,0.052725269
7.8718,0.45,3.0923,402.085,0.041592897,0.05434613
7.8718,0.46,3.0923,402.651,0.039393775,0.055954912
7.8718,0.47,3.0923,403.228,0.037286151,0.057561111
7.8718,0.48,3.0923,403.817,0.035270614,0.059145882
7.8718,0.49,3.0923,404.418,0.033328387,0.060728146
7.8718,0.5,3.0923,405.031,0.031469597,0.062298514
7.8718,0.51,3.0923,405.658,0.029685008,0.063847658
7.8718,0.52,3.0923,406.298,0.027975024,0.065394405
7.8718,0.53,3.0923,406.953,0.026340035,0.066910705
7.8718,0.54,3.0923,407.622,0.024770658,0.06842471
7.8718,0.55,3.0923,408.306,0.023276977,0.069908452
7.8718,0.56,3.0923,409.005,0.021849551,0.071380685
7.8718,0.57,3.0923,409.721,0.020478869,0.072822861
7.8718,0.58,3.0923,410.453,0.019174979,0.074253676
7.8718,0.59,3.0923,411.203,0.017928323,0.075654633
7.8718,0.6,3.0923,411.97,0.01674895,0.077035112
7.8718,0.61,3.0923,412.757,0.015617411,0.078395197
7.8718,0.62,3.0923,413.562,0.014543725,0.079725734
7.8718,0.63,3.0923,414.387,0.013518216,0.081026839
7.8718,0.64,3.0923,415.233,0.012550907,0.082298623
7.8718,0.65,3.0923,416.101,0.011632084,0.083541196
7.8718,0.66,3.0923,416.991,0.01075199,0.084763853
7.8718,0.67,3.0923,417.904,0.009930529,0.085948312
7.8718,0.68,3.0923,418.841,0.009148029,0.087094707
7.8718,0.69,3.0923,419.803,0.008404582,0.088212322
7.8718,0.7,3.0923,420.791,0.0077102,0.089292107
7.8718,0.71,3.0923,421.806,0.007055054,0.09034332
7.8718,0.72,3.0923,422.848,0.006439224,0.091356921
7.8718,0.73,3.0923,423.92,0.005852839,0.092323907
7.8718,0.74,3.0923,425.023,0.005305899,0.093253521
7.8718,0.75,3.0923,426.156,0.004798469,0.094145866
7.8718,0.76,3.0923,427.322,0.004320653,0.095001041
7.8718,0.77,3.0923,428.523,0.003882454,0.095800968
7.8718,0.78,3.0923,429.758,0.003463993,0.096563939
7.8718,0.79,3.0923,431.03,0.003085236,0.097280964
7.8718,0.8,3.0923,432.341,0.00272628,0.097952141
7.8718,0.81,3.0923,433.691,0.002407101,0.098568502
7.8718,0.82,3.0923,435.082,0.002107777,0.099139203
7.8718,0.83,3.0923,436.516,0.001828328,0.099664323
7.8718,0.84,3.0923,437.995,0.001578753,0.100125839
7.8718,0.85,3.0923,439.519,0.00134909,0.100541925
7.8718,0.86,3.0923,441.092,0.001139351,0.100894558
7.8718,0.87,3.0923,442.714,0.000959539,0.101201881
7.8718,0.88,3.0923,444.388,0.000789688,0.101445863
7.8718,0.89,3.0923,446.115,0.000649789,0.101626553
7.8718,0.9,3.0923,447.897,0.000519865,0.101753016
7.8718,0.91,3.0923,449.735,0.000409916,0.10180721
7.8718,0.92,3.0923,451.632,0.000309952,0.10180721
7.8718,0.93,3.0923,453.589,0.000229974,0.101743984
7.8718,0.94,3.0923,455.608,0.000159987,0.101617519
7.8718,0.95,3.0923,457.69,0.000109994,0.101418757
7.8718,0.96,3.0923,459.836,6.9998e-05,0.101156692
7.8718,0.97,3.0923,462.048,3.9999e-05,0.100822233
7.8718,0.98,3.0923,464.327,2e-05,0.100424353
7.8718,0.99,3.0923,466.673,0.0,0.099953926
7.8718,1.0,3.0923,469.086,0.0,0.099419905
1.4311,0.0,9.9262,539.774,0.500666191,0.0
1.4311,0.01,9.9262,491.148,0.626847109,2e-05
1.4311,0.02,9.9262,453.305,0.738173126,0.000119993
1.4311,0.03,9.9262,430.826,0.808126289,0.000319949
1.4311,0.04,9.9262,416.139,0.85352983,0.000639795
1.4311,0.05,9.9262,405.627,0.884428479,0.001099395
1.4311,0.06,9.9262,397.62,0.905981777,0.001698557
1.4311,0.07,9.9262,391.251,0.921051382,0.002447004
1.4311,0.08,9.9262,386.027,0.931380309,0.003364334
1.4311,0.09,9.9262,381.64,0.938087448,0.004440128
1.4311,0.1,9.9262,377.891,0.941946783,0.005683816
1.4311,0.11,9.9262,374.639,0.943508933,0.007114631
1.4311,0.12,9.9262,371.7875,0.943174114,0.008721854
1.4311,0.13,9.9262,369.2622,0.941256478,0.010524423
1.4311,0.14,9.9262,367.0082,0.937993514,0.012521281
1.4311,0.15,9.9262,364.9827,0.933576469,0.014721111
1.4311,0.16,9.9262,363.152,0.928163965,0.017122569
1.4311,0.17,9.9262,361.4891,0.921879088,0.019743802
1.4311,0.18,9.9262,359.9721,0.914829665,0.022573295
1.4311,0.19,9.9262,358.583,0.907100632,0.025638507
1.4311,0.2,9.9262,357.3066,0.898774209,0.028927535
1.4311,0.21,9.9262,356.1305,0.889905688,0.032447829
1.4311,0.22,9.9262,355.0439,0.880559922,0.036216204
1.4311,0.23,9.9262,354.0376,0.870778589,0.040229819
1.4311,0.24,9.9262,353.1038,0.860604645,0.04449524
1.4311,0.25,9.9262,352.2357,0.850082551,0.049028231
1.4311,0.26,9.9262,351.4273,0.839236886,0.053815611
1.4311,0.27,9.9262,350.6735,0.828101935,0.058881928
1.4311,0.28,9.9262,349.9696,0.816704623,0.064222846
1.4311,0.29,9.9262,349.3115,0.805064156,0.069852502
1.4311,0.3,9.9262,348.6957,0.793205163,0.075775153
1.4311,0.31,9.9262,348.1189,0.7811489,0.081994648
1.4311,0.32,9.9262,347.5783,0.768913063,0.088532719
1.4311,0.33,9.9262,347.0711,0.756506882,0.095382904
1.4311,0.34,9.9262,346.5952,0.743949604,0.102556588
1.4311,0.35,9.9262,346.1482,0.7312567,0.110064435
1.4311,0.36,9.9262,345.7284,0.718439613,0.117907472
1.4311,0.37,9.9262,345.3339,0.70551044,0.126112692
1.4311,0.38,9.9262,344.9631,0.692476956,0.134679483
1.4311,0.39,9.9262,344.6146,0.67935247,0.143615378
1.4311,0.4,9.9262,344.2869,0.666140768,0.152927074
1.4311,0.41,9.9262,343.9789,0.652856295,0.162637422
1.4311,0.42,9.9262,343.6893,0.639503758,0.172750904
1.4311,0.43,9.9262,343.4172,0.626093499,0.183287757
1.4311,0.44,9.9262,343.1614,0.612636447,0.194241893
1.4311,0.45,9.9262,342.9212,0.599127667,0.205647382
1.4311,0.46,9.9262,342.6955,0.585584241,0.217503677
1.4311,0.47,9.9262,342.4837,0.572007267,0.229833126
1.4311,0.48,9.9262,342.285,0.558403625,0.242640249
1.4311,0.49,9.9262,342.0987,0.544786374,0.255951438
1.4311,0.5,9.9262,341.924,0.531145764,0.269782833
1.4311,0.51,9.9262,341.7604,0.517501292,0.284148336
1.4311,0.52,9.9262,341.6073,0.503849346,0.299059602
1.4311,0.53,9.9262,341.4641,0.490204462,0.314547932
1.4311,0.54,9.9262,341.3304,0.476563317,0.330619428
1.4311,0.55,9.9262,341.2055,0.462934955,0.34731326
1.4311,0.56,9.9262,341.089,0.449322491,0.364629225
1.4311,0.57,9.9262,340.9805,0.435729163,0.382612635
1.4311,0.58,9.9262,340.8794,0.422164887,0.401269653
1.4311,0.59,9.9262,340.7854,0.408633417,0.420636111
1.4311,0.6,9.9262,340.6981,0.39513864,0.440742158
1.4311,0.61,9.9262,340.617,0.381691407,0.461605967
1.4311,0.62,9.9262,340.5418,0.368282317,0.483259136
1.4311,0.63,9.9262,340.4721,0.354936434,0.505744738
1.4311,0.64,9.9262,340.4075,0.341644551,0.529085886
1.4311,0.65,9.9262,340.3476,0.328418463,0.553321736
1.4311,0.66,9.9262,340.2921,0.315263192,0.578488011
1.4311,0.67,9.9262,340.2406,0.302183911,0.604627394
1.4311,0.68,9.9262,340.1928,0.289185941,0.631787601
1.4311,0.69,9.9262,340.1482,0.276282342,0.66000913
1.4311,0.7,9.9262,340.1067,0.263479028,0.689334923
1.4311,0.71,9.9262,340.0676,0.250782064,0.719828059
1.4311,0.72,9.9262,340.0305,0.238197667,0.751538723
1.4311,0.73,9.9262,339.9959,0.225740177,0.784517792
1.4311,0.74,9.9262,339.9627,0.213416396,0.818836656
1.4311,0.75,9.9262,339.93,0.201225087,0.854564253
1.4311,0.76,9.9262,339.8981,0.189197861,0.891768505
1.4311,0.77,9.9262,339.8665,0.17733414,0.930521
1.4311,0.78,9.9262,339.8347,0.165641549,0.970911484
1.4311,0.79,9.9262,339.8022,0.154144966,1.013028982
1.4311,0.8,9.9262,339.7686,0.142852813,1.056963564
1.4311,0.81,9.9262,339.7343,0.131782364,1.102816771
1.4311,0.82,9.9262,339.6956,0.120942484,1.150711258
1.4311,0.83,9.9262,339.6552,0.110368952,1.200756638
1.4311,0.84,9.9262,339.6115,0.100062506,1.253082917
1.4311,0.85,9.9262,339.5636,0.090060058,1.307832695
1.4311,0.86,9.9262,339.511,0.080381112,1.365157544
1.4311,0.87,9.9262,339.4529,0.07104543,1.425224167
1.4311,0.88,9.9262,339.3884,0.06209178,1.488212208
1.4311,0.89,9.9262,339.3166,0.053540767,1.554320473
1.4311,0.9,9.9262,339.2366,0.045441707,1.623762819
1.4311,0.91,9.9262,339.1472,0.037815881,1.69677457
1.4311,0.92,9.9262,339.0474,0.030723173,1.773615865
1.4311,0.93,9.9262,338.9358,0.024204689,1.854571501
1.4311,0.94,9.9262,338.8111,0.01831132,1.939953874
1.4311,0.95,9.9262,338.6716,0.013103769,2.030109481
1.4311,0.96,9.9262,338.5156,0.008642545,2.125420616
1.4311,0.97,9.9262,338.3412,0.005017392,2.226308617
1.4311,0.98,9.9262,338.1462,0.002307336,2.333240381
1.4311,0.99,9.9262,337.9283,0.00059982,2.446746041
1.4311,1.0,9.9262,337.6848,0.0,2.567400198
9.9262,0.0,1.4311,337.6848,2.567400198,0.0
9.9262,0.01,1.4311,337.9283,2.446746041,0.00059982
9.9262,0.02,1.4311,338.1462,2.333240381,0.002307336
9.9262,0.03,1.4311,338.3412,2.226308617,0.005017392
9.9262,0.04,1.4311,338.5156,2.125420616,0.008642545
9.9262,0.05,1.4311,338.6716,2.030109481,0.013103769
9.9262,0.06,1.4311,338.8111,1.939953874,0.01831132
9.9262,0.07,1.4311,338.9358,1.854571501,0.024204689
9.9262,0.08,1.4311,339.0474,1.773615865,0.030723173
9.9262,0.09,1.4311,339.1472,1.69677457,0.037815881
9.9262,0.1,1.4311,339.2366,1.623762819,0.045441707
9.9262,0.11,1.4311,339.3166,1.554320473,0.053540767
9.9262,0.12,1.4311,339.3884,1.488212208,0.06209178
9.9262,0.13,1.4311,339.4529,1.425224167,0.07104543
9.9262,0.14,1.4311,339.511,1.365157544,0.080381112
9.9262,0.15,1.4311,339.5636,1.307832695,0.090060058
9.9262,0.16,1.4311,339.6115,1.253082917,0.100062506
9.9262,0.17,1.4311,339.6552,1.200756638,0.110368952
9.9262,0.18,1.4311,339.6956,1.150711258,0.120942484
9.9262,0.19,1.4311,339.7343,1.102816771,0.131782364
9.9262,0.2,1.4311,339.7686,1.056963564,0.142852813
9.9262,0.21,1.4311,339.8022,1.013028982,0.154144966
9.9262,0.22,1.4311,339.8347,0.970911484,0.165641549
9.9262,0.23,1.4311,339.8665,0.930521,0.17733414
9.9262,0.24,1.4311,339.8981,0.891768505,0.189197861
9.9262,0.25,1.4311,339.93,0.854564253,0.201225087
9.9262,0.26,1.4311,339.9627,0.818836656,0.213416396
9.9262,0.27,1.4311,339.9959,0.784517792,0.225740177
9.9262,0.28,1.4311,340.0305,0.751538723,0.238197667
9.9262,0.29,1.4311,340.0676,0.719828059,0.250782064
9.9262,0.3,1.4311,340.1067,0.689334923,0.263479028
9.9262,0.31,1.4311,340.1482,0.66000913,0.276282342
9.9262,0.32,1.4311,340.1928,0.631787601,0.289185941
9.9262,0.33,1.4311,340.2406,0.604627394,0.302183911
9.9262,0.34,1.4311,340.2921,0.578488011,0.315263192
9.9262,0.35,1.4311,340.3476,0.553321736,0.328418463
9.9262,0.36,1.4311,340.4075,0.529085886,0.341644551
9.9262,0.37,1.4311,340.4721,0.505744738,0.354936434
9.9262,0.38,1.4311,340.5418,0.483259136,0.368282317
9.9262,0.39,1.4311,340.617,0.461605967,0.381691407
9.9262,0.4,1.4311,340.6981,0.440742158,0.39513864
9.9262,0.41,1.4311,340.7854,0.420636111,0.408633417
9.9262,0.42,1.4311,340.8794,0.401269653,0.422164887
9.9262,0.43,1.4311,340.9805,0.382612635,0.435729163
9.9262,0.44,1.4311,341.089,0.364629225,0.449322491
9.9262,0.45,1.4311,341.2055,0.34731326,0.462934955
9.9262,0.46,1.4311,341.3304,0.330619428,0.476563317
9.9262,0.47,1.4311,341.4641,0.314547932,0.490204462
9.9262,0.48,1.4311,341.6073,0.299059602,0.503849346
9.9262,0.49,1.4311,341.7604,0.284148336,0.517501292
9.9262,0.5,1.4311,341.924,0.269782833,0.531145764
9.9262,0.51,1.4311,342.0987,0.255951438,0.544786374
9.9262,0.52,1.4311,342.285,0.242640249,0.558403625
9.9262,0.53,1.4311,342.4837,0.229833126,0.572007267
9.9262,0.54,1.4311,342.6955,0.217503677,0.585584241
9.9262,0.55,1.4311,342.9212,0.205647382,0.599127667
9.9262,0.56,1.4311,343.1614,0.194241893,0.612636447
9.9262,0.57,1.4311,343.4172,0.183287757,0.626093499
9.9262,0.58,1.4311,343.6893,0.172750904,0.639503758
9.9262,0.59,1.4311,343.9789,0.162637422,0.652856295
9.9262,0.6,1.4311,344.2869,0.152927074,0.666140768
9.9262,0.61,1.4311,344.6146,0.143615378,0.67935247
9.9262,0.62,1.4311,344.9631,0.134679483,0.692476956
9.9262,0.63,1.4311,345.3339,0.126112692,0.70551044
9.9262,0.64,1.4311,345.7284,0.117907472,0.718439613
9.9262,0.65,1.4311,346.1482,0.110064435,0.7312567
9.9262,0.66,1.4311,346.5952,0.102556588,0.743949604
9.9262,0.67,1.4311,347.0711,0.095382904,0.756506882
9.9262,0.68,1.4311,347.5783,0.088532719,0.768913063
9.9262,0.69,1.4311,348.1189,0.081994648,0.7811489
9.9262,0.7,1.4311,348.6957,0.075775153,0.793205163
9.9262,0.71,1.4311,349.3115,0.069852502,0.805064156
9.9262,0.72,1.4311,349.9696,0.064222846,0.816704623
9.9262,0.73,1.4311,350.6735,0.058881928,0.828101935
9.9262,0.74,1.4311,351.4273,0.053815611,0.839236886
9.9262,0.75,1.4311,352.2357,0.049028231,0.850082551
9.9262,0.76,1.4311,353.1038,0.04449524,0.860604645
9.9262,0.77,1.4311,354.0376,0.040229819,0.870778589
9.9262,0.78,1.4311,355.0439,0.036216204,0.880559922
9.9262,0.79,1.4311,356.1305,0.032447829,0.889905688
9.9262,0.8,1.4311,357.3066,0.028927535,0.898774209
9.9262,0.81,1.4311,358.583,0.025638507,0.907100632
9.9262,0.82,1.4311,359.9721,0.022573295,0.914829665
9.9262,0.83,1.4311,361.4891,0.019743802,0.921879088
9.9262,0.84,1.4311,363.152,0.017122569,0.928163965
9.9262,0.85,1.4311,364.9827,0.014721111,0.933576469
9.9262,0.86,1.4311,367.0082,0.012521281,0.937993514
9.9262,0.87,1.4311,369.2622,0.010524423,0.941256478
9.9262,0.88,1.4311,371.7875,0.008721854,0.943174114
9.9262,0.89,1.4311,374.639,0.007114631,0.943508933
9.9262,0.9,1.4311,377.891,0.005683816,0.941946783
9.9262,0.91,1.4311,381.64,0.004440128,0.938087448
9.9262,0.92,1.4311,386.027,0.003364334,0.931380309
9.9262,0.93,1.4311,391.251,0.002447004,0.921051382
9.9262,0.94,1.4311,397.62,0.001698557,0.905981777
9.9262,0.95,1.4311,405.627,0.001099395,0.884428479
9.9262,0.96,1.4311,416.139,0.000639795,0.85352983
9.9262,0.97,1.4311,430.826,0.000319949,0.808126289
9.9262,0.98,1.4311,453.305,0.000119993,0.738173126
9.9262,0.99,1.4311,491.148,2e-05,0.626847109
9.9262,1.0,1.4311,539.774,0.0,0.500666191
3.9243,0.0,13.9726,623.518,0.308675167,0.0
3.9243,0.01,13.9726,600.617,0.340720343,1e-05
3.9243,0.02,13.9726,568.855,0.389958838,5.9998e-05
3.9243,0.03,13.9726,532.267,0.453975868,0.000179984
3.9243,0.04,13.9726,509.434,0.496548184,0.000369932
3.9243,0.05,13.9726,493.314,0.527015852,0.000649789
3.9243,0.06,13.9726,481.338,0.549092036,0.00102947
3.9243,0.07,13.9726,472.024,0.565313809,0.001498876
3.9243,0.08,13.9726,464.517,0.57728168,0.00207784
3.9243,0.09,13.9726,458.3,0.586040697,0.002766171
3.9243,0.1,13.9726,453.038,0.592309754,0.003573607
3.9243,0.11,13.9726,448.509,0.596581213,0.004489905
3.9243,0.12,13.9726,444.558,0.599226535,0.005534655
3.9243,0.13,13.9726,441.071,0.600516408,0.006707455
3.9243,0.14,13.9726,437.964,0.6006645,0.008007851
3.9243,0.15,13.9726,435.175,0.599836001,0.009455159
3.9243,0.16,13.9726,432.653,0.59815495,0.011028957
3.9243,0.17,13.9726,430.359,0.595743812,0.012758266
3.9243,0.18,13.9726,428.262,0.592680227,0.014632422
3.9243,0.19,13.9726,426.337,0.589041433,0.016660441
3.9243,0.2,13.9726,424.562,0.584888023,0.018841381
3.9243,0.21,13.9726,422.92,0.580275191,0.021193816
3.9243,0.22,13.9726,421.396,0.575247263,0.023706761
3.9243,0.23,13.9726,419.977,0.569848964,0.026388734
3.9243,0.24,13.9726,418.654,0.564108538,0.029248074
3.9243,0.25,13.9726,417.415,0.558060293,0.032283243
3.9243,0.26,13.9726,416.255,0.551733375,0.035511921
3.9243,0.27,13.9726,415.165,0.545145888,0.038922592
3.9243,0.28,13.9726,414.139,0.538322107,0.042532531
3.9243,0.29,13.9726,413.173,0.531280979,0.046339545
3.9243,0.3,13.9726,412.261,0.524041903,0.05035085
3.9243,0.31,13.9726,411.399,0.516618811,0.054573409
3.9243,0.32,13.9726,410.583,0.509026005,0.059013914
3.9243,0.33,13.9726,409.81,0.501272134,0.063678777
3.9243,0.34,13.9726,409.077,0.493384406,0.068574117
3.9243,0.35,13.9726,408.381,0.485353958,0.073705748
3.9243,0.36,13.9726,407.72,0.477202654,0.079069927
3.9243,0.37,13.9726,407.091,0.468940564,0.084690352
3.9243,0.38,13.9726,406.492,0.460578098,0.090562564
3.9243,0.39,13.9726,405.922,0.452113297,0.096691044
3.9243,0.4,13.9726,405.378,0.443563397,0.103097958
3.9243,0.41,13.9726,404.859,0.434933291,0.109777745
3.9243,0.42,13.9726,404.364,0.426228058,0.116751393
3.9243,0.43,13.9726,403.891,0.417452966,0.124012481
3.9243,0.44,13.9726,403.438,0.408620126,0.131571974
3.9243,0.45,13.9726,403.006,0.399735391,0.13944885
3.9243,0.46,13.9726,402.592,0.390798071,0.147643842
3.9243,0.47,13.9726,402.195,0.381814286,0.156174345
3.9243,0.48,13.9726,401.816,0.372797278,0.16503975
3.9243,0.49,13.9726,401.452,0.363739928,0.174264183
3.9243,0.5,13.9726,401.103,0.354662921,0.183845395
3.9243,0.51,13.9726,400.768,0.345552316,0.193805365
3.9243,0.52,13.9726,400.446,0.336429379,0.204156431
3.9243,0.53,13.9726,400.138,0.327294536,0.21490168
3.9243,0.54,13.9726,399.841,0.318140955,0.226059296
3.9243,0.55,13.9726,399.556,0.308990918,0.237645882
3.9243,0.56,13.9726,399.282,0.29983789,0.24966863
3.9243,0.57,13.9726,399.018,0.290690044,0.262156551
3.9243,0.58,13.9726,398.763,0.281548299,0.275113417
3.9243,0.59,13.9726,398.518,0.2724136,0.28855669
3.9243,0.6,13.9726,398.282,0.263309971,0.302516496
3.9243,0.61,13.9726,398.054,0.254215771,0.316990843
3.9243,0.62,13.9726,397.834,0.245155501,0.332019481
3.9243,0.63,13.9726,397.621,0.23613085,0.347609981
3.9243,0.64,13.9726,397.415,0.227135573,0.363795532
3.9243,0.65,13.9726,397.215,0.218187289,0.380584811
3.9243,0.66,13.9726,397.021,0.209279893,0.398010726
3.9243,0.67,13.9726,396.834,0.200431576,0.416095076
3.9243,0.68,13.9726,396.651,0.191636372,0.434862085
3.9243,0.69,13.9726,396.473,0.18290472,0.454350506
3.9243,0.7,13.9726,396.3,0.174247382,0.474580639
3.9243,0.71,13.9726,396.131,0.165666969,0.495592182
3.9243,0.72,13.9726,395.965,0.157166129,0.517405926
3.9243,0.73,13.9726,395.803,0.148756156,0.540071756
3.9243,0.74,13.9726,395.644,0.140439973,0.563619192
3.9243,0.75,13.9726,395.487,0.132238057,0.58808662
3.9243,0.76,13.9726,395.332,0.124144978,0.613524801
3.9243,0.77,13.9726,395.179,0.116172851,0.639967898
3.9243,0.78,13.9726,395.028,0.108325117,0.667475464
3.9243,0.79,13.9726,394.877,0.100623313,0.696092838
3.9243,0.8,13.9726,394.727,0.093080423,0.725875711
3.9243,0.81,13.9726,394.576,0.085691339,0.756882254
3.9243,0.82,13.9726,394.426,0.078478408,0.789175284
3.9243,0.83,13.9726,394.274,0.071455171,0.822823653
3.9243,0.84,13.9726,394.121,0.064635391,0.857898616
3.9243,0.85,13.9726,393.965,0.058033031,0.894474479
3.9243,0.86,13.9726,393.807,0.051662226,0.932640346
3.9243,0.87,13.9726,393.646,0.04553726,0.972482012
3.9243,0.88,13.9726,393.481,0.039682145,1.014099606
3.9243,0.89,13.9726,393.312,0.03411153,1.057592358
3.9243,0.9,13.9726,393.137,0.028859529,1.103075646
3.9243,0.91,13.9726,392.956,0.023941111,1.150673288
3.9243,0.92,13.9726,392.769,0.01938097,1.200515836
3.9243,0.93,13.9726,392.573,0.015203834,1.252748683
3.9243,0.94,13.9726,392.369,0.011464036,1.30752709
3.9243,0.95,13.9726,392.156,0.008166563,1.365024758
3.9243,0.96,13.9726,391.931,0.005365579,1.425428532
3.9243,0.97,13.9726,391.695,0.003105174,1.488941198
3.9243,0.98,13.9726,391.445,0.001418993,1.55579027
3.9243,0.99,13.9726,391.18,0.000359935,1.626222264
3.9243,1.0,13.9726,390.899,0.0,1.700511859
13.9726,0.0,3.9243,390.899,1.700511859,0.0
13.9726,0.01,3.9243,391.18,1.626222264,0.000359935
13.9726,0.02,3.9243,391.445,1.55579027,0.001418993
13.9726,0.03,3.9243,391.695,1.488941198,0.003105174
13.9726,0.04,3.9243,391.931,1.425428532,0.005365579
13.9726,0.05,3.9243,392.156,1.365024758,0.008166563
13.9726,0.06,3.9243,392.369,1.30752709,0.011464036
13.9726,0.07,3.9243,392.573,1.252748683,0.015203834
13.9726,0.08,3.9243,392.769,1.200515836,0.01938097
13.9726,0.09,3.9243,392.956,1.150673288,0.023941111
13.9726,0.1,3.9243,393.137,1.103075646,0.028859529
13.9726,0.11,3.9243,393.312,1.057592358,0.03411153
13.9726,0.12,3.9243,393.481,1.014099606,0.039682145
13.9726,0.13,3.9243,393.646,0.972482012,0.04553726
13.9726,0.14,3.9243,393.807,0.932640346,0.051662226
13.9726,0.15,3.9243,393.965,0.894474479,0.058033031
13.9726,0.16,3.9243,394.121,0.857898616,0.064635391
13.9726,0.17,3.9243,394.274,0.822823653,0.071455171
13.9726,0.18,3.9243,394.426,0.789175284,0.078478408
13.9726,0.19,3.9243,394.576,0.756882254,0.085691339
13.9726,0.2,3.9243,394.727,0.725875711,0.093080423
13.9726,0.21,3.9243,394.877,0.696092838,0.100623313
13.9726,0.22,3.9243,395.028,0.667475464,0.108325117
13.9726,0.23,3.9243,395.179,0.639967898,0.116172851
13.9726,0.24,3.9243,395.332,0.613524801,0.124144978
13.9726,0.25,3.9243,395.487,0.58808662,0.132238057
13.9726,0.26,3.9243,395.644,0.563619192,0.140439973
13.9726,0.27,3.9243,395.803,0.540071756,0.148756156
13.9726,0.28,3.9243,395.965,0.517405926,0.157166129
13.9726,0.29,3.9243,396.131,0.495592182,0.165666969
13.9726,0.3,3.9243,396.3,0.474580639,0.174247382
13.9726,0.31,3.9243,396.473,0.454350506,0.18290472
13.9726,0.32,3.9243,396.651,0.434862085,0.191636372
13.9726,0.33,3.9243,396.834,0.416095076,0.200431576
13.9726,0.34,3.9243,397.021,0.398010726,0.209279893
13.9726,0.35,3.9243,397.215,0.380584811,0.218187289
13.9726,0.36,3.9243,397.415,0.363795532,0.227135573
13.9726,0.37,3.9243,397.621,0.347609981,0.23613085
13.9726,0.38,3.9243,397.834,0.332019481,0.245155501
13.9726,0.39,3.9243,398.054,0.316990843,0.254215771
13.9726,0.4,3.9243,398.282,0.302516496,0.263309971
13.9726,0.41,3.9243,398.518,0.28855669,0.2724136
13.9726,0.42,3.9243,398.763,0.275113417,0.281548299
13.9726,0.43,3.9243,399.018,0.262156551,0.290690044
13.9726,0.44,3.9243,399.282,0.24966863,0.29983789
13.9726,0.45,3.9243,399.556,0.237645882,0.308990918
13.9726,0.46,3.9243,399.841,0.226059296,0.318140955
13.9726,0.47,3.9243,400.138,0.21490168,0.327294536
13.9726,0.48,3.9243,400.446,0.204156431,0.336429379
13.9726,0.49,3.9243,400.768,0.193805365,0.345552316
13.9726,0.5,3.9243,401.103,0.183845395,0.354662921
13.9726,0.51,3.9243,401.452,0.174264183,0.363739928
13.9726,0.52,3.9243,401.816,0.16503975,0.372797278
13.9726,0.53,3.9243,402.195,0.156174345,0.381814286
13.9726,0.54,3.9243,402.592,0.147643842,0.390798071
13.9726,0.55,3.9243,403.006,0.13944885,0.399735391
13.9726,0.56,3.9243,403.438,0.131571974,0.408620126
13.9726,0.57,3.9243,403.891,0.124012481,0.417452966
13.9726,0.58,3.9243,404.364,0.116751393,0.426228058
13.9726,0.59,3.9243,404.859,0.109777745,0.434933291
13.9726,0.6,3.9243,405.378,0.103097958,0.443563397
13.9726,0.61,3.9243,405.922,0.096691044,0.452113297
13.9726,0.62,3.9243,406.492,0.090562564,0.460578098
13.9726,0.63,3.9243,407.091,0.084690352,0.468940564
13.9726,0.64,3.9243,407.72,0.079069927,0.477202654
13.9726,0.65,3.9243,408.381,0.073705748,0.485353958
13.9726,0.66,3.9243,409.077,0.068574117,0.493384406
13.9726,0.67,3.9243,409.81,0.063678777,0.501272134
13.9726,0.68,3.9243,410.583,0.059013914,0.509026005
13.9726,0.69,3.9243,411.399,0.054573409,0.516618811
13.9726,0.7,3.9243,412.261,0.05035085,0.524041903
13.9726,0.71,3.9243,413.173,0.046339545,0.531280979
13.9726,0.72,3.9243,414.139,0.042532531,0.538322107
13.9726,0.73,3.9243,415.165,0.038922592,0.545145888
13.9726,0.74,3.9243,416.255,0.035511921,0.551733375
13.9726,0.75,3.9243,417.415,0.032283243,0.558060293
13.9726,0.76,3.9243,418.654,0.029248074,0.564108538
13.9726,0.77,3.9243,419.977,0.026388734,0.569848964
13.9726,0.78,3.9243,421.396,0.023706761,0.575247263
13.9726,0.79,3.9243,422.92,0.021193816,0.580275191
13.9726,0.8,3.9243,424.562,0.018841381,0.584888023
13.9726,0.81,3.9243,426.337,0.016660441,0.589041433
13.9726,0.82,3.9243,428.262,0.014632422,0.592680227
13.9726,0.83,3.9243,430.359,0.012758266,0.595743812
13.9726,0.84,3.9243,432.653,0.011028957,0.59815495
13.9726,0.85,3.9243,435.175,0.009455159,0.599836001
13.9726,0.86,3.9243,437.964,0.008007851,0.6006645
13.9726,0.87,3.9243,441.071,0.006707455,0.600516408
13.9726,0.88,3.9243,444.558,0.005534655,0.599226535
13.9726,0.89,3.9243,448.509,0.004489905,0.596581213
13.9726,0.9,3.9243,453.038,0.003573607,0.592309754
13.9726,0.91,3.9243,458.3,0.002766171,0.586040697
13.9726,0.92,3.9243,464.517,0.00207784,0.57728168
13.9726,0.93,3.9243,472.024,0.001498876,0.565313809
13.9726,0.94,3.9243,481.338,0.00102947,0.549092036
13.9726,0.95,3.9243,493.314,0.000649789,0.527015852
13.9726,0.96,3.9243,509.434,0.000369932,0.496548184
13.9726,0.97,3.9243,532.267,0.000179984,0.453975868
13.9726,0.98,3.9243,568.855,5.9998e-05,0.389958838
13.9726,0.99,3.9243,600.617,1e-05,0.340720343
13.9726,1.0,3.9243,623.518,0.0,0.308675167
12.6238,0.0,4.4998,341.884,-0.458596934,0.0
12.6238,0.01,4.4998,342.223,-0.443802691,-7.5003e-05
12.6238,0.02,4.4998,342.572,-0.429397722,-0.000299045
12.6238,0.03,4.4998,342.929,-0.415377575,-0.000664221
12.6238,0.04,4.4998,343.296,-0.401736568,-0.001168683
12.6238,0.05,4.4998,343.672,-0.388469358,-0.001805629
12.6238,0.06,4.4998,344.057,-0.375568014,-0.002571303
12.6238,0.07,4.4998,344.452,-0.363026501,-0.003460982
12.6238,0.08,4.4998,344.855,-0.350837728,-0.004468971
12.6238,0.09,4.4998,345.268,-0.338993613,-0.00559261
12.6238,0.1,4.4998,345.69,-0.327487917,-0.006826246
12.6238,0.11,4.4998,346.122,-0.316312026,-0.008166253
12.6238,0.12,4.4998,346.562,-0.305457795,-0.009608009
12.6238,0.13,4.4998,347.013,-0.294917519,-0.011147908
12.6238,0.14,4.4998,347.472,-0.284685234,-0.012782347
12.6238,0.15,4.4998,347.941,-0.274750053,-0.01450773
12.6238,0.16,4.4998,348.42,-0.265106822,-0.016319441
12.6238,0.17,4.4998,348.908,-0.255746808,-0.018214888
12.6238,0.18,4.4998,349.407,-0.246662977,-0.020191483
12.6238,0.19,4.4998,349.915,-0.237847375,-0.022243564
12.6238,0.2,4.4998,350.433,-0.229293675,-0.024370564
12.6238,0.21,4.4998,350.961,-0.220994612,-0.02656782
12.6238,0.22,4.4998,351.5,-0.212944489,-0.028833725
12.6238,0.23,4.4998,352.049,-0.205134198,-0.031164611
12.6238,0.24,4.4998,352.609,-0.197558654,-0.033558852
12.6238,0.25,4.4998,353.179,-0.190210594,-0.036012744
12.6238,0.26,4.4998,353.761,-0.183085448,-0.038524635
12.6238,0.27,4.4998,354.354,-0.176175284,-0.041090781
12.6238,0.28,4.4998,354.958,-0.169476015,-0.043711582
12.6238,0.29,4.4998,355.575,-0.162980212,-0.046382216
12.6238,0.3,4.4998,356.203,-0.156681881,-0.049103063
12.6238,0.31,4.4998,356.844,-0.150577571,-0.051870303
12.6238,0.32,4.4998,357.497,-0.144661676,-0.054682188
12.6238,0.33,4.4998,358.164,-0.138927641,-0.057538015
12.6238,0.34,4.4998,358.843,-0.133372548,-0.060434952
12.6238,0.35,4.4998,359.537,-0.127989065,-0.063371203
12.6238,0.36,4.4998,360.244,-0.122773467,-0.066347089
12.6238,0.37,4.4998,360.967,-0.117722163,-0.069358653
12.6238,0.38,4.4998,361.704,-0.112830569,-0.072405115
12.6238,0.39,4.4998,362.456,-0.108093135,-0.075486768
12.6238,0.4,4.4998,363.225,-0.10350668,-0.078600665
12.6238,0.41,4.4998,364.01,-0.099067028,-0.081744906
12.6238,0.42,4.4998,364.813,-0.094770126,-0.084919748
12.6238,0.43,4.4998,365.633,-0.090612033,-0.08812436
12.6238,0.44,4.4998,366.472,-0.086588921,-0.091355709
12.6238,0.45,4.4998,367.329,-0.082697061,-0.094614022
12.6238,0.46,4.4998,368.207,-0.078934988,-0.097898426
12.6238,0.47,4.4998,369.105,-0.075295908,-0.101208038
12.6238,0.48,4.4998,370.025,-0.071779608,-0.104540852
12.6238,0.49,4.4998,370.968,-0.06838163,-0.107898177
12.6238,0.5,4.4998,371.934,-0.065098678,-0.111276872
12.6238,0.51,4.4998,372.924,-0.061927533,-0.114677114
12.6238,0.52,4.4998,373.94,-0.058866106,-0.11809796
12.6238,0.53,4.4998,374.984,-0.055911309,-0.121539583
12.6238,0.54,4.4998,376.055,-0.053060117,-0.12499989
12.6238,0.55,4.4998,377.156,-0.050310619,-0.128480172
12.6238,0.56,4.4998,378.288,-0.047659903,-0.131979455
12.6238,0.57,4.4998,379.453,-0.045105112,-0.135495606
12.6238,0.58,4.4998,380.652,-0.042643444,-0.13903106
12.6238,0.59,4.4998,381.888,-0.040273187,-0.142582516
12.6238,0.6,4.4998,383.163,-0.037992668,-0.146151261
12.6238,0.61,4.4998,384.478,-0.035798177,-0.149736271
12.6238,0.62,4.4998,385.838,-0.03368916,-0.153338843
12.6238,0.63,4.4998,387.243,-0.031661992,-0.15695678
12.6238,0.64,4.4998,388.697,-0.029715154,-0.160591377
12.6238,0.65,4.4998,390.204,-0.027847158,-0.164242767
12.6238,0.66,4.4998,391.767,-0.026056542,-0.167908722
12.6238,0.67,4.4998,393.39,-0.024339825,-0.171592915
12.6238,0.68,4.4998,395.078,-0.022696631,-0.175291923
12.6238,0.69,4.4998,396.835,-0.021123539,-0.179008252
12.6238,0.7,4.4998,398.668,-0.019620224,-0.182742045
12.6238,0.71,4.4998,400.581,-0.018185356,-0.186492242
12.6238,0.72,4.4998,402.583,-0.01681661,-0.190260184
12.6238,0.73,4.4998,404.68,-0.015511687,-0.194048449
12.6238,0.74,4.4998,406.882,-0.014270339,-0.197854775
12.6238,0.75,4.4998,409.199,-0.013090305,-0.201681762
12.6238,0.76,4.4998,411.642,-0.011971372,-0.205529592
12.6238,0.77,4.4998,414.225,-0.010910301,-0.209400915
12.6238,0.78,4.4998,416.963,-0.009905902,-0.213297186
12.6238,0.79,4.4998,419.874,-0.008959012,-0.217218638
12.6238,0.8,4.4998,422.98,-0.008065438,-0.221169252
12.6238,0.81,4.4998,426.304,-0.007226045,-0.225150564
12.6238,0.82,4.4998,429.877,-0.006438684,-0.229166654
12.6238,0.83,4.4998,433.735,-0.005702227,-0.233220403
12.6238,0.84,4.4998,437.922,-0.005016562,-0.237317276
12.6238,0.85,4.4998,442.492,-0.004378572,-0.241462829
12.6238,0.86,4.4998,447.514,-0.00378917,-0.245661437
12.6238,0.87,4.4998,453.074,-0.00324526,-0.249925251
12.6238,0.88,4.4998,459.285,-0.002747772,-0.254261481
12.6238,0.89,4.4998,466.3,-0.002294631,-0.258686536
12.6238,0.9,4.4998,474.334,-0.001885777,-0.26321973
12.6238,0.91,4.4998,483.721,-0.001518152,-0.267889903
12.6238,0.92,4.4998,495.17,-0.001193712,-0.272763247
12.6238,0.93,4.4998,515.418,-0.000911415,-0.278532062
12.6238,0.94,4.4998,531.75,-0.000666222,-0.283764423
12.6238,0.95,4.4998,545.382,-0.000460106,-0.28865588
12.6238,0.96,4.4998,557.783,-0.000293043,-0.293380947
12.6238,0.97,4.4998,569.095,-0.000164013,-0.297968126
12.6238,0.98,4.4998,579.398,-7.2003e-05,-0.302435707
12.6238,0.99,4.4998,588.772,-1.8e-05,-0.306799654
12.6238,1.0,4.4998,597.323,0.0,-0.311074897
4.4998,0.0,12.6238,597.323,-0.311074897,0.0
4.4998,0.01,12.6238,588.772,-0.306799654,-1.8e-05
4.4998,0.02,12.6238,579.398,-0.302435707,-7.2003e-05
4.4998,0.03,12.6238,569.095,-0.297968126,-0.000164013
4.4998,0.04,12.6238,557.783,-0.293380947,-0.000293043
4.4998,0.05,12.6238,545.382,-0.28865588,-0.000460106
4.4998,0.06,12.6238,531.75,-0.283764423,-0.000666222
4.4998,0.07,12.6238,515.418,-0.278532062,-0.000911415
4.4998,0.08,12.6238,495.17,-0.272763247,-0.001193712
4.4998,0.09,12.6238,483.721,-0.267889903,-0.001518152
4.4998,0.1,12.6238,474.334,-0.26321973,-0.001885777
4.4998,0.11,12.6238,466.3,-0.258686536,-0.002294631
4.4998,0.12,12.6238,459.285,-0.254261481,-0.002747772
4.4998,0.13,12.6238,453.074,-0.249925251,-0.00324526
4.4998,0.14,12.6238,447.514,-0.245661437,-0.00378917
4.4998,0.15,12.6238,442.492,-0.241462829,-0.004378572
4.4998,0.16,12.6238,437.922,-0.237317276,-0.005016562
4.4998,0.17,12.6238,433.735,-0.233220403,-0.005702227
4.4998,0.18,12.6238,429.877,-0.229166654,-0.006438684
4.4998,0.19,12.6238,426.304,-0.225150564,-0.007226045
4.4998,0.2,12.6238,422.98,-0.221169252,-0.008065438
4.4998,0.21,12.6238,419.874,-0.217218638,-0.008959012
4.4998,0.22,12.6238,416.963,-0.213297186,-0.009905902
4.4998,0.23,12.6238,414.225,-0.209400915,-0.010910301
4.4998,0.24,12.6238,411.642,-0.205529592,-0.011971372
4.4998,0.25,12.6238,409.199,-0.201681762,-0.013090305
4.4998,0.26,12.6238,406.882,-0.197854775,-0.014270339
4.4998,0.27,12.6238,404.68,-0.194048449,-0.015511687
4.4998,0.28,12.6238,402.583,-0.190260184,-0.01681661
4.4998,0.29,12.6238,400.581,-0.186492242,-0.018185356
4.4998,0.3,12.6238,398.668,-0.182742045,-0.019620224
4.4998,0.31,12.6238,396.835,-0.179008252,-0.021123539
4.4998,0.32,12.6238,395.078,-0.175291923,-0.022696631
4.4998,0.33,12.6238,393.39,-0.171592915,-0.024339825
4.4998,0.34,12.6238,391.767,-0.167908722,-0.026056542
4.4998,0.35,12.6238,390.204,-0.164242767,-0.027847158
4.4998,0.36,12.6238,388.697,-0.160591377,-0.029715154
4.4998,0.37,12.6238,387.243,-0.15695678,-0.031661992
4.4998,0.38,12.6238,385.838,-0.153338843,-0.03368916
4.4998,0.39,12.6238,384.478,-0.149736271,-0.035798177
4.4998,0.4,12.6238,383.163,-0.146151261,-0.037992668
4.4998,0.41,12.6238,381.888,-0.142582516,-0.040273187
4.4998,0.42,12.6238,380.652,-0.13903106,-0.042643444
4.4998,0.43,12.6238,379.453,-0.135495606,-0.045105112
4.4998,0.44,12.6238,378.288,-0.131979455,-0.047659903
4.4998,0.45,12.6238,377.156,-0.128480172,-0.050310619
4.4998,0.46,12.6238,376.055,-0.12499989,-0.053060117
4.4998,0.47,12.6238,374.984,-0.121539583,-0.055911309
4.4998,0.48,12.6238,373.94,-0.11809796,-0.058866106
4.4998,0.49,12.6238,372.924,-0.114677114,-0.061927533
4.4998,0.5,12.6238,371.934,-0.111276872,-0.065098678
4.4998,0.51,12.6238,370.968,-0.107898177,-0.06838163
4.4998,0.52,12.6238,370.025,-0.104540852,-0.071779608
4.4998,0.53,12.6238,369.105,-0.101208038,-0.075295908
4.4998,0.54,12.6238,368.207,-0.097898426,-0.078934988
4.4998,0.55,12.6238,367.329,-0.094614022,-0.082697061
4.4998,0.56,12.6238,366.472,-0.091355709,-0.086588921
4.4998,0.57,12.6238,365.633,-0.08812436,-0.090612033
4.4998,0.58,12.6238,364.813,-0.084919748,-0.094770126
4.4998,0.59,12.6238,364.01,-0.081744906,-0.099067028
4.4998,0.6,12.6238,363.225,-0.078600665,-0.10350668
4.4998,0.61,12.6238,362.456,-0.075486768,-0.108093135
4.4998,0.62,12.6238,361.704,-0.072405115,-0.112830569
4.4998,0.63,12.6238,360.967,-0.069358653,-0.117722163
4.4998,0.64,12.6238,360.244,-0.066347089,-0.122773467
4.4998,0.65,12.6238,359.537,-0.063371203,-0.127989065
4.4998,0.66,12.6238,358.843,-0.060434952,-0.133372548
4.4998,0.67,12.6238,358.164,-0.057538015,-0.138927641
4.4998,0.68,12.6238,357.497,-0.054682188,-0.144661676
4.4998,0.69,12.6238,356.844,-0.051870303,-0.150577571
4.4998,0.7,12.6238,356.203,-0.049103063,-0.156681881
4.4998,0.71,12.6238,355.575,-0.046382216,-0.162980212
4.4998,0.72,12.6238,354.958,-0.043711582,-0.169476015
4.4998,0.73,12.6238,354.354,-0.041090781,-0.176175284
4.4998,0.74,12.6238,353.761,-0.038524635,-0.183085448
4.4998,0.75,12.6238,353.179,-0.036012744,-0.190210594
4.4998,0.76,12.6238,352.609,-0.033558852,-0.197558654
4.4998,0.77,12.6238,352.049,-0.031164611,-0.205134198
4.4998,0.78,12.6238,351.5,-0.028833725,-0.212944489
4.4998,0.79,12.6238,350.961,-0.02656782,-0.220994612
4.4998,0.8,12.6238,350.433,-0.024370564,-0.229293675
4.4998,0.81,12.6238,349.915,-0.022243564,-0.237847375
4.4998,0.82,12.6238,349.407,-0.020191483,-0.246662977
4.4998,0.83,12.6238,348.908,-0.018214888,-0.255746808
4.4998,0.84,12.6238,348.42,-0.016319441,-0.265106822
4.4998,0.85,12.6238,347.941,-0.01450773,-0.274750053
4.4998,0.86,12.6238,347.472,-0.012782347,-0.284685234
4.4998,0.87,12.6238,347.013,-0.011147908,-0.294917519
4.4998,0.88,12.6238,346.562,-0.009608009,-0.305457795
4.4998,0.89,12.6238,346.122,-0.008166253,-0.316312026
4.4998,0.9,12.6238,345.69,-0.006826246,-0.327487917
4.4998,0.91,12.6238,345.268,-0.00559261,-0.338993613
4.4998,0.92,12.6238,344.855,-0.004468971,-0.350837728
4.4998,0.93,12.6238,344.452,-0.003460982,-0.363026501
4.4998,0.94,12.6238,344.057,-0.002571303,-0.375568014
4.4998,0.95,12.6238,343.672,-0.001805629,-0.388469358
4.4998,0.96,12.6238,343.296,-0.001168683,-0.401736568
4.4998,0.97,12.6238,342.929,-0.000664221,-0.415377575
4.4998,0.98,12.6238,342.572,-0.000299045,-0.429397722
4.4998,0.99,12.6238,342.223,-7.5003e-05,-0.443802691
4.4998,1.0,12.6238,341.884,0.0,-0.458596934
12.6238,0.0,4.0464,353.932,-0.669735388,0.0
12.6238,0.01,4.0464,354.282,-0.645510062,-0.000122007
12.6238,0.02,4.0464,354.645,-0.622062631,-0.000483117
12.6238,0.03,4.0464,355.02,-0.599380009,-0.001070573
12.6238,0.04,4.0464,355.408,-0.57744453,-0.001874756
12.6238,0.05,4.0464,355.807,-0.556237999,-0.002885158
12.6238,0.06,4.0464,356.219,-0.535741803,-0.004092362
12.6238,0.07,4.0464,356.642,-0.515935323,-0.005485015
12.6238,0.08,4.0464,357.077,-0.496797809,-0.007055834
12.6238,0.09,4.0464,357.523,-0.478311645,-0.008795568
12.6238,0.1,4.0464,357.98,-0.460455756,-0.010693977
12.6238,0.11,4.0464,358.449,-0.443209032,-0.012744872
12.6238,0.12,4.0464,358.929,-0.42655188,-0.014939034
12.6238,0.13,4.0464,359.42,-0.410466092,-0.017270276
12.6238,0.14,4.0464,359.923,-0.394930295,-0.01972935
12.6238,0.15,4.0464,360.436,-0.379928949,-0.022312073
12.6238,0.16,4.0464,360.96,-0.365443274,-0.025010163
12.6238,0.17,4.0464,361.496,-0.351454309,-0.027817339
12.6238,0.18,4.0464,362.042,-0.33794432,-0.030728316
12.6238,0.19,4.0464,362.6,-0.324900844,-0.033738806
12.6238,0.2,4.0464,363.169,-0.312302688,-0.036841386
12.6238,0.21,4.0464,363.749,-0.300139343,-0.040031682
12.6238,0.22,4.0464,364.341,-0.288392992,-0.043305284
12.6238,0.23,4.0464,364.944,-0.277049466,-0.046657739
12.6238,0.24,4.0464,365.559,-0.266095417,-0.050084552
12.6238,0.25,4.0464,366.185,-0.255518252,-0.053581173
12.6238,0.26,4.0464,366.824,-0.24530353,-0.057144061
12.6238,0.27,4.0464,367.475,-0.235440095,-0.060769632
12.6238,0.28,4.0464,368.138,-0.225914888,-0.064455325
12.6238,0.29,4.0464,368.813,-0.21671799,-0.068196403
12.6238,0.3,4.0464,369.502,-0.207837538,-0.071990216
12.6238,0.31,4.0464,370.204,-0.199262243,-0.075832998
12.6238,0.32,4.0464,370.919,-0.190982555,-0.079724175
12.6238,0.33,4.0464,371.648,-0.182988179,-0.083658821
12.6238,0.34,4.0464,372.391,-0.175270474,-0.087635208
12.6238,0.35,4.0464,373.148,-0.167820014,-0.091650485
12.6238,0.36,4.0464,373.92,-0.160627778,-0.095702857
12.6238,0.37,4.0464,374.708,-0.153685122,-0.099790501
12.6238,0.38,4.0464,375.511,-0.146984915,-0.103911566
12.6238,0.39,4.0464,376.331,-0.140518028,-0.108063053
12.6238,0.4,4.0464,377.167,-0.134277957,-0.112243035
12.6238,0.41,4.0464,378.021,-0.128256188,-0.116450674
12.6238,0.42,4.0464,378.893,-0.122446769,-0.120682861
12.6238,0.43,4.0464,379.783,-0.116842853,-0.124939835
12.6238,0.44,4.0464,380.692,-0.111437834,-0.129219559
12.6238,0.45,4.0464,381.621,-0.106226446,-0.133521107
12.6238,0.46,4.0464,382.571,-0.101200293,-0.137841238
12.6238,0.47,4.0464,383.543,-0.096355626,-0.142180114
12.6238,0.48,4.0464,384.537,-0.091686653,-0.14653674
12.6238,0.49,4.0464,385.555,-0.087187756,-0.150910103
12.6238,0.5,4.0464,386.596,-0.082852401,-0.155298004
12.6238,0.51,4.0464,387.664,-0.078677473,-0.159700552
12.6238,0.52,4.0464,388.758,-0.074657816,-0.164116676
12.6238,0.53,4.0464,389.88,-0.070788411,-0.168545287
12.6238,0.54,4.0464,391.032,-0.067064375,-0.172985276
12.6238,0.55,4.0464,392.214,-0.063482013,-0.177436707
12.6238,0.56,4.0464,393.429,-0.06003667,-0.181898446
12.6238,0.57,4.0464,394.678,-0.056724861,-0.186369338
12.6238,0.58,4.0464,395.963,-0.053542137,-0.190849416
12.6238,0.59,4.0464,397.286,-0.0504852,-0.195338714
12.6238,0.6,4.0464,398.65,-0.047549784,-0.199836044
12.6238,0.61,4.0464,400.056,-0.044732757,-0.204340198
12.6238,0.62,4.0464,401.507,-0.042031058,-0.20885364
12.6238,0.63,4.0464,403.006,-0.039440657,-0.213372692
12.6238,0.64,4.0464,404.556,-0.036959671,-0.21789858
12.6238,0.65,4.0464,406.161,-0.034583163,-0.222432554
12.6238,0.66,4.0464,407.825,-0.032309372,-0.226972121
12.6238,0.67,4.0464,409.551,-0.030135549,-0.231517263
12.6238,0.68,4.0464,411.344,-0.028058998,-0.236070495
12.6238,0.69,4.0464,413.209,-0.026076044,-0.24062929
12.6238,0.7,4.0464,415.152,-0.024185116,-0.245196183
12.6238,0.71,4.0464,417.179,-0.022383655,-0.249768624
12.6238,0.72,4.0464,419.297,-0.020668122,-0.254349171
12.6238,0.73,4.0464,421.515,-0.01903706,-0.258937841
12.6238,0.74,4.0464,423.841,-0.017488028,-0.263534649
12.6238,0.75,4.0464,426.286,-0.016018616,-0.26813961
12.6238,0.76,4.0464,428.86,-0.014627462,-0.272755365
12.6238,0.77,4.0464,431.578,-0.013311202,-0.277381968
12.6238,0.78,4.0464,434.454,-0.012069545,-0.282019469
12.6238,0.79,4.0464,437.506,-0.010899181,-0.286670584
12.6238,0.8,4.0464,440.755,-0.009797842,-0.291336743
12.6238,0.81,4.0464,444.224,-0.008765303,-0.296019398
12.6238,0.82,4.0464,447.94,-0.007798328,-0.300720032
12.6238,0.83,4.0464,451.937,-0.006896728,-0.305442866
12.6238,0.84,4.0464,456.252,-0.006057309,-0.310189474
12.6238,0.85,4.0464,460.932,-0.005278909,-0.314962831
12.6238,0.86,4.0464,466.031,-0.004560383,-0.31976872
12.6238,0.87,4.0464,471.611,-0.003900597,-0.324608885
12.6238,0.88,4.0464,477.747,-0.003296427,-0.329490665
12.6238,0.89,4.0464,484.525,-0.002747772,-0.334417349
12.6238,0.9,4.0464,492.041,-0.002253537,-0.3393937
12.6238,0.91,4.0464,500.391,-0.001810638,-0.344425984
12.6238,0.92,4.0464,509.668,-0.001420008,-0.349513506
12.6238,0.93,4.0464,519.93,-0.001079583,-0.354656981
12.6238,0.94,4.0464,531.189,-0.00078731,-0.35984568
12.6238,0.95,4.0464,543.478,-0.000542147,-0.365077288
12.6238,0.96,4.0464,557.917,-0.00034506,-0.3704291
12.6238,0.97,4.0464,569.765,-0.000192018,-0.375531619
12.6238,0.98,4.0464,579.8,-8.5004e-05,-0.380465713
12.6238,0.99,4.0464,588.924,-2.1e-05,-0.385305192
12.6238,1.0,4.0464,597.323,0.0,-0.390072189
4.0464,0.0,12.6238,597.323,-0.390072189,0.0
4.0464,0.01,12.6238,588.924,-0.385305192,-2.1e-05
4.0464,0.02,12.6238,579.8,-0.380465713,-8.5004e-05
4.0464,0.03,12.6238,569.765,-0.375531619,-0.000192018
4.0464,0.04,12.6238,557.917,-0.3704291,-0.00034506
4.0464,0.05,12.6238,543.478,-0.365077288,-0.000542147
4.0464,0.06,12.6238,531.189,-0.35984568,-0.00078731
4.0464,0.07,12.6238,519.93,-0.354656981,-0.001079583
4.0464,0.08,12.6238,509.668,-0.349513506,-0.001420008
4.0464,0.09,12.6238,500.391,-0.344425984,-0.001810638
4.0464,0.1,12.6238,492.041,-0.3393937,-0.002253537
4.0464,0.11,12.6238,484.525,-0.334417349,-0.002747772
4.0464,0.12,12.6238,477.747,-0.329490665,-0.003296427
4.0464,0.13,12.6238,471.611,-0.324608885,-0.003900597
4.0464,0.14,12.6238,466.031,-0.31976872,-0.004560383
4.0464,0.15,12.6238,460.932,-0.314962831,-0.005278909
4.0464,0.16,12.6238,456.252,-0.310189474,-0.006057309
4.0464,0.17,12.6238,451.937,-0.305442866,-0.006896728
4.0464,0.18,12.6238,447.94,-0.300720032,-0.007798328
4.0464,0.19,12.6238,444.224,-0.296019398,-0.008765303
4.0464,0.2,12.6238,440.755,-0.291336743,-0.009797842
4.0464,0.21,12.6238,437.506,-0.286670584,-0.010899181
4.0464,0.22,12.6238,434.454,-0.282019469,-0.012069545
4.0464,0.23,12.6238,431.578,-0.277381968,-0.013311202
4.0464,0.24,12.6238,428.86,-0.272755365,-0.014627462
4.0464,0.25,12.6238,426.286,-0.26813961,-0.016018616
4.0464,0.26,12.6238,423.841,-0.263534649,-0.017488028
4.0464,0.27,12.6238,421.515,-0.258937841,-0.01903706
4.0464,0.28,12.6238,419.297,-0.254349171,-0.020668122
4.0464,0.29,12.6238,417.179,-0.249768624,-0.022383655
4.0464,0.3,12.6238,415.152,-0.245196183,-0.024185116
4.0464,0.31,12.6238,413.209,-0.24062929,-0.026076044
4.0464,0.32,12.6238,411.344,-0.236070495,-0.028058998
4.0464,0.33,12.6238,409.551,-0.231517263,-0.030135549
4.0464,0.34,12.6238,407.825,-0.226972121,-0.032309372
4.0464,0.35,12.6238,406.161,-0.222432554,-0.034583163
4.0464,0.36,12.6238,404.556,-0.21789858,-0.036959671
4.0464,0.37,12.6238,403.006,-0.213372692,-0.039440657
4.0464,0.38,12.6238,401.507,-0.20885364,-0.042031058
4.0464,0.39,12.6238,400.056,-0.204340198,-0.044732757
4.0464,0.4,12.6238,398.65,-0.199836044,-0.047549784
4.0464,0.41,12.6238,397.286,-0.195338714,-0.0504852
4.0464,0.42,12.6238,395.963,-0.190849416,-0.053542137
4.0464,0.43,12.6238,394.678,-0.186369338,-0.056724861
4.0464,0.44,12.6238,393.429,-0.181898446,-0.06003667
4.0464,0.45,12.6238,392.214,-0.177436707,-0.063482013
4.0464,0.46,12.6238,391.032,-0.172985276,-0.067064375
4.0464,0.47,12.6238,389.88,-0.168545287,-0.070788411
4.0464,0.48,12.6238,388.758,-0.164116676,-0.074657816
4.0464,0.49,12.6238,387.664,-0.159700552,-0.078677473
4.0464,0.5,12.6238,386.596,-0.155298004,-0.082852401
4.0464,0.51,12.6238,385.555,-0.150910103,-0.087187756
4.0464,0.52,12.6238,384.537,-0.14653674,-0.091686653
4.0464,0.53,12.6238,383.543,-0.142180114,-0.096355626
4.0464,0.54,12.6238,382.571,-0.137841238,-0.101200293
4.0464,0.55,12.6238,381.621,-0.133521107,-0.106226446
4.0464,0.56,12.6238,380.692,-0.129219559,-0.111437834
4.0464,0.57,12.6238,379.783,-0.124939835,-0.116842853
4.0464,0.58,12.6238,378.893,-0.120682861,-0.122446769
4.0464,0.59,12.6238,378.021,-0.116450674,-0.128256188
4.0464,0.6,12.6238,377.167,-0.112243035,-0.134277957
4.0464,0.61,12.6238,376.331,-0.108063053,-0.140518028
4.0464,0.62,12.6238,375.511,-0.103911566,-0.146984915
4.0464,0.63,12.6238,374.708,-0.099790501,-0.153685122
4.0464,0.64,12.6238,373.92,-0.095702857,-0.160627778
4.0464,0.65,12.6238,373.148,-0.091650485,-0.167820014
4.0464,0.66,12.6238,372.391,-0.087635208,-0.175270474
4.0464,0.67,12.6238,371.648,-0.083658821,-0.182988179
4.0464,0.68,12.6238,370.919,-0.079724175,-0.190982555
4.0464,0.69,12.6238,370.204,-0.075832998,-0.199262243
4.0464,0.7,12.6238,369.502,-0.071990216,-0.207837538
4.0464,0.71,12.6238,368.813,-0.068196403,-0.21671799
4.0464,0.72,12.6238,368.138,-0.064455325,-0.225914888
4.0464,0.73,12.6238,367.475,-0.060769632,-0.235440095
4.0464,0.74,12.6238,366.824,-0.057144061,-0.24530353
4.0464,0.75,12.6238,366.185,-0.053581173,-0.255518252
4.0464,0.76,12.6238,365.559,-0.050084552,-0.266095417
4.0464,0.77,12.6238,364.944,-0.046657739,-0.277049466
4.0464,0.78,12.6238,364.341,-0.043305284,-0.288392992
4.0464,0.79,12.6238,363.749,-0.040031682,-0.300139343
4.0464,0.8,12.6238,363.169,-0.036841386,-0.312302688
4.0464,0.81,12.6238,362.6,-0.033738806,-0.324900844
4.0464,0.82,12.6238,362.042,-0.030728316,-0.33794432
4.0464,0.83,12.6238,361.496,-0.027817339,-0.351454309
4.0464,0.84,12.6238,360.96,-0.025010163,-0.365443274
4.0464,0.85,12.6238,360.436,-0.022312073,-0.379928949
4.0464,0.86,12.6238,359.923,-0.01972935,-0.394930295
4.0464,0.87,12.6238,359.42,-0.017270276,-0.410466092
4.0464,0.88,12.6238,358.929,-0.014939034,-0.42655188
4.0464,0.89,12.6238,358.449,-0.012744872,-0.443209032
4.0464,0.9,12.6238,357.98,-0.010693977,-0.460455756
4.0464,0.91,12.6238,357.523,-0.008795568,-0.478311645
4.0464,0.92,12.6238,357.077,-0.007055834,-0.496797809
4.0464,0.93,12.6238,356.642,-0.005485015,-0.515935323
4.0464,0.94,12.6238,356.219,-0.004092362,-0.535741803
4.0464,0.95,12.6238,355.807,-0.002885158,-0.556237999
4.0464,0.96,12.6238,355.408,-0.001874756,-0.57744453
4.0464,0.97,12.6238,355.02,-0.001070573,-0.599380009
4.0464,0.98,12.6238,354.645,-0.000483117,-0.622062631
4.0464,0.99,12.6238,354.282,-0.000122007,-0.645510062
4.0464,1.0,12.6238,353.932,0.0,-0.669735388
13.7405,0.0,7.1974,447.459,-0.004151606,0.0
13.7405,0.01,7.1974,447.872,-0.005909426,1e-05
13.7405,0.02,7.1974,448.29,-0.007524236,3e-05
13.7405,0.03,7.1974,448.713,-0.0090024,5.9998e-05
13.7405,0.04,7.1974,449.14,-0.010354422,9.9995e-05
13.7405,0.05,7.1974,449.573,-0.011586869,0.000149989
13.7405,0.06,7.1974,450.012,-0.012705372,0.00019998
13.7405,0.07,7.1974,450.456,-0.013719686,0.000259966
13.7405,0.08,7.1974,450.907,-0.014632535,0.000309952
13.7405,0.09,7.1974,451.363,-0.015452782,0.000369932
13.7405,0.1,7.1974,451.826,-0.016184261,0.000419912
13.7405,0.11,7.1974,452.295,-0.016833898,0.000479885
13.7405,0.12,7.1974,452.772,-0.017404585,0.000519865
13.7405,0.13,7.1974,453.255,-0.017903312,0.000569838
13.7405,0.14,7.1974,453.745,-0.018333028,0.00059982
13.7405,0.15,7.1974,454.243,-0.018698737,0.000629802
13.7405,0.16,7.1974,454.749,-0.019003427,0.000649789
13.7405,0.17,7.1974,455.263,-0.019252139,0.000659782
13.7405,0.18,7.1974,455.785,-0.01944789,0.000659782
13.7405,0.19,7.1974,456.315,-0.019593709,0.000639795
13.7405,0.2,7.1974,456.854,-0.019692633,0.000619808
13.7405,0.21,7.1974,457.402,-0.019749749,0.000589826
13.7405,0.22,7.1974,457.96,-0.019765048,0.000539854
13.7405,0.23,7.1974,458.527,-0.019743629,0.00046989
13.7405,0.24,7.1974,459.103,-0.019686514,0.00039992
13.7405,0.25,7.1974,459.69,-0.019596768,0.000309952
13.7405,0.26,7.1974,460.287,-0.019476441,0.00019998
13.7405,0.27,7.1974,460.896,-0.01932758,7.9997e-05
13.7405,0.28,7.1974,461.515,-0.019153258,-5.5002e-05
13.7405,0.29,7.1974,462.146,-0.018955526,-0.000208022
13.7405,0.3,7.1974,462.788,-0.018734398,-0.000377071
13.7405,0.31,7.1974,463.443,-0.018492945,-0.000562158
13.7405,0.32,7.1974,464.11,-0.018233219,-0.000765293
13.7405,0.33,7.1974,464.791,-0.017955235,-0.000985485
13.7405,0.34,7.1974,465.484,-0.01766206,-0.001222747
13.7405,0.35,7.1974,466.192,-0.017354726,-0.001478092
13.7405,0.36,7.1974,466.914,-0.017034263,-0.001751533
13.7405,0.37,7.1974,467.651,-0.016702717,-0.002044088
13.7405,0.38,7.1974,468.404,-0.0163601,-0.002353768
13.7405,0.39,7.1974,469.172,-0.016008454,-0.002682595
13.7405,0.4,7.1974,469.957,-0.015648806,-0.003029585
13.7405,0.41,7.1974,470.76,-0.01528218,-0.003396762
13.7405,0.42,7.1974,471.579,-0.014908583,-0.003782143
13.7405,0.43,7.1974,472.418,-0.014531066,-0.004186752
13.7405,0.44,7.1974,473.275,-0.014147607,-0.004610613
13.7405,0.45,7.1974,474.153,-0.013762267,-0.005054754
13.7405,0.46,7.1974,475.051,-0.013373022,-0.005518197
13.7405,0.47,7.1974,475.971,-0.012981901,-0.006001976
13.7405,0.48,7.1974,476.913,-0.012589922,-0.006506119
13.7405,0.49,7.1974,477.878,-0.012198095,-0.00702965
13.7405,0.5,7.1974,478.868,-0.01180541,-0.007573607
13.7405,0.51,7.1974,479.883,-0.011413891,-0.008138024
13.7405,0.52,7.1974,480.925,-0.011022525,-0.008723943
13.7405,0.53,7.1974,481.994,-0.010634345,-0.009330393
13.7405,0.54,7.1974,483.093,-0.010248335,-0.009957411
13.7405,0.55,7.1974,484.222,-0.009864495,-0.010606046
13.7405,0.56,7.1974,485.383,-0.00948383,-0.01127634
13.7405,0.57,7.1974,486.577,-0.009107346,-0.011969348
13.7405,0.58,7.1974,487.806,-0.00873504,-0.012683091
13.7405,0.59,7.1974,489.071,-0.008366905,-0.013419642
13.7405,0.6,7.1974,490.376,-0.008003946,-0.014178035
13.7405,0.61,7.1974,491.721,-0.007646158,-0.014959335
13.7405,0.62,7.1974,493.109,-0.007293533,-0.015764611
13.7405,0.63,7.1974,494.542,-0.006947075,-0.016592904
13.7405,0.64,7.1974,496.023,-0.006606777,-0.017445288
13.7405,0.65,7.1974,497.554,-0.006272632,-0.018321824
13.7405,0.66,7.1974,499.139,-0.00594564,-0.019222576
13.7405,0.67,7.1974,500.781,-0.005625795,-0.020149648
13.7405,0.68,7.1974,502.482,-0.005312084,-0.02110107
13.7405,0.69,7.1974,504.247,-0.005006512,-0.022079978
13.7405,0.7,7.1974,506.079,-0.004708066,-0.02308543
13.7405,0.71,7.1974,507.984,-0.004417744,-0.024118527
13.7405,0.72,7.1974,509.965,-0.00413554,-0.025180382
13.7405,0.73,7.1974,512.028,-0.003861446,-0.026271083
13.7405,0.74,7.1974,514.177,-0.003595456,-0.027390724
13.7405,0.75,7.1974,516.42,-0.003337563,-0.028542489
13.7405,0.76,7.1974,518.762,-0.003088765,-0.029725456
13.7405,0.77,7.1974,521.21,-0.002848052,-0.030940767
13.7405,0.78,7.1974,523.771,-0.00261642,-0.032190602
13.7405,0.79,7.1974,526.454,-0.002393863,-0.033475091
13.7405,0.8,7.1974,529.265,-0.002180375,-0.034795399
13.7405,0.81,7.1974,532.215,-0.001976953,-0.036152704
13.7405,0.82,7.1974,535.312,-0.001781586,-0.037549231
13.7405,0.83,7.1974,538.565,-0.001596273,-0.038986181
13.7405,0.84,7.1974,541.983,-0.001420008,-0.040462684
13.7405,0.85,7.1974,545.575,-0.001253786,-0.041982042
13.7405,0.86,7.1974,549.35,-0.001097602,-0.043543403
13.7405,0.87,7.1974,553.313,-0.000950452,-0.045148005
13.7405,0.88,7.1974,557.469,-0.000814331,-0.046797102
13.7405,0.89,7.1974,561.821,-0.000687236,-0.04848881
13.7405,0.9,7.1974,566.366,-0.000570163,-0.050222289
13.7405,0.91,7.1974,571.096,-0.000464108,-0.051995646
13.7405,0.92,7.1974,576.001,-0.000369068,-0.053806977
13.7405,0.93,7.1974,581.057,-0.00028404,-0.055652255
13.7405,0.94,7.1974,586.237,-0.000209022,-0.057525305
13.7405,0.95,7.1974,591.51,-0.000146011,-0.059420971
13.7405,0.96,7.1974,596.828,-9.4004e-05,-0.061332998
13.7405,0.97,7.1974,602.144,-5.3001e-05,-0.063254013
13.7405,0.98,7.1974,607.4,-2.4e-05,-0.065173389
13.7405,0.99,7.1974,612.531,-6e-06,-0.067083624
13.7405,1.0,7.1974,617.423,0.0,-0.068967515
7.1974,0.0,13.7405,617.423,-0.068967515,0.0
7.1974,0.01,13.7405,612.531,-0.067083624,-6e-06
7.1974,0.02,13.7405,607.4,-0.065173389,-2.4e-05
7.1974,0.03,13.7405,602.144,-0.063254013,-5.3001e-05
7.1974,0.04,13.7405,596.828,-0.061332998,-9.4004e-05
7.1974,0.05,13.7405,591.51,-0.059420971,-0.000146011
7.1974,0.06,13.7405,586.237,-0.057525305,-0.000209022
7.1974,0.07,13.7405,581.057,-0.055652255,-0.00028404
7.1974,0.08,13.7405,576.001,-0.053806977,-0.000369068
7.1974,0.09,13.7405,571.096,-0.051995646,-0.000464108
7.1974,0.1,13.7405,566.366,-0.050222289,-0.000570163
7.1974,0.11,13.7405,561.821,-0.04848881,-0.000687236
7.1974,0.12,13.7405,557.469,-0.046797102,-0.000814331
7.1974,0.13,13.7405,553.313,-0.045148005,-0.000950452
7.1974,0.14,13.7405,549.35,-0.043543403,-0.001097602
7.1974,0.15,13.7405,545.575,-0.041982042,-0.001253786
7.1974,0.16,13.7405,541.983,-0.040462684,-0.001420008
7.1974,0.17,13.7405,538.565,-0.038986181,-0.001596273
7.1974,0.18,13.7405,535.312,-0.037549231,-0.001781586
7.1974,0.19,13.7405,532.215,-0.036152704,-0.001976953
7.1974,0.2,13.7405,529.265,-0.034795399,-0.002180375
7.1974,0.21,13.7405,526.454,-0.033475091,-0.002393863
7.1974,0.22,13.7405,523.771,-0.032190602,-0.00261642
7.1974,0.23,13.7405,521.21,-0.030940767,-0.002848052
7.1974,0.24,13.7405,518.762,-0.029725456,-0.003088765
7.1974,0.25,13.7405,516.42,-0.028542489,-0.003337563
7.1974,0.26,13.7405,514.177,-0.027390724,-0.003595456
7.1974,0.27,13.7405,512.028,-0.026271083,-0.003861446
7.1974,0.28,13.7405,509.965,-0.025180382,-0.00413554
7.1974,0.29,13.7405,507.984,-0.024118527,-0.004417744
7.1974,0.3,13.7405,506.079,-0.02308543,-0.004708066
7.1974,0.31,13.7405,504.247,-0.022079978,-0.005006512
7.1974,0.32,13.7405,502.482,-0.02110107,-0.005312084
7.1974,0.33,13.7405,500.781,-0.020149648,-0.005625795
7.1974,0.34,13.7405,499.139,-0.019222576,-0.00594564
7.1974,0.35,13.7405,497.554,-0.018321824,-0.006272632
7.1974,0.36,13.7405,496.023,-0.017445288,-0.006606777
7.1974,0.37,13.7405,494.542,-0.016592904,-0.006947075
7.1974,0.38,13.7405,493.109,-0.015764611,-0.007293533
7.1974,0.39,13.7405,491.721,-0.014959335,-0.007646158
7.1974,0.4,13.7405,490.376,-0.014178035,-0.008003946
7.1974,0.41,13.7405,489.071,-0.013419642,-0.008366905
7.1974,0.42,13.7405,487.806,-0.012683091,-0.00873504
7.1974,0.43,13.7405,486.577,-0.011969348,-0.009107346
7.1974,0.44,13.7405,485.383,-0.01127634,-0.00948383
7.1974,0.45,13.7405,484.222,-0.010606046,-0.009864495
7.1974,0.46,13.7405,483.093,-0.009957411,-0.010248335
7.1974,0.47,13.7405,481.994,-0.009330393,-0.010634345
7.1974,0.48,13.7405,480.925,-0.008723943,-0.011022525
7.1974,0.49,13.7405,479.883,-0.008138024,-0.011413891
7.1974,0.5,13.7405,478.868,-0.007573607,-0.01180541
7.1974,0.51,13.7405,477.878,-0.00702965,-0.012198095
7.1974,0.52,13.7405,476.913,-0.006506119,-0.012589922
7.1974,0.53,13.7405,475.971,-0.006001976,-0.012981901
7.1974,0.54,13.7405,475.051,-0.005518197,-0.013373022
7.1974,0.55,13.7405,474.153,-0.005054754,-0.013762267
7.1974,0.56,13.7405,473.275,-0.004610613,-0.014147607
7.1974,0.57,13.7405,472.418,-0.004186752,-0.014531066
7.1974,0.58,13.7405,471.579,-0.003782143,-0.014908583
7.1974,0.59,13.7405,470.76,-0.003396762,-0.01528218
7.1974,0.6,13.7405,469.957,-0.003029585,-0.015648806
7.1974,0.61,13.7405,469.172,-0.002682595,-0.016008454
7.1974,0.62,13.7405,468.404,-0.002353768,-0.0163601
7.1974,0.63,13.7405,467.651,-0.002044088,-0.016702717
7.1974,0.64,13.7405,466.914,-0.001751533,-0.017034263
7.1974,0.65,13.7405,466.192,-0.001478092,-0.017354726
7.1974,0.66,13.7405,465.484,-0.001222747,-0.01766206
7.1974,0.67,13.7405,464.791,-0.000985485,-0.017955235
7.1974,0.68,13.7405,464.11,-0.000765293,-0.018233219
7.1974,0.69,13.7405,463.443,-0.000562158,-0.018492945
7.1974,0.7,13.7405,462.788,-0.000377071,-0.018734398
7.1974,0.71,13.7405,462.146,-0.000208022,-0.018955526
7.1974,0.72,13.7405,461.515,-5.5002e-05,-0.019153258
7.1974,0.73,13.7405,460.896,7.9997e-05,-0.01932758
7.1974,0.74,13.7405,460.287,0.00019998,-0.019476441
7.1974,0.75,13.7405,459.69,0.000309952,-0.019596768
7.1974,0.76,13.7405,459.103,0.00039992,-0.019686514
7.1974,0.77,13.7405,458.527,0.00046989,-0.019743629
7.1974,0.78,13.7405,457.96,0.000539854,-0.019765048
7.1974,0.79,13.7405,457.402,0.000589826,-0.019749749
7.1974,0.8,13.7405,456.854,0.000619808,-0.019692633
7.1974,0.81,13.7405,456.315,0.000639795,-0.019593709
7.1974,0.82,13.7405,455.785,0.000659782,-0.01944789
7.1974,0.83,13.7405,455.263,0.000659782,-0.019252139
7.1974,0.84,13.7405,454.749,0.000649789,-0.019003427
7.1974,0.85,13.7405,454.243,0.000629802,-0.018698737
7.1974,0.86,13.7405,453.745,0.00059982,-0.018333028
7.1974,0.87,13.7405,453.255,0.000569838,-0.017903312
7.1974,0.88,13.7405,452.772,0.000519865,-0.017404585
7.1974,0.89,13.7405,452.295,0.000479885,-0.016833898
7.1974,0.9,13.7405,451.826,0.000419912,-0.016184261
7.1974,0.91,13.7405,451.363,0.000369932,-0.015452782
7.1974,0.92,13.7405,450.907,0.000309952,-0.014632535
7.1974,0.93,13.7405,450.456,0.000259966,-0.013719686
7.1974,0.94,13.7405,450.012,0.00019998,-0.012705372
7.1974,0.95,13.7405,449.573,0.000149989,-0.011586869
7.1974,0.96,13.7405,449.14,9.9995e-05,-0.010354422
7.1974,0.97,13.7405,448.713,5.9998e-05,-0.0090024
7.1974,0.98,13.7405,448.29,3e-05,-0.007524236
7.1974,0.99,13.7405,447.872,1e-05,-0.005909426
7.1974,1.0,13.7405,447.459,0.0,-0.004151606
13.7405,0.0,7.8718,469.086,0.051130281,0.0
13.7405,0.01,7.8718,469.513,0.048170925,1e-05
13.7405,0.02,7.8718,469.944,0.045346145,4.9999e-05
13.7405,0.03,7.8718,470.379,0.04265711,0.000119993
13.7405,0.04,7.8718,470.819,0.040104937,0.00019998
13.7405,0.05,7.8718,471.264,0.037671437,0.000309952
13.7405,0.06,7.8718,471.714,0.035367144,0.000429908
13.7405,0.07,7.8718,472.169,0.033163946,0.000569838
13.7405,0.08,7.8718,472.63,0.03107222,0.000719741
13.7405,0.09,7.8718,473.096,0.029082961,0.000889604
13.7405,0.1,7.8718,473.568,0.027196792,0.001069428
13.7405,0.11,7.8718,474.047,0.025394805,0.001249219
13.7405,0.12,7.8718,474.531,0.023696995,0.00144895
13.7405,0.13,7.8718,475.022,0.022074554,0.00164864
13.7405,0.14,7.8718,475.52,0.020547448,0.001858272
13.7405,0.15,7.8718,476.025,0.019086685,0.00207784
13.7405,0.16,7.8718,476.537,0.017712209,0.002297359
13.7405,0.17,7.8718,477.057,0.016404704,0.00251683
13.7405,0.18,7.8718,477.584,0.015164437,0.002736253
13.7405,0.19,7.8718,478.119,0.013991659,0.002965598
13.7405,0.2,7.8718,478.663,0.012876738,0.003184923
13.7405,0.21,7.8718,479.215,0.011829752,0.003414165
13.7405,0.22,7.8718,479.775,0.010841023,0.003633391
13.7405,0.23,7.8718,480.345,0.009910726,0.003852569
13.7405,0.24,7.8718,480.924,0.009029115,0.004071699
13.7405,0.25,7.8718,481.513,0.008196318,0.004280824
13.7405,0.26,7.8718,482.111,0.00741246,0.004489905
13.7405,0.27,7.8718,482.72,0.006677655,0.004688989
13.7405,0.28,7.8718,483.339,0.005982072,0.004888034
13.7405,0.29,7.8718,483.97,0.005325793,0.00507709
13.7405,0.3,7.8718,484.611,0.004718849,0.00526611
13.7405,0.31,7.8718,485.265,0.004151371,0.005435202
13.7405,0.32,7.8718,485.93,0.003613464,0.005604267
13.7405,0.33,7.8718,486.607,0.003115143,0.00576336
13.7405,0.34,7.8718,487.298,0.002646495,0.005912487
13.7405,0.35,7.8718,488.002,0.002207562,0.006061591
13.7405,0.36,7.8718,488.719,0.001798382,0.006190797
13.7405,0.37,7.8718,489.451,0.001428979,0.00631005
13.7405,0.38,7.8718,490.197,0.001079417,0.006419352
13.7405,0.39,7.8718,490.958,0.000759711,0.006518707
13.7405,0.4,7.8718,491.736,0.000459894,0.006608118
13.7405,0.41,7.8718,492.529,0.000189982,0.006687588
13.7405,0.42,7.8718,493.339,-6.6002e-05,0.006747186
13.7405,0.43,7.8718,494.167,-0.000295044,0.006796849
13.7405,0.44,7.8718,495.013,-0.000504127,0.006836577
13.7405,0.45,7.8718,495.878,-0.00069324,0.006866372
13.7405,0.46,7.8718,496.762,-0.000864373,0.006876304
13.7405,0.47,7.8718,497.667,-0.001017517,0.006876304
13.7405,0.48,7.8718,498.592,-0.001154666,0.006856441
13.7405,0.49,7.8718,499.539,-0.001275814,0.006826645
13.7405,0.5,7.8718,500.51,-0.001382956,0.006776984
13.7405,0.51,7.8718,501.503,-0.001475087,0.006717388
13.7405,0.52,7.8718,502.522,-0.001554207,0.00663792
13.7405,0.53,7.8718,503.566,-0.001621314,0.006548512
13.7405,0.54,7.8718,504.637,-0.001676404,0.006439224
13.7405,0.55,7.8718,505.736,-0.001720479,0.00631005
13.7405,0.56,7.8718,506.864,-0.001754538,0.006170921
13.7405,0.57,7.8718,508.022,-0.001778581,0.006011892
13.7405,0.58,7.8718,509.212,-0.001792606,0.005832955
13.7405,0.59,7.8718,510.435,-0.001799618,0.005644042
13.7405,0.6,7.8718,511.693,-0.001797615,0.005425257
13.7405,0.61,7.8718,512.988,-0.001788599,0.005196475
13.7405,0.62,7.8718,514.32,-0.001773572,0.004937789
13.7405,0.63,7.8718,515.692,-0.001751533,0.004669083
13.7405,0.64,7.8718,517.106,-0.001723484,0.004380392
13.7405,0.65,7.8718,518.564,-0.001690428,0.004071699
13.7405,0.66,7.8718,520.068,-0.001652364,0.003733024
13.7405,0.67,7.8718,521.621,-0.001610296,0.003384267
13.7405,0.68,7.8718,523.224,-0.001563221,0.003005479
13.7405,0.69,7.8718,524.881,-0.001514146,0.0026066
13.7405,0.7,7.8718,526.593,-0.001461067,0.002187605
13.7405,0.71,7.8718,528.365,-0.001404987,0.001738488
13.7405,0.72,7.8718,530.199,-0.001345905,0.001269194
13.7405,0.73,7.8718,532.098,-0.001285826,0.000779696
13.7405,0.74,7.8718,534.066,-0.001223748,0.000259966
13.7405,0.75,7.8718,536.107,-0.001160673,-0.000290042
13.7405,0.76,7.8718,538.223,-0.0010956,-0.000862372
13.7405,0.77,7.8718,540.419,-0.001030531,-0.001462068
13.7405,0.78,7.8718,542.699,-0.000965466,-0.002090183
13.7405,0.79,7.8718,545.067,-0.000899404,-0.002746769
13.7405,0.8,7.8718,547.527,-0.000834348,-0.003433889
13.7405,0.81,7.8718,550.083,-0.000769296,-0.004150602
13.7405,0.82,7.8718,552.739,-0.000705249,-0.004897976
13.7405,0.83,7.8718,555.499,-0.000642206,-0.00567809
13.7405,0.84,7.8718,558.366,-0.000580168,-0.006489008
13.7405,0.85,7.8718,561.343,-0.000520135,-0.00733282
13.7405,0.86,7.8718,564.433,-0.000462107,-0.008209607
13.7405,0.87,7.8718,567.637,-0.000406082,-0.009119456
13.7405,0.88,7.8718,570.956,-0.000353062,-0.010062457
13.7405,0.89,7.8718,574.388,-0.000302046,-0.011037692
13.7405,0.9,7.8718,577.932,-0.000254032,-0.012044242
13.7405,0.91,7.8718,581.584,-0.000209022,-0.0130822
13.7405,0.92,7.8718,585.334,-0.000168014,-0.01415065
13.7405,0.93,7.8718,589.179,-0.000131009,-0.015246642
13.7405,0.94,7.8718,593.104,-9.8005e-05,-0.016368232
13.7405,0.95,7.8718,597.095,-6.9002e-05,-0.017514487
13.7405,0.96,7.8718,601.138,-4.5001e-05,-0.018680397
13.7405,0.97,7.8718,605.214,-2.5e-05,-0.019863989
13.7405,0.98,7.8718,609.302,-1.1e-05,-0.02106226
13.7405,0.99,7.8718,613.379,-3e-06,-0.022270149
13.7405,1.0,7.8718,617.423,0.0,-0.023484618
7.8718,0.0,13.7405,617.423,-0.023484618,0.0
7.8718,0.01,13.7405,613.379,-0.022270149,-3e-06
7.8718,0.02,13.7405,609.302,-0.02106226,-1.1e-05
7.8718,0.03,13.7405,605.214,-0.019863989,-2.5e-05
7.8718,0.04,13.7405,601.138,-0.018680397,-4.5001e-05
7.8718,0.05,13.7405,597.095,-0.017514487,-6.9002e-05
7.8718,0.06,13.7405,593.104,-0.016368232,-9.8005e-05
7.8718,0.07,13.7405,589.179,-0.015246642,-0.000131009
7.8718,0.08,13.7405,585.334,-0.01415065,-0.000168014
7.8718,0.09,13.7405,581.584,-0.0130822,-0.000209022
7.8718,0.1,13.7405,577.932,-0.012044242,-0.000254032
7.8718,0.11,13.7405,574.388,-0.011037692,-0.000302046
7.8718,0.12,13.7405,570.956,-0.010062457,-0.000353062
7.8718,0.13,13.7405,567.637,-0.009119456,-0.000406082
7.8718,0.14,13.7405,564.433,-0.008209607,-0.000462107
7.8718,0.15,13.7405,561.343,-0.00733282,-0.000520135
7.8718,0.16,13.7405,558.366,-0.006489008,-0.000580168
7.8718,0.17,13.7405,555.499,-0.00567809,-0.000642206
7.8718,0.18,13.7405,552.739,-0.004897976,-0.000705249
7.8718,0.19,13.7405,550.083,-0.004150602,-0.000769296
7.8718,0.2,13.7405,547.527,-0.003433889,-0.000834348
7.8718,0.21,13.7405,545.067,-0.002746769,-0.000899404
7.8718,0.22,13.7405,542.699,-0.002090183,-0.000965466
7.8718,0.23,13.7405,540.419,-0.001462068,-0.001030531
7.8718,0.24,13.7405,538.223,-0.000862372,-0.0010956
7.8718,0.25,13.7405,536.107,-0.000290042,-0.001160673
7.8718,0.26,13.7405,534.066,0.000259966,-0.001223748
7.8718,0.27,13.7405,532.098,0.000779696,-0.001285826
7.8718,0.28,13.7405,530.199,0.001269194,-0.001345905
7.8718,0.29,13.7405,528.365,0.001738488,-0.001404987
7.8718,0.3,13.7405,526.593,0.002187605,-0.001461067
7.8718,0.31,13.7405,524.881,0.0026066,-0.001514146
7.8718,0.32,13.7405,523.224,0.003005479,-0.001563221
7.8718,0.33,13.7405,521.621,0.003384267,-0.001610296
7.8718,0.34,13.7405,520.068,0.003733024,-0.001652364
7.8718,0.35,13.7405,518.564,0.004071699,-0.001690428
7.8718,0.36,13.7405,517.106,0.004380392,-0.001723484
7.8718,0.37,13.7405,515.692,0.004669083,-0.001751533
7.8718,0.38,13.7405,514.32,0.004937789,-0.001773572
7.8718,0.39,13.7405,512.988,0.005196475,-0.001788599
7.8718,0.4,13.7405,511.693,0.005425257,-0.001797615
7.8718,0.41,13.7405,510.435,0.005644042,-0.001799618
7.8718,0.42,13.7405,509.212,0.005832955,-0.001792606
7.8718,0.43,13.7405,508.022,0.006011892,-0.001778581
7.8718,0.44,13.7405,506.864,0.006170921,-0.001754538
7.8718,0.45,13.7405,505.736,0.00631005,-0.001720479
7.8718,0.46,13.7405,504.637,0.006439224,-0.001676404
7.8718,0.47,13.7405,503.566,0.006548512,-0.001621314
7.8718,0.48,13.7405,502.522,0.00663792,-0.001554207
7.8718,0.49,13.7405,501.503,0.006717388,-0.001475087
7.8718,0.5,13.7405,500.51,0.006776984,-0.001382956
7.8718,0.51,13.7405,499.539,0.006826645,-0.001275814
7.8718,0.52,13.7405,498.592,0.006856441,-0.001154666
7.8718,0.53,13.7405,497.667,0.006876304,-0.001017517
7.8718,0.54,13.7405,496.762,0.006876304,-0.000864373
7.8718,0.55,13.7405,495.878,0.006866372,-0.00069324
7.8718,0.56,13.7405,495.013,0.006836577,-0.000504127
7.8718,0.57,13.7405,494.167,0.006796849,-0.000295044
7.8718,0.58,13.7405,493.339,0.006747186,-6.6002e-05
7.8718,0.59,13.7405,492.529,0.006687588,0.000189982
7.8718,0.6,13.7405,491.736,0.006608118,0.000459894
7.8718,0.61,13.7405,490.958,0.006518707,0.000759711
7.8718,0.62,13.7405,490.197,0.006419352,0.001079417
7.8718,0.63,13.7405,489.451,0.00631005,0.001428979
7.8718,0.64,13.7405,488.719,0.006190797,0.001798382
7.8718,0.65,13.7405,488.002,0.006061591,0.002207562
7.8718,0.66,13.7405,487.298,0.005912487,0.002646495
7.8718,0.67,13.7405,486.607,0.00576336,0.003115143
7.8718,0.68,13.7405,485.93,0.005604267,0.003613464
7.8718,0.69,13.7405,485.265,0.005435202,0.004151371
7.8718,0.7,13.7405,484.611,0.00526611,0.004718849
7.8718,0.71,13.7405,483.97,0.00507709,0.005325793
7.8718,0.72,13.7405,483.339,0.004888034,0.005982072
7.8718,0.73,13.7405,482.72,0.004688989,0.006677655
7.8718,0.74,13.7405,482.111,0.004489905,0.00741246
7.8718,0.75,13.7405,481.513,0.004280824,0.008196318
7.8718,0.76,13.7405,480.924,0.004071699,0.009029115
7.8718,0.77,13.7405,480.345,0.003852569,0.009910726
7.8718,0.78,13.7405,479.775,0.003633391,0.010841023
7.8718,0.79,13.7405,479.215,0.003414165,0.011829752
7.8718,0.8,13.7405,478.663,0.003184923,0.012876738
7.8718,0.81,13.7405,478.119,0.002965598,0.013991659
7.8718,0.82,13.7405,477.584,0.002736253,0.015164437
7.8718,0.83,13.7405,477.057,0.00251683,0.016404704
7.8718,0.84,13.7405,476.537,0.002297359,0.017712209
7.8718,0.85,13.7405,476.025,0.00207784,0.019086685
7.8718,0.86,13.7405,475.52,0.001858272,0.020547448
7.8718,0.87,13.7405,475.022,0.00164864,0.022074554
7.8718,0.88,13.7405,474.531,0.00144895,0.023696995
7.8718,0.89,13.7405,474.047,0.001249219,0.025394805
7.8718,0.9,13.7405,473.568,0.001069428,0.027196792
7.8718,0.91,13.7405,473.096,0.000889604,0.029082961
7.8718,0.92,13.7405,472.63,0.000719741,0.03107222
7.8718,0.93,13.7405,472.169,0.000569838,0.033163946
7.8718,0.94,13.7405,471.714,0.000429908,0.035367144
7.8718,0.95,13.7405,471.264,0.000309952,0.037671437
7.8718,0.96,13.7405,470.819,0.00019998,0.040104937
7.8718,0.97,13.7405,470.379,0.000119993,0.04265711
7.8718,0.98,13.7405,469.944,4.9999e-05,0.045346145
7.8718,0.99,13.7405,469.513,1e-05,0.048170925
7.8718,1.0,13.7405,469.086,0.0,0.051130281
13.7405,0.0,5.3952,424.268,-0.307112289,0.0
13.7405,0.01,5.3952,424.681,-0.299545499,-3.9001e-05
13.7405,0.02,5.3952,425.103,-0.291995361,-0.000158012
13.7405,0.03,5.3952,425.533,-0.284483194,-0.000357064
13.7405,0.04,5.3952,425.973,-0.277021763,-0.000637203
13.7405,0.05,5.3952,426.421,-0.269624758,-0.000997497
13.7405,0.06,5.3952,426.878,-0.262304166,-0.001438033
13.7405,0.07,5.3952,427.345,-0.255067749,-0.001957915
13.7405,0.08,5.3952,427.821,-0.247925605,-0.002556264
13.7405,0.09,5.3952,428.306,-0.24088246,-0.003233221
13.7405,0.1,5.3952,428.801,-0.233946696,-0.003985933
13.7405,0.11,5.3952,429.307,-0.227122708,-0.004814571
13.7405,0.12,5.3952,429.822,-0.220412285,-0.005716307
13.7405,0.13,5.3952,430.347,-0.213822131,-0.00669033
13.7405,0.14,5.3952,430.882,-0.207351406,-0.007735845
13.7405,0.15,5.3952,431.428,-0.201005418,-0.008851055
13.7405,0.16,5.3952,431.985,-0.194782068,-0.010033164
13.7405,0.17,5.3952,432.552,-0.188685363,-0.011281396
13.7405,0.18,5.3952,433.131,-0.182715634,-0.012594985
13.7405,0.19,5.3952,433.72,-0.176872032,-0.013970129
13.7405,0.2,5.3952,434.321,-0.17115375,-0.015408097
13.7405,0.21,5.3952,434.933,-0.16556356,-0.016904072
13.7405,0.22,5.3952,435.557,-0.160098332,-0.01845933
13.7405,0.23,5.3952,436.193,-0.154757364,-0.020070063
13.7405,0.24,5.3952,436.841,-0.149541153,-0.021736536
13.7405,0.25,5.3952,437.502,-0.144447904,-0.023454929
13.7405,0.26,5.3952,438.175,-0.139475883,-0.02522653
13.7405,0.27,5.3952,438.862,-0.134625705,-0.027047508
13.7405,0.28,5.3952,439.562,-0.129893447,-0.028918128
13.7405,0.29,5.3952,440.275,-0.125278683,-0.030835567
13.7405,0.3,5.3952,441.003,-0.120779897,-0.03280009
13.7405,0.31,5.3952,441.744,-0.116395624,-0.03480886
13.7405,0.32,5.3952,442.501,-0.112124451,-0.036860062
13.7405,0.33,5.3952,443.273,-0.107963902,-0.038954988
13.7405,0.34,5.3952,444.06,-0.103912675,-0.041089739
13.7405,0.35,5.3952,444.863,-0.099968413,-0.043264558
13.7405,0.36,5.3952,445.682,-0.096129916,-0.045478653
13.7405,0.37,5.3952,446.519,-0.092394933,-0.047730176
13.7405,0.38,5.3952,447.373,-0.088762364,-0.050017267
13.7405,0.39,5.3952,448.245,-0.085230055,-0.052340158
13.7405,0.4,5.3952,449.135,-0.08179591,-0.054696975
13.7405,0.41,5.3952,450.045,-0.078458962,-0.057087946
13.7405,0.42,5.3952,450.975,-0.075216124,-0.059510118
13.7405,0.43,5.3952,451.925,-0.072066519,-0.061964769
13.7405,0.44,5.3952,452.896,-0.069008229,-0.064449992
13.7405,0.45,5.3952,453.89,-0.06603938,-0.06696386
13.7405,0.46,5.3952,454.907,-0.063158141,-0.069507647
13.7405,0.47,5.3952,455.947,-0.060363781,-0.07208049
13.7405,0.48,5.3952,457.012,-0.057653478,-0.074679366
13.7405,0.49,5.3952,458.104,-0.055025514,-0.07730554
13.7405,0.5,5.3952,459.221,-0.052479261,-0.079958128
13.7405,0.51,5.3952,460.367,-0.05001201,-0.082636235
13.7405,0.52,5.3952,461.543,-0.047623195,-0.085338958
13.7405,0.53,5.3952,462.748,-0.045310176,-0.088065387
13.7405,0.54,5.3952,463.986,-0.043072442,-0.09081679
13.7405,0.55,5.3952,465.257,-0.040908457,-0.093591158
13.7405,0.56,5.3952,466.563,-0.038815675,-0.09638756
13.7405,0.57,5.3952,467.906,-0.036793661,-0.099207264
13.7405,0.58,5.3952,469.288,-0.034840958,-0.102049337
13.7405,0.59,5.3952,470.71,-0.032955103,-0.104911727
13.7405,0.6,5.3952,472.175,-0.031136757,-0.107796814
13.7405,0.61,5.3952,473.685,-0.029382468,-0.110702537
13.7405,0.62,5.3952,475.242,-0.027690878,-0.11362905
13.7405,0.63,5.3952,476.85,-0.026062701,-0.116576514
13.7405,0.64,5.3952,478.51,-0.024495582,-0.119545087
13.7405,0.65,5.3952,480.227,-0.022988216,-0.122532672
13.7405,0.66,5.3952,482.003,-0.021539314,-0.125541681
13.7405,0.67,5.3952,483.842,-0.020147607,-0.128571144
13.7405,0.68,5.3952,485.749,-0.018811838,-0.131620077
13.7405,0.69,5.3952,487.727,-0.017531788,-0.134690922
13.7405,0.7,5.3952,489.781,-0.016306227,-0.137781555
13.7405,0.71,5.3952,491.916,-0.015131912,-0.140893282
13.7405,0.72,5.3952,494.139,-0.014010693,-0.144025117
13.7405,0.73,5.3952,496.454,-0.012940367,-0.147179535
13.7405,0.74,5.3952,498.868,-0.011918747,-0.150355557
13.7405,0.75,5.3952,501.389,-0.010946697,-0.153553358
13.7405,0.76,5.3952,504.024,-0.010022053,-0.156774285
13.7405,0.77,5.3952,506.781,-0.009143676,-0.160018529
13.7405,0.78,5.3952,509.67,-0.008312453,-0.163286283
13.7405,0.79,5.3952,512.7,-0.007525244,-0.166578925
13.7405,0.8,5.3952,515.882,-0.006782952,-0.169896666
13.7405,0.81,5.3952,519.226,-0.006082461,-0.173240911
13.7405,0.82,5.3952,522.744,-0.005425692,-0.176611888
13.7405,0.83,5.3952,526.448,-0.004809547,-0.180009831
13.7405,0.84,5.3952,530.348,-0.004234955,-0.183436178
13.7405,0.85,5.3952,534.457,-0.003699836,-0.186892387
13.7405,0.86,5.3952,538.784,-0.003204128,-0.190377519
13.7405,0.87,5.3952,543.338,-0.002746769,-0.193890621
13.7405,0.88,5.3952,548.123,-0.002326705,-0.197433164
13.7405,0.89,5.3952,553.142,-0.001943888,-0.201002973
13.7405,0.9,5.3952,558.391,-0.001597275,-0.204599068
13.7405,0.91,5.3952,563.857,-0.001286828,-0.208219225
13.7405,0.92,5.3952,569.524,-0.00101051,-0.211859951
13.7405,0.93,5.3952,575.362,-0.000769296,-0.215516462
13.7405,0.94,5.3952,581.336,-0.000562158,-0.219183901
13.7405,0.95,5.3952,587.407,-0.000388075,-0.222857342
13.7405,0.96,5.3952,593.522,-0.000247031,-0.226530531
13.7405,0.97,5.3952,599.631,-0.00013801,-0.230198378
13.7405,0.98,5.3952,605.683,-6.1002e-05,-0.233854459
13.7405,0.99,5.3952,611.628,-1.5e-05,-0.237493521
13.7405,1.0,5.3952,617.423,0.0,-0.241111513
5.3952,0.0,13.7405,617.423,-0.241111513,0.0
5.3952,0.01,13.7405,611.628,-0.237493521,-1.5e-05
5.3952,0.02,13.7405,605.683,-0.233854459,-6.1002e-05
5.3952,0.03,13.7405,599.631,-0.230198378,-0.00013801
5.3952,0.04,13.7405,593.522,-0.226530531,-0.000247031
5.3952,0.05,13.7405,587.407,-0.222857342,-0.000388075
5.3952,0.06,13.7405,581.336,-0.219183901,-0.000562158
5.3952,0.07,13.7405,575.362,-0.215516462,-0.000769296
5.3952,0.08,13.7405,569.524,-0.211859951,-0.00101051
5.3952,0.09,13.7405,563.857,-0.208219225,-0.001286828
5.3952,0.1,13.7405,558.391,-0.204599068,-0.001597275
5.3952,0.11,13.7405,553.142,-0.201002973,-0.001943888
5.3952,0.12,13.7405,548.123,-0.197433164,-0.002326705
5.3952,0.13,13.7405,543.338,-0.193890621,-0.002746769
5.3952,0.14,13.7405,538.784,-0.190377519,-0.003204128
5.3952,0.15,13.7405,534.457,-0.186892387,-0.003699836
5.3952,0.16,13.7405,530.348,-0.183436178,-0.004234955
5.3952,0.17,13.7405,526.448,-0.180009831,-0.004809547
5.3952,0.18,13.7405,522.744,-0.176611888,-0.005425692
5.3952,0.19,13.7405,519.226,-0.173240911,-0.006082461
5.3952,0.2,13.7405,515.882,-0.169896666,-0.006782952
5.3952,0.21,13.7405,512.7,-0.166578925,-0.007525244
5.3952,0.22,13.7405,509.67,-0.163286283,-0.008312453
5.3952,0.23,13.7405,506.781,-0.160018529,-0.009143676
5.3952,0.24,13.7405,504.024,-0.156774285,-0.010022053
5.3952,0.25,13.7405,501.389,-0.153553358,-0.010946697
5.3952,0.26,13.7405,498.868,-0.150355557,-0.011918747
5.3952,0.27,13.7405,496.454,-0.147179535,-0.012940367
5.3952,0.28,13.7405,494.139,-0.144025117,-0.014010693
5.3952,0.29,13.7405,491.916,-0.140893282,-0.015131912
5.3952,0.3,13.7405,489.781,-0.137781555,-0.016306227
5.3952,0.31,13.7405,487.727,-0.134690922,-0.017531788
5.3952,0.32,13.7405,485.749,-0.131620077,-0.018811838
5.3952,0.33,13.7405,483.842,-0.128571144,-0.020147607
5.3952,0.34,13.7405,482.003,-0.125541681,-0.021539314
5.3952,0.35,13.7405,480.227,-0.122532672,-0.022988216
5.3952,0.36,13.7405,478.51,-0.119545087,-0.024495582
5.3952,0.37,13.7405,476.85,-0.116576514,-0.026062701
5.3952,0.38,13.7405,475.242,-0.11362905,-0.027690878
5.3952,0.39,13.7405,473.685,-0.110702537,-0.029382468
5.3952,0.4,13.7405,472.175,-0.107796814,-0.031136757
5.3952,0.41,13.7405,470.71,-0.104911727,-0.032955103
5.3952,0.42,13.7405,469.288,-0.102049337,-0.034840958
5.3952,0.43,13.7405,467.906,-0.099207264,-0.036793661
5.3952,0.44,13.7405,466.563,-0.09638756,-0.038815675
5.3952,0.45,13.7405,465.257,-0.093591158,-0.040908457
5.3952,0.46,13.7405,463.986,-0.09081679,-0.043072442
5.3952,0.47,13.7405,462.748,-0.088065387,-0.045310176
5.3952,0.48,13.7405,461.543,-0.085338958,-0.047623195
5.3952,0.49,13.7405,460.367,-0.082636235,-0.05001201
5.3952,0.5,13.7405,459.221,-0.079958128,-0.052479261
5.3952,0.51,13.7405,458.104,-0.07730554,-0.055025514
5.3952,0.52,13.7405,457.012,-0.074679366,-0.057653478
5.3952,0.53,13.7405,455.947,-0.07208049,-0.060363781
5.3952,0.54,13.7405,454.907,-0.069507647,-0.063158141
5.3952,0.55,13.7405,453.89,-0.06696386,-0.06603938
5.3952,0.56,13.7405,452.896,-0.064449992,-0.069008229
5.3952,0.57,13.7405,451.925,-0.061964769,-0.072066519
5.3952,0.58,13.7405,450.975,-0.059510118,-0.075216124
5.3952,0.59,13.7405,450.045,-0.057087946,-0.078458962
5.3952,0.6,13.7405,449.135,-0.054696975,-0.08179591
5.3952,0.61,13.7405,448.245,-0.052340158,-0.085230055
5.3952,0.62,13.7405,447.373,-0.050017267,-0.088762364
5.3952,0.63,13.7405,446.519,-0.047730176,-0.092394933
5.3952,0.64,13.7405,445.682,-0.045478653,-0.096129916
5.3952,0.65,13.7405,444.863,-0.043264558,-0.099968413
5.3952,0.66,13.7405,444.06,-0.041089739,-0.103912675
5.3952,0.67,13.7405,443.273,-0.038954988,-0.107963902
5.3952,0.68,13.7405,442.501,-0.036860062,-0.112124451
5.3952,0.69,13.7405,441.744,-0.03480886,-0.116395624
5.3952,0.7,13.7405,441.003,-0.03280009,-0.120779897
5.3952,0.71,13.7405,440.275,-0.030835567,-0.125278683
5.3952,0.72,13.7405,439.562,-0.028918128,-0.129893447
5.3952,0.73,13.7405,438.862,-0.027047508,-0.134625705
5.3952,0.74,13.7405,438.175,-0.02522653,-0.139475883
5.3952,0.75,13.7405,437.502,-0.023454929,-0.144447904
5.3952,0.76,13.7405,436.841,-0.021736536,-0.149541153
5.3952,0.77,13.7405,436.193,-0.020070063,-0.154757364
5.3952,0.78,13.7405,435.557,-0.01845933,-0.160098332
5.3952,0.79,13.7405,434.933,-0.016904072,-0.16556356
5.3952,0.8,13.7405,434.321,-0.015408097,-0.17115375
5.3952,0.81,13.7405,433.72,-0.013970129,-0.176872032
5.3952,0.82,13.7405,433.131,-0.012594985,-0.182715634
5.3952,0.83,13.7405,432.552,-0.011281396,-0.188685363
5.3952,0.84,13.7405,431.985,-0.010033164,-0.194782068
5.3952,0.85,13.7405,431.428,-0.008851055,-0.201005418
5.3952,0.86,13.7405,430.882,-0.007735845,-0.207351406
5.3952,0.87,13.7405,430.347,-0.00669033,-0.213822131
5.3952,0.88,13.7405,429.822,-0.005716307,-0.220412285
5.3952,0.89,13.7405,429.307,-0.004814571,-0.227122708
5.3952,0.9,13.7405,428.801,-0.003985933,-0.233946696
5.3952,0.91,13.7405,428.306,-0.003233221,-0.24088246
5.3952,0.92,13.7405,427.821,-0.002556264,-0.247925605
5.3952,0.93,13.7405,427.345,-0.001957915,-0.255067749
5.3952,0.94,13.7405,426.878,-0.001438033,-0.262304166
5.3952,0.95,13.7405,426.421,-0.000997497,-0.269624758
5.3952,0.96,13.7405,425.973,-0.000637203,-0.277021763
5.3952,0.97,13.7405,425.533,-0.000357064,-0.284483194
5.3952,0.98,13.7405,425.103,-0.000158012,-0.291995361
5.3952,0.99,13.7405,424.681,-3.9001e-05,-0.299545499
5.3952,1.0,13.7405,424.268,0.0,-0.307112289
13.7405,0.0,4.5972,409.319,-0.703355105,0.0
13.7405,0.01,4.5972,409.714,-0.669340814,-0.000167014
13.7405,0.02,4.5972,410.126,-0.637436258,-0.000646209
13.7405,0.03,4.5972,410.554,-0.607457677,-0.001402984
13.7405,0.04,4.5972,410.997,-0.579243661,-0.002411906
13.7405,0.05,4.5972,411.454,-0.552649856,-0.003646641
13.7405,0.06,4.5972,411.925,-0.52754461,-0.005084906
13.7405,0.07,4.5972,412.409,-0.503813599,-0.006708451
13.7405,0.08,4.5972,412.906,-0.481350967,-0.008500023
13.7405,0.09,4.5972,413.415,-0.460065972,-0.010445363
13.7405,0.1,4.5972,413.936,-0.439871787,-0.012528151
13.7405,0.11,4.5972,414.468,-0.420693981,-0.014739089
13.7405,0.12,4.5972,415.012,-0.402460128,-0.017064779
13.7405,0.13,4.5972,415.568,-0.385109692,-0.019497854
13.7405,0.14,4.5972,416.134,-0.368584149,-0.022027841
13.7405,0.15,4.5972,416.712,-0.352830913,-0.024647264
13.7405,0.16,4.5972,417.301,-0.337802721,-0.027349614
13.7405,0.17,4.5972,417.9,-0.323454338,-0.030127304
13.7405,0.18,4.5972,418.511,-0.309747738,-0.03297474
13.7405,0.19,4.5972,419.133,-0.296643439,-0.035885242
13.7405,0.2,4.5972,419.765,-0.284109794,-0.03885622
13.7405,0.21,4.5972,420.409,-0.272111919,-0.041881931
13.7405,0.22,4.5972,421.065,-0.260623481,-0.044957618
13.7405,0.23,4.5972,421.731,-0.249615872,-0.048079517
13.7405,0.24,4.5972,422.41,-0.239064622,-0.051244875
13.7405,0.25,4.5972,423.1,-0.228946607,-0.05444985
13.7405,0.26,4.5972,423.802,-0.21923993,-0.057692674
13.7405,0.27,4.5972,424.516,-0.209923818,-0.060968368
13.7405,0.28,4.5972,425.243,-0.200979743,-0.064276156
13.7405,0.29,4.5972,425.982,-0.192390075,-0.06761204
13.7405,0.3,4.5972,426.735,-0.184138006,-0.070975192
13.7405,0.31,4.5972,427.5,-0.176208679,-0.07436262
13.7405,0.32,4.5972,428.28,-0.168587897,-0.07777237
13.7405,0.33,4.5972,429.073,-0.161260898,-0.081203548
13.7405,0.34,4.5972,429.881,-0.154217015,-0.084653069
13.7405,0.35,4.5972,430.703,-0.147441404,-0.088121083
13.7405,0.36,4.5972,431.541,-0.140924368,-0.091604454
13.7405,0.37,4.5972,432.395,-0.134655453,-0.095102201
13.7405,0.38,4.5972,433.264,-0.128623456,-0.098612226
13.7405,0.39,4.5972,434.151,-0.122819824,-0.102135721
13.7405,0.4,4.5972,435.055,-0.117234061,-0.105669452
13.7405,0.41,4.5972,435.976,-0.111859365,-0.109212369
13.7405,0.42,4.5972,436.917,-0.106686951,-0.112763405
13.7405,0.43,4.5972,437.876,-0.101709411,-0.116322603
13.7405,0.44,4.5972,438.855,-0.096919574,-0.119887749
13.7405,0.45,4.5972,439.856,-0.092309387,-0.123458863
13.7405,0.46,4.5972,440.877,-0.087873203,-0.127034827
13.7405,0.47,4.5972,441.921,-0.08360446,-0.130614508
13.7405,0.48,4.5972,442.989,-0.079497856,-0.134196757
13.7405,0.49,4.5972,444.08,-0.075546083,-0.137782702
13.7405,0.5,4.5972,445.197,-0.071745227,-0.141368883
13.7405,0.51,4.5972,446.341,-0.068090422,-0.14495641
13.7405,0.52,4.5972,447.512,-0.064575855,-0.148544093
13.7405,0.53,4.5972,448.713,-0.061195847,-0.152130721
13.7405,0.54,4.5972,449.943,-0.05794802,-0.155716238
13.7405,0.55,4.5972,451.206,-0.054826899,-0.159300585
13.7405,0.56,4.5972,452.502,-0.051828174,-0.162882525
13.7405,0.57,4.5972,453.833,-0.048947627,-0.166461987
13.7405,0.58,4.5972,455.202,-0.046183215,-0.170037713
13.7405,0.59,4.5972,456.609,-0.043529824,-0.173608427
13.7405,0.6,4.5972,458.058,-0.040983466,-0.177175222
13.7405,0.61,4.5972,459.55,-0.038542303,-0.180736813
13.7405,0.62,4.5972,461.088,-0.036202473,-0.184293099
13.7405,0.63,4.5972,462.675,-0.033961209,-0.187842771
13.7405,0.64,4.5972,464.313,-0.031814765,-0.191385712
13.7405,0.65,4.5972,466.007,-0.029760483,-0.194920592
13.7405,0.66,4.5972,467.759,-0.027796776,-0.1984485
13.7405,0.67,4.5972,469.574,-0.025919014,-0.201966868
13.7405,0.68,4.5972,471.455,-0.024126723,-0.205476782
13.7405,0.69,4.5972,473.407,-0.022415358,-0.208978107
13.7405,0.7,4.5972,475.436,-0.020784509,-0.212468236
13.7405,0.71,4.5972,477.546,-0.019230731,-0.215947009
13.7405,0.72,4.5972,479.744,-0.01775265,-0.219415509
13.7405,0.73,4.5972,482.037,-0.016347902,-0.222871088
13.7405,0.74,4.5972,484.432,-0.015013135,-0.226313571
13.7405,0.75,4.5972,486.938,-0.013749087,-0.229742778
13.7405,0.76,4.5972,489.563,-0.012551441,-0.233158534
13.7405,0.77,4.5972,492.318,-0.011418949,-0.236558126
13.7405,0.78,4.5972,495.214,-0.010350381,-0.239941348
13.7405,0.79,4.5972,498.264,-0.009343515,-0.24330927
13.7405,0.8,4.5972,501.482,-0.008397158,-0.246657858
13.7405,0.81,4.5972,504.882,-0.007509123,-0.249988165
13.7405,0.82,4.5972,508.482,-0.006679257,-0.253297393
13.7405,0.83,4.5972,512.301,-0.005904397,-0.256586587
13.7405,0.84,4.5972,516.358,-0.005183411,-0.259852921
13.7405,0.85,4.5972,520.674,-0.004515178,-0.263097433
13.7405,0.86,4.5972,525.271,-0.00389859,-0.266317267
13.7405,0.87,4.5972,530.173,-0.003332547,-0.269510841
13.7405,0.88,4.5972,535.398,-0.002814958,-0.272680494
13.7405,0.89,4.5972,540.966,-0.002344747,-0.27582465
13.7405,0.9,4.5972,546.888,-0.001921846,-0.278943036
13.7405,0.91,4.5972,553.167,-0.00154319,-0.28203803
13.7405,0.92,4.5972,559.789,-0.00120873,-0.285113374
13.7405,0.93,4.5972,566.727,-0.000917421,-0.288170192
13.7405,0.94,4.5972,573.929,-0.000669224,-0.291216311
13.7405,0.95,4.5972,581.323,-0.000460106,-0.294254289
13.7405,0.96,4.5972,588.816,-0.000292043,-0.297294794
13.7405,0.97,4.5972,596.3,-0.000163013,-0.300343221
13.7405,0.98,4.5972,603.658,-7.2003e-05,-0.303407742
13.7405,0.99,4.5972,610.768,-1.8e-05,-0.306493911
13.7405,1.0,4.5972,617.423,0.0,-0.309612803
4.5972,0.0,13.7405,617.423,-0.309612803,0.0
4.5972,0.01,13.7405,610.768,-0.306493911,-1.8e-05
4.5972,0.02,13.7405,603.658,-0.303407742,-7.2003e-05
4.5972,0.03,13.7405,596.3,-0.300343221,-0.000163013
4.5972,0.04,13.7405,588.816,-0.297294794,-0.000292043
4.5972,0.05,13.7405,581.323,-0.294254289,-0.000460106
4.5972,0.06,13.7405,573.929,-0.291216311,-0.000669224
4.5972,0.07,13.7405,566.727,-0.288170192,-0.000917421
4.5972,0.08,13.7405,559.789,-0.285113374,-0.00120873
4.5972,0.09,13.7405,553.167,-0.28203803,-0.00154319
4.5972,0.1,13.7405,546.888,-0.278943036,-0.001921846
4.5972,0.11,13.7405,540.966,-0.27582465,-0.002344747
4.5972,0.12,13.7405,535.398,-0.272680494,-0.002814958
4.5972,0.13,13.7405,530.173,-0.269510841,-0.003332547
4.5972,0.14,13.7405,525.271,-0.266317267,-0.00389859
4.5972,0.15,13.7405,520.674,-0.263097433,-0.004515178
4.5972,0.16,13.7405,516.358,-0.259852921,-0.005183411
4.5972,0.17,13.7405,512.301,-0.256586587,-0.005904397
4.5972,0.18,13.7405,508.482,-0.253297393,-0.006679257
4.5972,0.19,13.7405,504.882,-0.249988165,-0.007509123
4.5972,0.2,13.7405,501.482,-0.246657858,-0.008397158
4.5972,0.21,13.7405,498.264,-0.24330927,-0.009343515
4.5972,0.22,13.7405,495.214,-0.239941348,-0.010350381
4.5972,0.23,13.7405,492.318,-0.236558126,-0.011418949
4.5972,0.24,13.7405,489.563,-0.233158534,-0.012551441
4.5972,0.25,13.7405,486.938,-0.229742778,-0.013749087
4.5972,0.26,13.7405,484.432,-0.226313571,-0.015013135
4.5972,0.27,13.7405,482.037,-0.222871088,-0.016347902
4.5972,0.28,13.7405,479.744,-0.219415509,-0.01775265
4.5972,0.29,13.7405,477.546,-0.215947009,-0.019230731
4.5972,0.3,13.7405,475.436,-0.212468236,-0.020784509
4.5972,0.31,13.7405,473.407,-0.208978107,-0.022415358
4.5972,0.32,13.7405,471.455,-0.205476782,-0.024126723
4.5972,0.33,13.7405,469.574,-0.201966868,-0.025919014
4.5972,0.34,13.7405,467.759,-0.1984485,-0.027796776
4.5972,0.35,13.7405,466.007,-0.194920592,-0.029760483
4.5972,0.36,13.7405,464.313,-0.191385712,-0.031814765
4.5972,0.37,13.7405,462.675,-0.187842771,-0.033961209
4.5972,0.38,13.7405,461.088,-0.184293099,-0.036202473
4.5972,0.39,13.7405,459.55,-0.180736813,-0.038542303
4.5972,0.4,13.7405,458.058,-0.177175222,-0.040983466
4.5972,0.41,13.7405,456.609,-0.173608427,-0.043529824
4.5972,0.42,13.7405,455.202,-0.170037713,-0.046183215
4.5972,0.43,13.7405,453.833,-0.166461987,-0.048947627
4.5972,0.44,13.7405,452.502,-0.162882525,-0.051828174
4.5972,0.45,13.7405,451.206,-0.159300585,-0.054826899
4.5972,0.46,13.7405,449.943,-0.155716238,-0.05794802
4.5972,0.47,13.7405,448.713,-0.152130721,-0.061195847
4.5972,0.48,13.7405,447.512,-0.148544093,-0.064575855
4.5972,0.49,13.7405,446.341,-0.14495641,-0.068090422
4.5972,0.5,13.7405,445.197,-0.141368883,-0.071745227
4.5972,0.51,13.7405,444.08,-0.137782702,-0.075546083
4.5972,0.52,13.7405,442.989,-0.134196757,-0.079497856
4.5972,0.53,13.7405,441.921,-0.130614508,-0.08360446
4.5972,0.54,13.7405,440.877,-0.127034827,-0.087873203
4.5972,0.55,13.7405,439.856,-0.123458863,-0.092309387
4.5972,0.56,13.7405,438.855,-0.119887749,-0.096919574
4.5972,0.57,13.7405,437.876,-0.116322603,-0.101709411
4.5972,0.58,13.7405,436.917,-0.112763405,-0.106686951
4.5972,0.59,13.7405,435.976,-0.109212369,-0.111859365
4.5972,0.6,13.7405,435.055,-0.105669452,-0.117234061
4.5972,0.61,13.7405,434.151,-0.102135721,-0.122819824
4.5972,0.62,13.7405,433.264,-0.098612226,-0.128623456
4.5972,0.63,13.7405,432.395,-0.095102201,-0.134655453
4.5972,0.64,13.7405,431.541,-0.091604454,-0.140924368
4.5972,0.65,13.7405,430.703,-0.088121083,-0.147441404
4.5972,0.66,13.7405,429.881,-0.084653069,-0.154217015
4.5972,0.67,13.7405,429.073,-0.081203548,-0.161260898
4.5972,0.68,13.7405,428.28,-0.07777237,-0.168587897
4.5972,0.69,13.7405,427.5,-0.07436262,-0.176208679
4.5972,0.7,13.7405,426.735,-0.070975192,-0.184138006
4.5972,0.71,13.7405,425.982,-0.06761204,-0.192390075
4.5972,0.72,13.7405,425.243,-0.064276156,-0.200979743
4.5972,0.73,13.7405,424.516,-0.060968368,-0.209923818
4.5972,0.74,13.7405,423.802,-0.057692674,-0.21923993
4.5972,0.75,13.7405,423.1,-0.05444985,-0.228946607
4.5972,0.76,13.7405,422.41,-0.051244875,-0.239064622
4.5972,0.77,13.7405,421.731,-0.048079517,-0.249615872
4.5972,0.78,13.7405,421.065,-0.044957618,-0.260623481
4.5972,0.79,13.7405,420.409,-0.041881931,-0.272111919
4.5972,0.8,13.7405,419.765,-0.03885622,-0.284109794
4.5972,0.81,13.7405,419.133,-0.035885242,-0.296643439
4.5972,0.82,13.7405,418.511,-0.03297474,-0.309747738
4.5972,0.83,13.7405,417.9,-0.030127304,-0.323454338
4.5972,0.84,13.7405,417.301,-0.027349614,-0.337802721
4.5972,0.85,13.7405,416.712,-0.024647264,-0.352830913
4.5972,0.86,13.7405,416.134,-0.022027841,-0.368584149
4.5972,0.87,13.7405,415.568,-0.019497854,-0.385109692
4.5972,0.88,13.7405,415.012,-0.017064779,-0.402460128
4.5972,0.89,13.7405,414.468,-0.014739089,-0.420693981
4.5972,0.9,13.7405,413.936,-0.012528151,-0.439871787
4.5972,0.91,13.7405,413.415,-0.010445363,-0.460065972
4.5972,0.92,13.7405,412.906,-0.008500023,-0.481350967
4.5972,0.93,13.7405,412.409,-0.006708451,-0.503813599
4.5972,0.94,13.7405,411.925,-0.005084906,-0.52754461
4.5972,0.95,13.7405,411.454,-0.003646641,-0.552649856
4.5972,0.96,13.7405,410.997,-0.002411906,-0.579243661
4.5972,0.97,13.7405,410.554,-0.001402984,-0.607457677
4.5972,0.98,13.7405,410.126,-0.000646209,-0.637436258
4.5972,0.99,13.7405,409.714,-0.000167014,-0.669340814
4.5972,1.0,13.7405,409.319,0.0,-0.703355105
13.5084,0.0,8.5462,489.517,0.184984674,0.0
13.5084,0.01,8.5462,489.948,0.178330269,3e-05
13.5084,0.02,8.5462,490.382,0.171892361,0.000129992
13.5084,0.03,8.5462,490.819,0.165666969,0.000279961
13.5084,0.04,8.5462,491.258,0.159632769,0.00048988
13.5084,0.05,8.5462,491.701,0.153802048,0.000749719
13.5084,0.06,8.5462,492.147,0.148152728,0.001059439
13.5084,0.07,8.5462,492.597,0.142696762,0.001428979
13.5084,0.08,8.5462,493.051,0.137411356,0.001838309
13.5084,0.09,8.5462,493.509,0.132290623,0.002287382
13.5084,0.1,8.5462,493.971,0.127346053,0.002776143
13.5084,0.11,8.5462,494.438,0.122562706,0.003314501
13.5084,0.12,8.5462,494.909,0.117925248,0.003882454
13.5084,0.13,8.5462,495.386,0.11344475,0.004489905
13.5084,0.14,8.5462,495.868,0.109105494,0.005126835
13.5084,0.15,8.5462,496.356,0.104918418,0.005803129
13.5084,0.16,8.5462,496.849,0.100858396,0.006498837
13.5084,0.17,8.5462,497.349,0.09693613,0.007233773
13.5084,0.18,8.5462,497.854,0.093135089,0.007988011
13.5084,0.19,8.5462,498.366,0.089465862,0.008771418
13.5084,0.2,8.5462,498.885,0.085920783,0.009574022
13.5084,0.21,8.5462,499.411,0.082492013,0.010395776
13.5084,0.22,8.5462,499.945,0.079171559,0.01124652
13.5084,0.23,8.5462,500.485,0.075960541,0.0121163
13.5084,0.24,8.5462,501.034,0.072860051,0.012995195
13.5084,0.25,8.5462,501.591,0.069861827,0.013902905
13.5084,0.26,8.5462,502.157,0.06696682,0.014819645
13.5084,0.27,8.5462,502.731,0.064166577,0.015745388
13.5084,0.28,8.5462,503.314,0.061461918,0.016689945
13.5084,0.29,8.5462,503.907,0.058853643,0.01765326
13.5084,0.3,8.5462,504.509,0.056333073,0.018615649
13.5084,0.31,8.5462,505.121,0.053891416,0.019596724
13.5084,0.32,8.5462,505.744,0.051538764,0.020576837
13.5084,0.33,8.5462,506.378,0.049275761,0.021565778
13.5084,0.34,8.5462,507.023,0.047083948,0.022573295
13.5084,0.35,8.5462,507.68,0.044963805,0.023579799
13.5084,0.36,8.5462,508.348,0.042925381,0.02458529
13.5084,0.37,8.5462,509.029,0.040959585,0.025599518
13.5084,0.38,8.5462,509.723,0.039057238,0.026612719
13.5084,0.39,8.5462,510.43,0.037228345,0.027634622
13.5084,0.4,8.5462,511.151,0.035463664,0.028655482
13.5084,0.41,8.5462,511.887,0.033763542,0.0296753
13.5084,0.42,8.5462,512.637,0.032128314,0.030703778
13.5084,0.43,8.5462,513.403,0.030558303,0.03172151
13.5084,0.44,8.5462,514.184,0.029034393,0.032738209
13.5084,0.45,8.5462,514.982,0.027576256,0.033753874
13.5084,0.46,8.5462,515.797,0.026174441,0.034768509
13.5084,0.47,8.5462,516.63,0.024819434,0.035772467
13.5084,0.48,8.5462,517.482,0.023521195,0.036775418
13.5084,0.49,8.5462,518.352,0.022270169,0.037767735
13.5084,0.5,8.5462,519.243,0.021066534,0.038759068
13.5084,0.51,8.5462,520.154,0.019920267,0.039739809
13.5084,0.52,8.5462,521.086,0.018811941,0.040719589
13.5084,0.53,8.5462,522.041,0.017751506,0.041688819
13.5084,0.54,8.5462,523.019,0.016729282,0.042647527
13.5084,0.55,8.5462,524.022,0.015755232,0.043595744
13.5084,0.56,8.5462,525.049,0.014819645,0.044533498
13.5084,0.57,8.5462,526.102,0.013932491,0.045451263
13.5084,0.58,8.5462,527.183,0.013074159,0.046368186
13.5084,0.59,8.5462,528.292,0.012254605,0.047265192
13.5084,0.6,8.5462,529.431,0.011473922,0.048161395
13.5084,0.61,8.5462,530.6,0.01072231,0.049028231
13.5084,0.62,8.5462,531.802,0.010009735,0.049884803
13.5084,0.63,8.5462,533.037,0.009336281,0.050731136
13.5084,0.64,8.5462,534.307,0.008692114,0.051557759
13.5084,0.65,8.5462,535.614,0.008077291,0.05236472
13.5084,0.66,8.5462,536.959,0.007491866,0.053152066
13.5084,0.67,8.5462,538.343,0.006935891,0.053929317
13.5084,0.68,8.5462,539.77,0.006409416,0.054677561
13.5084,0.69,8.5462,541.239,0.005902546,0.055406324
13.5084,0.7,8.5462,542.755,0.005435202,0.056125102
13.5084,0.71,8.5462,544.318,0.004987542,0.056805574
13.5084,0.72,8.5462,545.93,0.004559589,0.057476141
13.5084,0.73,8.5462,547.595,0.00416133,0.058117953
13.5084,0.74,8.5462,549.313,0.003792798,0.058731065
13.5084,0.75,8.5462,551.089,0.003434097,0.059324954
13.5084,0.76,8.5462,552.923,0.003105174,0.059880816
13.5084,0.77,8.5462,554.819,0.002796087,0.060417542
13.5084,0.78,8.5462,556.78,0.002506855,0.060925753
13.5084,0.79,8.5462,558.808,0.002237495,0.061405493
13.5084,0.8,8.5462,560.905,0.001988023,0.061847403
13.5084,0.81,8.5462,563.074,0.001758453,0.062260929
13.5084,0.82,8.5462,565.319,0.0015488,0.062646107
13.5084,0.83,8.5462,567.641,0.00134909,0.062993578
13.5084,0.84,8.5462,570.043,0.001169316,0.06331277
13.5084,0.85,8.5462,572.527,0.00100949,0.063594326
13.5084,0.86,8.5462,575.096,0.00085963,0.063838276
13.5084,0.87,8.5462,577.749,0.000719741,0.064044649
13.5084,0.88,8.5462,580.489,0.00059982,0.064213468
13.5084,0.89,8.5462,583.317,0.00048988,0.064354129
13.5084,0.9,8.5462,586.231,0.00039992,0.064447892
13.5084,0.91,8.5462,589.23,0.000309952,0.064513521
13.5084,0.92,8.5462,592.314,0.000239971,0.064532271
13.5084,0.93,8.5462,595.479,0.000179984,0.064522896
13.5084,0.94,8.5462,598.719,0.000129992,0.064476019
13.5084,0.95,8.5462,602.031,8.9996e-05,0.064401012
13.5084,0.96,8.5462,605.407,4.9999e-05,0.06428849
13.5084,0.97,8.5462,608.839,3e-05,0.06414782
13.5084,0.98,8.5462,612.317,1e-05,0.06397899
13.5084,0.99,8.5462,615.831,0.0,0.063781985
13.5084,1.0,8.5462,619.367,0.0,0.063575558
8.5462,0.0,13.5084,619.367,0.063575558,0.0
8.5462,0.01,13.5084,615.831,0.063781985,0.0
8.5462,0.02,13.5084,612.317,0.06397899,1e-05
8.5462,0.03,13.5084,608.839,0.06414782,3e-05
8.5462,0.04,13.5084,605.407,0.06428849,4.9999e-05
8.5462,0.05,13.5084,602.031,0.064401012,8.9996e-05
8.5462,0.06,13.5084,598.719,0.064476019,0.000129992
8.5462,0.07,13.5084,595.479,0.064522896,0.000179984
8.5462,0.08,13.5084,592.314,0.064532271,0.000239971
8.5462,0.09,13.5084,589.23,0.064513521,0.000309952
8.5462,0.1,13.5084,586.231,0.064447892,0.00039992
8.5462,0.11,13.5084,583.317,0.064354129,0.00048988
8.5462,0.12,13.5084,580.489,0.064213468,0.00059982
8.5462,0.13,13.5084,577.749,0.064044649,0.000719741
8.5462,0.14,13.5084,575.096,0.063838276,0.00085963
8.5462,0.15,13.5084,572.527,0.063594326,0.00100949
8.5462,0.16,13.5084,570.043,0.06331277,0.001169316
8.5462,0.17,13.5084,567.641,0.062993578,0.00134909
8.5462,0.18,13.5084,565.319,0.062646107,0.0015488
8.5462,0.19,13.5084,563.074,0.062260929,0.001758453
8.5462,0.2,13.5084,560.905,0.061847403,0.001988023
8.5462,0.21,13.5084,558.808,0.061405493,0.002237495
8.5462,0.22,13.5084,556.78,0.060925753,0.002506855
8.5462,0.23,13.5084,554.819,0.060417542,0.002796087
8.5462,0.24,13.5084,552.923,0.059880816,0.003105174
8.5462,0.25,13.5084,551.089,0.059324954,0.003434097
8.5462,0.26,13.5084,549.313,0.058731065,0.003792798
8.5462,0.27,13.5084,547.595,0.058117953,0.00416133
8.5462,0.28,13.5084,545.93,0.057476141,0.004559589
8.5462,0.29,13.5084,544.318,0.056805574,0.004987542
8.5462,0.3,13.5084,542.755,0.056125102,0.005435202
8.5462,0.31,13.5084,541.239,0.055406324,0.005902546
8.5462,0.32,13.5084,539.77,0.054677561,0.006409416
8.5462,0.33,13.5084,538.343,0.053929317,0.006935891
8.5462,0.34,13.5084,536.959,0.053152066,0.007491866
8.5462,0.35,13.5084,535.614,0.05236472,0.008077291
8.5462,0.36,13.5084,534.307,0.051557759,0.008692114
8.5462,0.37,13.5084,533.037,0.050731136,0.009336281
8.5462,0.38,13.5084,531.802,0.049884803,0.010009735
8.5462,0.39,13.5084,530.6,0.049028231,0.01072231
8.5462,0.4,13.5084,529.431,0.048161395,0.011473922
8.5462,0.41,13.5084,528.292,0.047265192,0.012254605
8.5462,0.42,13.5084,527.183,0.046368186,0.013074159
8.5462,0.43,13.5084,526.102,0.045451263,0.013932491
8.5462,0.44,13.5084,525.049,0.044533498,0.014819645
8.5462,0.45,13.5084,524.022,0.043595744,0.015755232
8.5462,0.46,13.5084,523.019,0.042647527,0.016729282
8.5462,0.47,13.5084,522.041,0.041688819,0.017751506
8.5462,0.48,13.5084,521.086,0.040719589,0.018811941
8.5462,0.49,13.5084,520.154,0.039739809,0.019920267
8.5462,0.5,13.5084,519.243,0.038759068,0.021066534
8.5462,0.51,13.5084,518.352,0.037767735,0.022270169
8.5462,0.52,13.5084,517.482,0.036775418,0.023521195
8.5462,0.53,13.5084,516.63,0.035772467,0.024819434
8.5462,0.54,13.5084,515.797,0.034768509,0.026174441
8.5462,0.55,13.5084,514.982,0.033753874,0.027576256
8.5462,0.56,13.5084,514.184,0.032738209,0.029034393
8.5462,0.57,13.5084,513.403,0.03172151,0.030558303
8.5462,0.58,13.5084,512.637,0.030703778,0.032128314
8.5462,0.59,13.5084,511.887,0.0296753,0.033763542
8.5462,0.6,13.5084,511.151,0.028655482,0.035463664
8.5462,0.61,13.5084,510.43,0.027634622,0.037228345
8.5462,0.62,13.5084,509.723,0.026612719,0.039057238
8.5462,0.63,13.5084,509.029,0.025599518,0.040959585
8.5462,0.64,13.5084,508.348,0.02458529,0.042925381
8.5462,0.65,13.5084,507.68,0.023579799,0.044963805
8.5462,0.66,13.5084,507.023,0.022573295,0.047083948
8.5462,0.67,13.5084,506.378,0.021565778,0.049275761
8.5462,0.68,13.5084,505.744,0.020576837,0.051538764
8.5462,0.69,13.5084,505.121,0.019596724,0.053891416
8.5462,0.7,13.5084,504.509,0.018615649,0.056333073
8.5462,0.71,13.5084,503.907,0.01765326,0.058853643
8.5462,0.72,13.5084,503.314,0.016689945,0.061461918
8.5462,0.73,13.5084,502.731,0.015745388,0.064166577
8.5462,0.74,13.5084,502.157,0.014819645,0.06696682
8.5462,0.75,13.5084,501.591,0.013902905,0.069861827
8.5462,0.76,13.5084,501.034,0.012995195,0.072860051
8.5462,0.77,13.5084,500.485,0.0121163,0.075960541
8.5462,0.78,13.5084,499.945,0.01124652,0.079171559
8.5462,0.79,13.5084,499.411,0.010395776,0.082492013
8.5462,0.8,13.5084,498.885,0.009574022,0.085920783
8.5462,0.81,13.5084,498.366,0.008771418,0.089465862
8.5462,0.82,13.5084,497.854,0.007988011,0.093135089
8.5462,0.83,13.5084,497.349,0.007233773,0.09693613
8.5462,0.84,13.5084,496.849,0.006498837,0.100858396
8.5462,0.85,13.5084,496.356,0.005803129,0.104918418
8.5462,0.86,13.5084,495.868,0.005126835,0.109105494
8.5462,0.87,13.5084,495.386,0.004489905,0.11344475
8.5462,0.88,13.5084,494.909,0.003882454,0.117925248
8.5462,0.89,13.5084,494.438,0.003314501,0.122562706
8.5462,0.9,13.5084,493.971,0.002776143,0.127346053
8.5462,0.91,13.5084,493.509,0.002287382,0.132290623
8.5462,0.92,13.5084,493.051,0.001838309,0.137411356
8.5462,0.93,13.5084,492.597,0.001428979,0.142696762
8.5462,0.94,13.5084,492.147,0.001059439,0.148152728
8.5462,0.95,13.5084,491.701,0.000749719,0.153802048
8.5462,0.96,13.5084,491.258,0.00048988,0.159632769
8.5462,0.97,13.5084,490.819,0.000279961,0.165666969
8.5462,0.98,13.5084,490.382,0.000129992,0.171892361
8.5462,0.99,13.5084,489.948,3e-05,0.178330269
8.5462,1.0,13.5084,489.517,0.0,0.184984674
13.5084,0.0,6.523,423.805,0.037353587,0.0
13.5084,0.01,6.523,424.201,0.032718853,2e-05
13.5084,0.02,6.523,424.601,0.028422234,7.9997e-05
13.5084,0.03,6.523,425.005,0.024429163,0.000179984
13.5084,0.04,6.523,425.412,0.020733566,0.000299955
13.5084,0.05,6.523,425.824,0.017309326,0.000439903
13.5084,0.06,6.523,426.241,0.014139564,0.000609814
13.5084,0.07,6.523,426.663,0.011206967,0.000789688
13.5084,0.08,6.523,427.09,0.008493825,0.00098951
13.5084,0.09,6.523,427.522,0.006001952,0.001189293
13.5084,0.1,6.523,427.961,0.003703135,0.001399021
13.5084,0.11,6.523,428.405,0.001588737,0.001608705
13.5084,0.12,6.523,428.856,-0.000352062,0.001818346
13.5084,0.13,6.523,429.313,-0.002130267,0.002037922
13.5084,0.14,6.523,429.778,-0.003756045,0.002237495
13.5084,0.15,6.523,430.249,-0.005238698,0.002447004
13.5084,0.16,6.523,430.728,-0.006587651,0.002636521
13.5084,0.17,6.523,431.214,-0.00781143,0.002826003
13.5084,0.18,6.523,431.709,-0.008916635,0.002995509
13.5084,0.19,6.523,432.211,-0.009912972,0.003164986
13.5084,0.2,6.523,432.722,-0.010805166,0.003314501
13.5084,0.21,6.523,433.242,-0.011601033,0.003444062
13.5084,0.22,6.523,433.771,-0.012306414,0.003563643
13.5084,0.23,6.523,434.31,-0.012927197,0.003663282
13.5084,0.24,6.523,434.858,-0.013468292,0.003742986
13.5084,0.25,6.523,435.416,-0.013935652,0.003812722
13.5084,0.26,6.523,435.984,-0.014334246,0.003852569
13.5084,0.27,6.523,436.563,-0.014668052,0.003882454
13.5084,0.28,6.523,437.153,-0.014942079,0.003882454
13.5084,0.29,6.523,437.754,-0.015159324,0.003872492
13.5084,0.3,6.523,438.367,-0.015324828,0.003832646
13.5084,0.31,6.523,438.992,-0.01544161,0.003772874
13.5084,0.32,6.523,439.63,-0.015512702,0.003683209
13.5084,0.33,6.523,440.281,-0.015542156,0.003573607
13.5084,0.34,6.523,440.945,-0.015531999,0.003444062
13.5084,0.35,6.523,441.622,-0.015486296,0.003294567
13.5084,0.36,6.523,442.315,-0.015407082,0.003115143
13.5084,0.37,6.523,443.022,-0.015297411,0.002905774
13.5084,0.38,6.523,443.744,-0.015159324,0.002676415
13.5084,0.39,6.523,444.482,-0.014994863,0.002417077
13.5084,0.4,6.523,445.237,-0.014807086,0.002137713
13.5084,0.41,6.523,446.009,-0.01459702,0.001828328
13.5084,0.42,6.523,446.799,-0.014367723,0.001498876
13.5084,0.43,6.523,447.608,-0.014119209,0.001139351
13.5084,0.44,6.523,448.435,-0.013854532,0.000759711
13.5084,0.45,6.523,449.283,-0.013575735,0.000339942
13.5084,0.46,6.523,450.151,-0.013283841,-9.7005e-05
13.5084,0.47,6.523,451.041,-0.012979875,-0.000563159
13.5084,0.48,6.523,451.954,-0.012664862,-0.001056558
13.5084,0.49,6.523,452.89,-0.012341848,-0.001578245
13.5084,0.5,6.523,453.851,-0.01200983,-0.002126259
13.5084,0.51,6.523,454.837,-0.011671852,-0.002702649
13.5084,0.52,6.523,455.851,-0.011328931,-0.003307464
13.5084,0.53,6.523,456.893,-0.010980061,-0.003940755
13.5084,0.54,6.523,457.964,-0.010628281,-0.004602576
13.5084,0.55,6.523,459.066,-0.010274603,-0.005292983
13.5084,0.56,6.523,460.201,-0.009918021,-0.006013042
13.5084,0.57,6.523,461.371,-0.009560557,-0.006762816
13.5084,0.58,6.523,462.576,-0.00920322,-0.007541365
13.5084,0.59,6.523,463.819,-0.00884702,-0.008350771
13.5084,0.6,6.523,465.103,-0.008491955,-0.009191109
13.5084,0.61,6.523,466.428,-0.008138024,-0.010062457
13.5084,0.62,6.523,467.799,-0.007787242,-0.010964895
13.5084,0.63,6.523,469.217,-0.007439605,-0.011899519
13.5084,0.64,6.523,470.686,-0.007095111,-0.012866419
13.5084,0.65,6.523,472.209,-0.006754762,-0.0138667
13.5084,0.66,6.523,473.788,-0.006419561,-0.014901478
13.5084,0.67,6.523,475.428,-0.006089503,-0.015970858
13.5084,0.68,6.523,477.134,-0.005764583,-0.017075968
13.5084,0.69,6.523,478.909,-0.005445801,-0.018217944
13.5084,0.7,6.523,480.758,-0.005133152,-0.01939691
13.5084,0.71,6.523,482.688,-0.004827634,-0.020615037
13.5084,0.72,6.523,484.704,-0.004529242,-0.021872468
13.5084,0.73,6.523,486.813,-0.004237968,-0.023172419
13.5084,0.74,6.523,489.022,-0.003953806,-0.024515053
13.5084,0.75,6.523,491.34,-0.003678758,-0.025901568
13.5084,0.76,6.523,493.777,-0.003411814,-0.027335226
13.5084,0.77,6.523,496.341,-0.003152965,-0.028818286
13.5084,0.78,6.523,499.046,-0.002902207,-0.030351997
13.5084,0.79,6.523,501.904,-0.002661539,-0.031938652
13.5084,0.8,6.523,504.929,-0.002428948,-0.033582637
13.5084,0.81,6.523,508.138,-0.002206432,-0.035286303
13.5084,0.82,6.523,511.549,-0.001992985,-0.037053064
13.5084,0.83,6.523,515.182,-0.0017896,-0.038886369
13.5084,0.84,6.523,519.06,-0.001596273,-0.040791787
13.5084,0.85,6.523,523.206,-0.001412998,-0.042771811
13.5084,0.86,6.523,527.646,-0.001239768,-0.044831062
13.5084,0.87,6.523,532.409,-0.001076579,-0.046974214
13.5084,0.88,6.523,537.522,-0.000924427,-0.049206001
13.5084,0.89,6.523,543.012,-0.000783307,-0.051528059
13.5084,0.9,6.523,548.899,-0.000652213,-0.053944173
13.5084,0.91,6.523,555.198,-0.000533142,-0.05645184
13.5084,0.92,6.523,561.908,-0.00042409,-0.059049613
13.5084,0.93,6.523,569.008,-0.000328054,-0.061728606
13.5084,0.94,6.523,576.458,-0.00024303,-0.064476656
13.5084,0.95,6.523,584.21,-0.000170014,-0.06728148
13.5084,0.96,6.523,592.417,-0.000110006,-0.07017035
13.5084,0.97,6.523,600.384,-6.2002e-05,-0.073006272
13.5084,0.98,6.523,607.284,-2.8e-05,-0.07564315
13.5084,0.99,6.523,613.559,-7e-06,-0.078166968
13.5084,1.0,6.523,619.367,0.0,-0.080610452
6.523,0.0,13.5084,619.367,-0.080610452,0.0
6.523,0.01,13.5084,613.559,-0.078166968,-7e-06
6.523,0.02,13.5084,607.284,-0.07564315,-2.8e-05
6.523,0.03,13.5084,600.384,-0.073006272,-6.2002e-05
6.523,0.04,13.5084,592.417,-0.07017035,-0.000110006
6.523,0.05,13.5084,584.21,-0.06728148,-0.000170014
6.523,0.06,13.5084,576.458,-0.064476656,-0.00024303
6.523,0.07,13.5084,569.008,-0.061728606,-0.000328054
6.523,0.08,13.5084,561.908,-0.059049613,-0.00042409
6.523,0.09,13.5084,555.198,-0.05645184,-0.000533142
6.523,0.1,13.5084,548.899,-0.053944173,-0.000652213
6.523,0.11,13.5084,543.012,-0.051528059,-0.000783307
6.523,0.12,13.5084,537.522,-0.049206001,-0.000924427
6.523,0.13,13.5084,532.409,-0.046974214,-0.001076579
6.523,0.14,13.5084,527.646,-0.044831062,-0.001239768
6.523,0.15,13.5084,523.206,-0.042771811,-0.001412998
6.523,0.16,13.5084,519.06,-0.040791787,-0.001596273
6.523,0.17,13.5084,515.182,-0.038886369,-0.0017896
6.523,0.18,13.5084,511.549,-0.037053064,-0.001992985
6.523,0.19,13.5084,508.138,-0.035286303,-0.002206432
6.523,0.2,13.5084,504.929,-0.033582637,-0.002428948
6.523,0.21,13.5084,501.904,-0.031938652,-0.002661539
6.523,0.22,13.5084,499.046,-0.030351997,-0.002902207
6.523,0.23,13.5084,496.341,-0.028818286,-0.003152965
6.523,0.24,13.5084,493.777,-0.027335226,-0.003411814
6.523,0.25,13.5084,491.34,-0.025901568,-0.003678758
6.523,0.26,13.5084,489.022,-0.024515053,-0.003953806
6.523,0.27,13.5084,486.813,-0.023172419,-0.004237968
6.523,0.28,13.5084,484.704,-0.021872468,-0.004529242
6.523,0.29,13.5084,482.688,-0.020615037,-0.004827634
6.523,0.3,13.5084,480.758,-0.01939691,-0.005133152
6.523,0.31,13.5084,478.909,-0.018217944,-0.005445801
6.523,0.32,13.5084,477.134,-0.017075968,-0.005764583
6.523,0.33,13.5084,475.428,-0.015970858,-0.006089503
6.523,0.34,13.5084,473.788,-0.014901478,-0.006419561
6.523,0.35,13.5084,472.209,-0.0138667,-0.006754762
6.523,0.36,13.5084,470.686,-0.012866419,-0.007095111
6.523,0.37,13.5084,469.217,-0.011899519,-0.007439605
6.523,0.38,13.5084,467.799,-0.010964895,-0.007787242
6.523,0.39,13.5084,466.428,-0.010062457,-0.008138024
6.523,0.4,13.5084,465.103,-0.009191109,-0.008491955
6.523,0.41,13.5084,463.819,-0.008350771,-0.00884702
6.523,0.42,13.5084,462.576,-0.007541365,-0.00920322
6.523,0.43,13.5084,461.371,-0.006762816,-0.009560557
6.523,0.44,13.5084,460.201,-0.006013042,-0.009918021
6.523,0.45,13.5084,459.066,-0.005292983,-0.010274603
6.523,0.46,13.5084,457.964,-0.004602576,-0.010628281
6.523,0.47,13.5084,456.893,-0.003940755,-0.010980061
6.523,0.48,13.5084,455.851,-0.003307464,-0.011328931
6.523,0.49,13.5084,454.837,-0.002702649,-0.011671852
6.523,0.5,13.5084,453.851,-0.002126259,-0.01200983
6.523,0.51,13.5084,452.89,-0.001578245,-0.012341848
6.523,0.52,13.5084,451.954,-0.001056558,-0.012664862
6.523,0.53,13.5084,451.041,-0.000563159,-0.012979875
6.523,0.54,13.5084,450.151,-9.7005e-05,-0.013283841
6.523,0.55,13.5084,449.283,0.000339942,-0.013575735
6.523,0.56,13.5084,448.435,0.000759711,-0.013854532
6.523,0.57,13.5084,447.608,0.001139351,-0.014119209
6.523,0.58,13.5084,446.799,0.001498876,-0.014367723
6.523,0.59,13.5084,446.009,0.001828328,-0.01459702
6.523,0.6,13.5084,445.237,0.002137713,-0.014807086
6.523,0.61,13.5084,444.482,0.002417077,-0.014994863
6.523,0.62,13.5084,443.744,0.002676415,-0.015159324
6.523,0.63,13.5084,443.022,0.002905774,-0.015297411
6.523,0.64,13.5084,442.315,0.003115143,-0.015407082
6.523,0.65,13.5084,441.622,0.003294567,-0.015486296
6.523,0.66,13.5084,440.945,0.003444062,-0.015531999
6.523,0.67,13.5084,440.281,0.003573607,-0.015542156
6.523,0.68,13.5084,439.63,0.003683209,-0.015512702
6.523,0.69,13.5084,438.992,0.003772874,-0.01544161
6.523,0.7,13.5084,438.367,0.003832646,-0.015324828
6.523,0.71,13.5084,437.754,0.003872492,-0.015159324
6.523,0.72,13.5084,437.153,0.003882454,-0.014942079
6.523,0.73,13.5084,436.563,0.003882454,-0.014668052
6.523,0.74,13.5084,435.984,0.003852569,-0.014334246
6.523,0.75,13.5084,435.416,0.003812722,-0.013935652
6.523,0.76,13.5084,434.858,0.003742986,-0.013468292
6.523,0.77,13.5084,434.31,0.003663282,-0.012927197
6.523,0.78,13.5084,433.771,0.003563643,-0.012306414
6.523,0.79,13.5084,433.242,0.003444062,-0.011601033
6.523,0.8,13.5084,432.722,0.003314501,-0.010805166
6.523,0.81,13.5084,432.211,0.003164986,-0.009912972
6.523,0.82,13.5084,431.709,0.002995509,-0.008916635
6.523,0.83,13.5084,431.214,0.002826003,-0.00781143
6.523,0.84,13.5084,430.728,0.002636521,-0.006587651
6.523,0.85,13.5084,430.249,0.002447004,-0.005238698
6.523,0.86,13.5084,429.778,0.002237495,-0.003756045
6.523,0.87,13.5084,429.313,0.002037922,-0.002130267
6.523,0.88,13.5084,428.856,0.001818346,-0.000352062
6.523,0.89,13.5084,428.405,0.001608705,0.001588737
6.523,0.9,13.5084,427.961,0.001399021,0.003703135
6.523,0.91,13.5084,427.522,0.001189293,0.006001952
6.523,0.92,13.5084,427.09,0.00098951,0.008493825
6.523,0.93,13.5084,426.663,0.000789688,0.011206967
6.523,0.94,13.5084,426.241,0.000609814,0.014139564
6.523,0.95,13.5084,425.824,0.000439903,0.017309326
6.523,0.96,13.5084,425.412,0.000299955,0.020733566
6.523,0.97,13.5084,425.005,0.000179984,0.024429163
6.523,0.98,13.5084,424.601,7.9997e-05,0.028422234
6.523,0.99,13.5084,424.201,2e-05,0.032718853
6.523,1.0,13.5084,423.805,0.0,0.037353587
3.2499,0.0,5.8486,398.839,2.089961017,0.0
3.2499,0.01,5.8486,392.467,2.067981121,0.000329946
3.2499,0.02,5.8486,387.728,2.034098928,0.001339103
3.2499,0.03,5.8486,384.114,1.992683314,0.003025419
3.2499,0.04,5.8486,381.3,1.946645593,0.005365579
3.2499,0.05,5.8486,379.068,1.897927159,0.008345083
3.2499,0.06,5.8486,377.27,1.847830996,0.011928571
3.2499,0.07,5.8486,375.802,1.797229481,0.01607018
3.2499,0.08,5.8486,374.591,1.746718518,0.020753156
3.2499,0.09,5.8486,373.582,1.696693926,0.025950358
3.2499,0.1,5.8486,372.733,1.647427098,0.031634317
3.2499,0.11,5.8486,372.015,1.599092584,0.037767735
3.2499,0.12,5.8486,371.404,1.551802444,0.044332625
3.2499,0.13,5.8486,370.88,1.505625087,0.051320294
3.2499,0.14,5.8486,370.428,1.460596779,0.058702776
3.2499,0.15,5.8486,370.037,1.416731418,0.066471028
3.2499,0.16,5.8486,369.698,1.374026923,0.074606419
3.2499,0.17,5.8486,369.4,1.332471554,0.083081164
3.2499,0.18,5.8486,369.146,1.292030384,0.091904387
3.2499,0.19,5.8486,368.914,1.252714396,0.10105727
3.2499,0.2,5.8486,368.713,1.214461604,0.11053013
3.2499,0.21,5.8486,368.532,1.177260178,0.120313166
3.2499,0.22,5.8486,368.378,1.141052174,0.130405261
3.2499,0.23,5.8486,368.238,1.105812968,0.140787503
3.2499,0.24,5.8486,368.113,1.071556219,0.151458488
3.2499,0.25,5.8486,368.007,1.038196812,0.162407923
3.2499,0.26,5.8486,367.901,1.005736477,0.17365074
3.2499,0.27,5.8486,367.811,0.974121808,0.185159194
3.2499,0.28,5.8486,367.724,0.943516718,0.196881708
3.2499,0.29,5.8486,367.656,0.91334239,0.208995944
3.2499,0.3,5.8486,367.589,0.884122849,0.221309871
3.2499,0.31,5.8486,367.528,0.85565286,0.233885648
3.2499,0.32,5.8486,367.471,0.82790969,0.246719443
3.2499,0.33,5.8486,367.42,0.800861923,0.259814864
3.2499,0.34,5.8486,367.372,0.774492117,0.27316724
3.2499,0.35,5.8486,367.328,0.748775814,0.286771658
3.2499,0.36,5.8486,367.287,0.723700634,0.300637784
3.2499,0.37,5.8486,367.248,0.69924356,0.314752344
3.2499,0.38,5.8486,367.212,0.67538028,0.329123875
3.2499,0.39,5.8486,367.177,0.652106412,0.343745721
3.2499,0.4,5.8486,367.145,0.629392352,0.358625041
3.2499,0.41,5.8486,367.114,0.60722975,0.37376114
3.2499,0.42,5.8486,367.084,0.585606512,0.389152783
3.2499,0.43,5.8486,367.055,0.564500979,0.404798219
3.2499,0.44,5.8486,367.028,0.543904437,0.420695206
3.2499,0.45,5.8486,367.001,0.523805026,0.436860411
3.2499,0.46,5.8486,366.974,0.504187641,0.453277016
3.2499,0.47,5.8486,366.949,0.485046171,0.469959878
3.2499,0.48,5.8486,366.924,0.466359497,0.486909909
3.2499,0.49,5.8486,366.9,0.448128606,0.504121199
3.2499,0.5,5.8486,366.876,0.430339818,0.521599378
3.2499,0.51,5.8486,366.852,0.412983441,0.539348939
3.2499,0.52,5.8486,366.829,0.396047569,0.557373275
3.2499,0.53,5.8486,366.806,0.379531726,0.575669098
3.2499,0.54,5.8486,366.784,0.363420144,0.594243552
3.2499,0.55,5.8486,366.762,0.347715932,0.61310239
3.2499,0.56,5.8486,366.741,0.332399669,0.632244708
3.2499,0.57,5.8486,366.72,0.317471431,0.651673932
3.2499,0.58,5.8486,366.699,0.30292284,0.671392249
3.2499,0.59,5.8486,366.68,0.2887515,0.691405665
3.2499,0.6,5.8486,366.661,0.274946316,0.711718658
3.2499,0.61,5.8486,366.642,0.261510054,0.732334239
3.2499,0.62,5.8486,366.625,0.248429159,0.75325873
3.2499,0.63,5.8486,366.609,0.235712233,0.774492117
3.2499,0.64,5.8486,366.594,0.223343531,0.796042159
3.2499,0.65,5.8486,366.58,0.211321951,0.817910243
3.2499,0.66,5.8486,366.567,0.199645625,0.84010491
3.2499,0.67,5.8486,366.556,0.188311912,0.862632538
3.2499,0.68,5.8486,366.547,0.177309015,0.885489198
3.2499,0.69,5.8486,366.54,0.166649387,0.908689919
3.2499,0.7,5.8486,366.536,0.156319754,0.932234945
3.2499,0.71,5.8486,366.533,0.14632298,0.956130484
3.2499,0.72,5.8486,366.534,0.136652766,0.980380402
3.2499,0.73,5.8486,366.538,0.12731964,1.004997338
3.2499,0.74,5.8486,366.545,0.118307343,1.029980066
3.2499,0.75,5.8486,366.556,0.109616446,1.055339376
3.2499,0.76,5.8486,366.571,0.101256104,1.081079483
3.2499,0.77,5.8486,366.59,0.093217082,1.107205263
3.2499,0.78,5.8486,366.615,0.085498567,1.133725217
3.2499,0.79,5.8486,366.645,0.078108531,1.16064768
3.2499,0.8,5.8486,366.682,0.071036116,1.187980608
3.2499,0.81,5.8486,366.725,0.064297867,1.21572547
3.2499,0.82,5.8486,366.776,0.057872603,1.243892312
3.2499,0.83,5.8486,366.835,0.051785673,1.272489963
3.2499,0.84,5.8486,366.903,0.046014888,1.3015232
3.2499,0.85,5.8486,366.98,0.040575564,1.331000972
3.2499,0.86,5.8486,367.069,0.035463664,1.360930398
3.2499,0.87,5.8486,367.17,0.030684382,1.391319215
3.2499,0.88,5.8486,367.283,0.02624263,1.422172957
3.2499,0.89,5.8486,367.412,0.022133243,1.453501973
3.2499,0.9,5.8486,367.556,0.018360411,1.485311299
3.2499,0.91,5.8486,367.717,0.014928021,1.517609863
3.2499,0.92,5.8486,367.898,0.011839634,1.550405273
3.2499,0.93,5.8486,368.101,0.009108392,1.583701555
3.2499,0.94,5.8486,368.327,0.006717388,1.617507267
3.2499,0.95,5.8486,368.579,0.004688989,1.651828596
3.2499,0.96,5.8486,368.86,0.003015449,1.686669287
3.2499,0.97,5.8486,369.174,0.001698557,1.722035974
3.2499,0.98,5.8486,369.523,0.000759711,1.757930329
3.2499,0.99,5.8486,369.912,0.000189982,1.794357757
3.2499,1.0,5.8486,370.346,0.0,1.831316664
5.8486,0.0,3.2499,370.346,1.831316664,0.0
5.8486,0.01,3.2499,369.912,1.794357757,0.000189982
5.8486,0.02,3.2499,369.523,1.757930329,0.000759711
5.8486,0.03,3.2499,369.174,1.722035974,0.001698557
5.8486,0.04,3.2499,368.86,1.686669287,0.003015449
5.8486,0.05,3.2499,368.579,1.651828596,0.004688989
5.8486,0.06,3.2499,368.327,1.617507267,0.006717388
5.8486,0.07,3.2499,368.101,1.583701555,0.009108392
5.8486,0.08,3.2499,367.898,1.550405273,0.011839634
5.8486,0.09,3.2499,367.717,1.517609863,0.014928021
5.8486,0.1,3.2499,367.556,1.485311299,0.018360411
5.8486,0.11,3.2499,367.412,1.453501973,0.022133243
5.8486,0.12,3.2499,367.283,1.422172957,0.02624263
5.8486,0.13,3.2499,367.17,1.391319215,0.030684382
5.8486,0.14,3.2499,367.069,1.360930398,0.035463664
5.8486,0.15,3.2499,366.98,1.331000972,0.040575564
5.8486,0.16,3.2499,366.903,1.3015232,0.046014888
5.8486,0.17,3.2499,366.835,1.272489963,0.051785673
5.8486,0.18,3.2499,366.776,1.243892312,0.057872603
5.8486,0.19,3.2499,366.725,1.21572547,0.064297867
5.8486,0.2,3.2499,366.682,1.187980608,0.071036116
5.8486,0.21,3.2499,366.645,1.16064768,0.078108531
5.8486,0.22,3.2499,366.615,1.133725217,0.085498567
5.8486,0.23,3.2499,366.59,1.107205263,0.093217082
5.8486,0.24,3.2499,366.571,1.081079483,0.101256104
5.8486,0.25,3.2499,366.556,1.055339376,0.109616446
5.8486,0.26,3.2499,366.545,1.029980066,0.118307343
5.8486,0.27,3.2499,366.538,1.004997338,0.12731964
5.8486,0.28,3.2499,366.534,0.980380402,0.136652766
5.8486,0.29,3.2499,366.533,0.956130484,0.14632298
5.8486,0.3,3.2499,366.536,0.932234945,0.156319754
5.8486,0.31,3.2499,366.54,0.908689919,0.166649387
5.8486,0.32,3.2499,366.547,0.885489198,0.177309015
5.8486,0.33,3.2499,366.556,0.862632538,0.188311912
5.8486,0.34,3.2499,366.567,0.84010491,0.199645625
5.8486,0.35,3.2499,366.58,0.817910243,0.211321951
5.8486,0.36,3.2499,366.594,0.796042159,0.223343531
5.8486,0.37,3.2499,366.609,0.774492117,0.235712233
5.8486,0.38,3.2499,366.625,0.75325873,0.248429159
5.8486,0.39,3.2499,366.642,0.732334239,0.261510054
5.8486,0.4,3.2499,366.661,0.711718658,0.274946316
5.8486,0.41,3.2499,366.68,0.691405665,0.2887515
5.8486,0.42,3.2499,366.699,0.671392249,0.30292284
5.8486,0.43,3.2499,366.72,0.651673932,0.317471431
5.8486,0.44,3.2499,366.741,0.632244708,0.332399669
5.8486,0.45,3.2499,366.762,0.61310239,0.347715932
5.8486,0.46,3.2499,366.784,0.594243552,0.363420144
5.8486,0.47,3.2499,366.806,0.575669098,0.379531726
5.8486,0.48,3.2499,366.829,0.557373275,0.396047569
5.8486,0.49,3.2499,366.856,0.539343107,0.412983441
5.8486,0.5,3.2499,366.875,0.521599378,0.430339818
5.8486,0.51,3.2499,366.906,0.504109118,0.448128606
5.8486,0.52,3.2499,366.924,0.486909909,0.466359497
5.8486,0.53,3.2499,366.952,0.469959878,0.485046171
5.8486,0.54,3.2499,366.974,0.453277016,0.504187641
5.8486,0.55,3.2499,367.001,0.436860411,0.523805026
5.8486,0.56,3.2499,367.027,0.420695206,0.543904437
5.8486,0.57,3.2499,367.055,0.404798219,0.564500979
5.8486,0.58,3.2499,367.084,0.389152783,0.585606512
5.8486,0.59,3.2499,367.114,0.37376114,0.60722975
5.8486,0.6,3.2499,367.145,0.358632028,0.629392352
5.8486,0.61,3.2499,367.177,0.343752812,0.652106412
5.8486,0.62,3.2499,367.211,0.328814419,0.6758942
5.8486,0.63,3.2499,367.248,0.314752344,0.69924356
5.8486,0.64,3.2499,367.287,0.300637784,0.723700634
5.8486,0.65,3.2499,367.328,0.286771658,0.748775814
5.8486,0.66,3.2499,367.372,0.27316724,0.774492117
5.8486,0.67,3.2499,367.42,0.259814864,0.800861923
5.8486,0.68,3.2499,367.471,0.246719443,0.82790969
5.8486,0.69,3.2499,367.528,0.233885648,0.85565286
5.8486,0.7,3.2499,367.589,0.221309871,0.884122849
5.8486,0.71,3.2499,367.656,0.208995944,0.91334239
5.8486,0.72,3.2499,367.73,0.196939197,0.943329858
5.8486,0.73,3.2499,367.811,0.185159194,0.974121808
5.8486,0.74,3.2499,367.901,0.17365074,1.005736477
5.8486,0.75,3.2499,368.002,0.162416424,1.038207434
5.8486,0.76,3.2499,368.113,0.151458488,1.071563068
5.8486,0.77,3.2499,368.238,0.140787503,1.105832824
5.8486,0.78,3.2499,368.378,0.130405261,1.141052174
5.8486,0.79,3.2499,368.536,0.120313166,1.177250934
5.8486,0.8,3.2499,368.713,0.11053013,1.214461604
5.8486,0.81,3.2499,368.914,0.10105727,1.252714396
5.8486,0.82,3.2499,369.142,0.091904387,1.292041372
5.8486,0.83,3.2499,369.401,0.083081164,1.332468916
5.8486,0.84,3.2499,369.698,0.074606419,1.374026923
5.8486,0.85,3.2499,370.037,0.066471028,1.416731418
5.8486,0.86,3.2499,370.428,0.058702776,1.460596779
5.8486,0.87,3.2499,370.88,0.051320294,1.505625087
5.8486,0.88,3.2499,371.404,0.044332625,1.551802444
5.8486,0.89,3.2499,372.015,0.037767735,1.599092584
5.8486,0.9,3.2499,372.733,0.031634317,1.647427098
5.8486,0.91,3.2499,373.582,0.025950358,1.696693926
5.8486,0.92,3.2499,374.591,0.020753156,1.746718518
5.8486,0.93,3.2499,375.802,0.01607018,1.797229481
5.8486,0.94,3.2499,377.27,0.011928571,1.847830996
5.8486,0.95,3.2499,379.068,0.008345083,1.897927159
5.8486,0.96,3.2499,381.3,0.005365579,1.946645593
5.8486,0.97,3.2499,384.114,0.003025419,1.992683314
5.8486,0.98,3.2499,387.728,0.001339103,2.034098928
5.8486,0.99,3.2499,392.467,0.000329946,2.067981121
5.8486,1.0,3.2499,398.839,0.0,2.089961017
3.2499,0.0,7.1974,447.459,1.71602967,0.0
3.2499,0.01,7.1974,430.984,1.764270074,0.000209978
3.2499,0.02,7.1974,419.148,1.787065135,0.000889604
3.2499,0.03,7.1974,410.545,1.790730607,0.002087819
3.2499,0.04,7.1974,404.119,1.78108099,0.003822684
3.2499,0.05,7.1974,399.183,1.76231521,0.006101349
3.2499,0.06,7.1974,395.3,1.737312083,0.008900275
3.2499,0.07,7.1974,392.183,1.708046284,0.012205212
3.2499,0.08,7.1974,389.639,1.675884612,0.016020976
3.2499,0.09,7.1974,387.534,1.641792802,0.020302502
3.2499,0.1,7.1974,385.772,1.606463493,0.025053523
3.2499,0.11,7.1974,384.282,1.570393504,0.030257587
3.2499,0.12,7.1974,383.011,1.533951144,0.035888244
3.2499,0.13,7.1974,381.92,1.497406306,0.041938171
3.2499,0.14,7.1974,380.976,1.460958786,0.048390084
3.2499,0.15,7.1974,380.156,1.424757576,0.055236012
3.2499,0.16,7.1974,379.44,1.388910935,0.062458234
3.2499,0.17,7.1974,378.812,1.353497372,0.070057638
3.2499,0.18,7.1974,378.259,1.318580136,0.07801604
3.2499,0.19,7.1974,377.77,1.284197957,0.086333647
3.2499,0.2,7.1974,377.337,1.250382996,0.095001041
3.2499,0.21,7.1974,376.952,1.217153555,0.104008602
3.2499,0.22,7.1974,376.617,1.184505541,0.113337614
3.2499,0.23,7.1974,376.303,1.15249423,0.123013776
3.2499,0.24,7.1974,376.025,1.121097589,0.133008756
3.2499,0.25,7.1974,375.781,1.090254123,0.143329484
3.2499,0.26,7.1974,375.563,1.060041231,0.153964948
3.2499,0.27,7.1974,375.357,1.030415529,0.164921042
3.2499,0.28,7.1974,375.184,1.001359557,0.176186107
3.2499,0.29,7.1974,375.03,0.972882763,0.187756759
3.2499,0.3,7.1974,374.888,0.944971479,0.199645625
3.2499,0.31,7.1974,374.745,0.917641819,0.211847996
3.2499,0.32,7.1974,374.626,0.890841633,0.224358813
3.2499,0.33,7.1974,374.517,0.864576296,0.237172681
3.2499,0.34,7.1974,374.417,0.838830686,0.250307255
3.2499,0.35,7.1974,374.327,0.813602199,0.26374024
3.2499,0.36,7.1974,374.244,0.788870911,0.277487787
3.2499,0.37,7.1974,374.168,0.764634937,0.291542113
3.2499,0.38,7.1974,374.099,0.740879643,0.305917296
3.2499,0.39,7.1974,374.034,0.717590982,0.320604145
3.2499,0.4,7.1974,373.97,0.694770862,0.335614726
3.2499,0.41,7.1974,373.92,0.672398406,0.350938522
3.2499,0.42,7.1974,373.868,0.650469298,0.36658567
3.2499,0.43,7.1974,373.82,0.628976592,0.382564888
3.2499,0.44,7.1974,373.775,0.607905146,0.398870075
3.2499,0.45,7.1974,373.732,0.587258748,0.415507844
3.2499,0.46,7.1974,373.691,0.567016903,0.432483469
3.2499,0.47,7.1974,373.652,0.547178768,0.449800922
3.2499,0.48,7.1974,373.615,0.527735837,0.467462904
3.2499,0.49,7.1974,373.578,0.508689344,0.485477046
3.2499,0.5,7.1974,373.528,0.49002682,0.503867472
3.2499,0.51,7.1974,373.508,0.471727143,0.52257829
3.2499,0.52,7.1974,373.474,0.453804377,0.541678734
3.2499,0.53,7.1974,373.439,0.436252928,0.561151751
3.2499,0.54,7.1974,373.405,0.419058958,0.581002594
3.2499,0.55,7.1974,373.371,0.402226536,0.601245685
3.2499,0.56,7.1974,373.336,0.385738478,0.621876717
3.2499,0.57,7.1974,373.301,0.369603015,0.642911222
3.2499,0.58,7.1974,373.265,0.353813855,0.664356683
3.2499,0.59,7.1974,373.229,0.338363305,0.686213196
3.2499,0.6,7.1974,373.191,0.323249486,0.708503664
3.2499,0.61,7.1974,373.153,0.308476854,0.731223008
3.2499,0.62,7.1974,373.113,0.294026901,0.754388083
3.2499,0.63,7.1974,373.072,0.279917002,0.778002902
3.2499,0.64,7.1974,373.029,0.266126409,0.802086784
3.2499,0.65,7.1974,372.986,0.252671285,0.826641698
3.2499,0.66,7.1974,372.94,0.239536451,0.851683942
3.2499,0.67,7.1974,372.893,0.226729115,0.877221367
3.2499,0.68,7.1974,372.844,0.214248104,0.903266281
3.2499,0.69,7.1974,372.793,0.202083334,0.929834598
3.2499,0.7,7.1974,372.74,0.19024839,0.956937351
3.2499,0.71,7.1974,372.686,0.178731788,0.984588428
3.2499,0.72,7.1974,372.629,0.167546271,1.012803824
3.2499,0.73,7.1974,372.57,0.15667891,1.041590336
3.2499,0.74,7.1974,372.509,0.146141549,1.070973841
3.2499,0.75,7.1974,372.446,0.135928517,1.100962857
3.2499,0.76,7.1974,372.38,0.126050984,1.131579515
3.2499,0.77,7.1974,372.313,0.116502216,1.162838261
3.2499,0.78,7.1974,372.243,0.107283665,1.194758483
3.2499,0.79,7.1974,372.171,0.098414447,1.227357245
3.2499,0.8,7.1974,372.096,0.089877266,1.260654605
3.2499,0.81,7.1974,372.02,0.081681364,1.294675111
3.2499,0.82,7.1974,371.941,0.073835792,1.329435608
3.2499,0.83,7.1974,371.86,0.066349381,1.364960913
3.2499,0.84,7.1974,371.777,0.059221285,1.401274102
3.2499,0.85,7.1974,371.692,0.052450125,1.43840045
3.2499,0.86,7.1974,371.605,0.046053088,1.476365843
3.2499,0.87,7.1974,371.516,0.040037687,1.515195363
3.2499,0.88,7.1974,371.425,0.034391765,1.554916255
3.2499,0.89,7.1974,371.334,0.029150952,1.595562087
3.2499,0.9,7.1974,371.241,0.024302293,1.637158132
3.2499,0.91,7.1974,371.147,0.019861449,1.679739793
3.2499,0.92,7.1974,371.053,0.015833978,1.723337863
3.2499,0.93,7.1974,370.958,0.012234848,1.767989181
3.2499,0.94,7.1974,370.864,0.009078664,1.81372805
3.2499,0.95,7.1974,370.771,0.006359734,1.860593439
3.2499,0.96,7.1974,370.68,0.004111536,1.90862653
3.2499,0.97,7.1974,370.59,0.002337266,1.957865541
3.2499,0.98,7.1974,370.504,0.001049449,2.008354962
3.2499,0.99,7.1974,370.422,0.000269964,2.060138939
3.2499,1.0,7.1974,370.346,0.0,2.113265507
7.1974,0.0,3.2499,370.346,2.113265507,0.0
7.1974,0.01,3.2499,370.422,2.060138939,0.000269964
7.1974,0.02,3.2499,370.504,2.008354962,0.001049449
7.1974,0.03,3.2499,370.59,1.957865541,0.002337266
7.1974,0.04,3.2499,370.68,1.90862653,0.004111536
7.1974,0.05,3.2499,370.771,1.860593439,0.006359734
7.1974,0.06,3.2499,370.864,1.81372805,0.009078664
7.1974,0.07,3.2499,370.958,1.767989181,0.012234848
7.1974,0.08,3.2499,371.053,1.723337863,0.015833978
7.1974,0.09,3.2499,371.147,1.679739793,0.019861449
7.1974,0.1,3.2499,371.241,1.637158132,0.024302293
7.1974,0.11,3.2499,371.334,1.595562087,0.029150952
7.1974,0.12,3.2499,371.425,1.554916255,0.034391765
7.1974,0.13,3.2499,371.516,1.515195363,0.040037687
7.1974,0.14,3.2499,371.605,1.476365843,0.046053088
7.1974,0.15,3.2499,371.692,1.43840045,0.052450125
7.1974,0.16,3.2499,371.777,1.401274102,0.059221285
7.1974,0.17,3.2499,371.86,1.364960913,0.066349381
7.1974,0.18,3.2499,371.941,1.329435608,0.073835792
7.1974,0.19,3.2499,372.02,1.294675111,0.081681364
7.1974,0.2,3.2499,372.096,1.260654605,0.089877266
7.1974,0.21,3.2499,372.171,1.227357245,0.098414447
7.1974,0.22,3.2499,372.243,1.194758483,0.107283665
7.1974,0.23,3.2499,372.313,1.162838261,0.116502216
7.1974,0.24,3.2499,372.38,1.131579515,0.126050984
7.1974,0.25,3.2499,372.446,1.100962857,0.135928517
7.1974,0.26,3.2499,372.509,1.070973841,0.146141549
7.1974,0.27,3.2499,372.57,1.041590336,0.15667891
7.1974,0.28,3.2499,372.629,1.012803824,0.167546271
7.1974,0.29,3.2499,372.686,0.984588428,0.178731788
7.1974,0.3,3.2499,372.74,0.956937351,0.19024839
7.1974,0.31,3.2499,372.793,0.929834598,0.202083334
7.1974,0.32,3.2499,372.844,0.903266281,0.214248104
7.1974,0.33,3.2499,372.892,0.877221367,0.226729115
7.1974,0.34,3.2499,372.94,0.851683942,0.239536451
7.1974,0.35,3.2499,372.986,0.826641698,0.252671285
7.1974,0.36,3.2499,373.023,0.802100235,0.266134073
7.1974,0.37,3.2499,373.072,0.778002902,0.279917002
7.1974,0.38,3.2499,373.113,0.754388083,0.294026901
7.1974,0.39,3.2499,373.153,0.731223008,0.308476854
7.1974,0.4,3.2499,373.191,0.708503664,0.323249486
7.1974,0.41,3.2499,373.229,0.686213196,0.338363305
7.1974,0.42,3.2499,373.265,0.664356683,0.353813855
7.1974,0.43,3.2499,373.301,0.642911222,0.369603015
7.1974,0.44,3.2499,373.336,0.621876717,0.385738478
7.1974,0.45,3.2499,373.371,0.601245685,0.402226536
7.1974,0.46,3.2499,373.406,0.581002594,0.419058958
7.1974,0.47,3.2499,373.439,0.561151751,0.436252928
7.1974,0.48,3.2499,373.474,0.541678734,0.453804377
7.1974,0.49,3.2499,373.508,0.52257829,0.471727143
7.1974,0.5,3.2499,373.528,0.503867472,0.49002682
7.1974,0.51,3.2499,373.578,0.485477046,0.508689344
7.1974,0.52,3.2499,373.615,0.467462904,0.527735837
7.1974,0.53,3.2499,373.652,0.449800922,0.547178768
7.1974,0.54,3.2499,373.691,0.432483469,0.567016903
7.1974,0.55,3.2499,373.732,0.415507844,0.587258748
7.1974,0.56,3.2499,373.775,0.398870075,0.607905146
7.1974,0.57,3.2499,373.82,0.382564888,0.628976592
7.1974,0.58,3.2499,373.868,0.36658567,0.650469298
7.1974,0.59,3.2499,373.92,0.350938522,0.672398406
7.1974,0.6,3.2499,373.975,0.335614726,0.694770862
7.1974,0.61,3.2499,374.034,0.320604145,0.717590982
7.1974,0.62,3.2499,374.099,0.305917296,0.740879643
7.1974,0.63,3.2499,374.168,0.291542113,0.764634937
7.1974,0.64,3.2499,374.244,0.277487787,0.788870911
7.1974,0.65,3.2499,374.327,0.26374024,0.813602199
7.1974,0.66,3.2499,374.417,0.250299469,0.838830686
7.1974,0.67,3.2499,374.517,0.237172681,0.864576296
7.1974,0.68,3.2499,374.626,0.224358813,0.890841633
7.1974,0.69,3.2499,374.746,0.211847996,0.917641819
7.1974,0.7,3.2499,374.878,0.199653815,0.944990913
7.1974,0.71,3.2499,375.024,0.187765047,0.972890323
7.1974,0.72,3.2499,375.185,0.176186107,1.001359557
7.1974,0.73,3.2499,375.364,0.164921042,1.030401254
7.1974,0.74,3.2499,375.563,0.153964948,1.060030838
7.1974,0.75,3.2499,375.783,0.143329484,1.090250762
7.1974,0.76,3.2499,376.029,0.133008756,1.121071515
7.1974,0.77,3.2499,376.303,0.123013776,1.15249423
7.1974,0.78,3.2499,376.609,0.113346542,1.184523894
7.1974,0.79,3.2499,376.952,0.104008602,1.217153555
7.1974,0.8,3.2499,377.337,0.095001041,1.250382996
7.1974,0.81,3.2499,377.77,0.086333647,1.284197957
7.1974,0.82,3.2499,378.259,0.07801604,1.318580136
7.1974,0.83,3.2499,378.812,0.070057638,1.353497372
7.1974,0.84,3.2499,379.44,0.062458234,1.388910935
7.1974,0.85,3.2499,380.156,0.055236012,1.424757576
7.1974,0.86,3.2499,380.976,0.048390084,1.460958786
7.1974,0.87,3.2499,381.92,0.041938171,1.497406306
7.1974,0.88,3.2499,383.011,0.035888244,1.533951144
7.1974,0.89,3.2499,384.282,0.030257587,1.570393504
7.1974,0.9,3.2499,385.772,0.025053523,1.606463493
7.1974,0.91,3.2499,387.534,0.020302502,1.641792802
7.1974,0.92,3.2499,389.639,0.016020976,1.675884612
7.1974,0.93,3.2499,392.183,0.012205212,1.708046284
7.1974,0.94,3.2499,395.3,0.008900275,1.737312083
7.1974,0.95,3.2499,399.183,0.006101349,1.76231521
7.1974,0.96,3.2499,404.119,0.003822684,1.78108099
7.1974,0.97,3.2499,410.545,0.002087819,1.790730607
7.1974,0.98,3.2499,419.148,0.000889604,1.787065135
7.1974,0.99,3.2499,430.984,0.000209978,1.764270074
7.1974,1.0,3.2499,447.459,0.0,1.71602967
3.2491,0.0,6.523,423.805,1.889459216,0.0
3.2491,0.01,6.523,407.264,1.938351655,0.000269964
3.2491,0.02,6.523,396.003,1.953738003,0.001139351
3.2491,0.03,6.523,388.145,1.946225814,0.002656468
3.2491,0.04,6.523,382.451,1.924066154,0.004828325
3.2491,0.05,6.523,378.185,1.892644987,0.007630811
3.2491,0.06,6.523,374.896,1.855402277,0.011038847
3.2491,0.07,6.523,372.303,1.81456738,0.015026534
3.2491,0.08,6.523,370.222,1.771609482,0.019577112
3.2491,0.09,6.523,368.525,1.727512461,0.024634074
3.2491,0.1,6.523,367.124,1.682948563,0.030189671
3.2491,0.11,6.523,365.955,1.638379048,0.036225848
3.2491,0.12,6.523,364.971,1.594121208,0.042705021
3.2491,0.13,6.523,364.136,1.550394665,0.049608877
3.2491,0.14,6.523,363.423,1.507349814,0.056928387
3.2491,0.15,6.523,362.811,1.465084747,0.064635391
3.2491,0.16,6.523,362.282,1.423667214,0.07272988
3.2491,0.17,6.523,361.823,1.383134374,0.081192815
3.2491,0.18,6.523,361.424,1.343506895,0.090005224
3.2491,0.19,6.523,361.075,1.304791421,0.099166371
3.2491,0.2,6.523,360.77,1.266989856,0.108657076
3.2491,0.21,6.523,360.495,1.230105355,0.118485011
3.2491,0.22,6.523,360.259,1.194095181,0.128621861
3.2491,0.23,6.523,360.049,1.158963932,0.139083451
3.2491,0.24,6.523,359.861,1.124689308,0.149841408
3.2491,0.25,6.523,359.696,1.091245218,0.160910637
3.2491,0.26,6.523,359.545,1.058616342,0.172279638
3.2491,0.27,6.523,359.416,1.026772511,0.183928598
3.2491,0.28,6.523,359.298,0.995693235,0.195879235
3.2491,0.29,6.523,359.189,0.96536657,0.208127371
3.2491,0.3,6.523,359.093,0.935763893,0.220652451
3.2491,0.31,6.523,359.008,0.906858387,0.233458172
3.2491,0.32,6.523,358.931,0.878634554,0.246555344
3.2491,0.33,6.523,358.857,0.85108212,0.259930536
3.2491,0.34,6.523,358.796,0.824162285,0.273585684
3.2491,0.35,6.523,358.736,0.797908016,0.287507057
3.2491,0.36,6.523,358.682,0.772189388,0.301755081
3.2491,0.37,6.523,358.631,0.747100185,0.316254952
3.2491,0.38,6.523,358.584,0.722579761,0.331043241
3.2491,0.39,6.523,358.541,0.698622165,0.346118419
3.2491,0.4,6.523,358.499,0.675207217,0.361478389
3.2491,0.41,6.523,358.46,0.652319978,0.377120502
3.2491,0.42,6.523,358.423,0.629946431,0.393055088
3.2491,0.43,6.523,358.388,0.608084812,0.40927783
3.2491,0.44,6.523,358.353,0.586708306,0.425797007
3.2491,0.45,6.523,358.32,0.565813684,0.442613162
3.2491,0.46,6.523,358.287,0.54538356,0.459725995
3.2491,0.47,6.523,358.254,0.525420597,0.4771406
3.2491,0.48,6.523,358.222,0.505895491,0.494860862
3.2491,0.49,6.523,358.189,0.486817727,0.51289548
3.2491,0.5,6.523,358.158,0.468164439,0.53123395
3.2491,0.51,6.523,358.137,0.449934842,0.549877092
3.2491,0.52,6.523,358.083,0.432126513,0.568892625
3.2491,0.53,6.523,358.06,0.414715524,0.588181032
3.2491,0.54,6.523,358.024,0.397701717,0.60782347
3.2491,0.55,6.523,357.989,0.381090445,0.627797664
3.2491,0.56,6.523,357.953,0.364858368,0.648113203
3.2491,0.58,6.523,357.878,0.333532205,0.68978654
3.2491,0.59,6.523,357.838,0.318431913,0.71115899
3.2491,0.6,6.523,357.797,0.303690747,0.732901405
3.2491,0.61,6.523,357.755,0.289335704,0.754975783
3.2491,0.62,6.523,357.712,0.275295677,0.77749752
3.2491,0.63,6.523,357.667,0.261633228,0.800367965
3.2491,0.64,6.523,357.621,0.248312148,0.823635824
3.2491,0.65,6.523,357.573,0.235348764,0.847305003
3.2491,0.66,6.523,357.519,0.222727465,0.871372861
3.2491,0.67,6.523,357.472,0.210439192,0.895875757
3.2491,0.68,6.523,357.419,0.198498338,0.920796565
3.2491,0.69,6.523,357.365,0.186894419,0.946152401
3.2491,0.7,6.523,357.309,0.175624179,0.971956254
3.2491,0.71,6.523,357.251,0.164692067,0.998209832
3.2491,0.72,6.523,357.191,0.154102107,1.024929867
3.2491,0.73,6.523,357.13,0.14384057,1.052128463
3.2491,0.74,6.523,357.067,0.133910071,1.079809961
3.2491,0.75,6.523,357.003,0.124321612,1.107988197
3.2491,0.76,6.523,356.936,0.11505933,1.136678489
3.2491,0.77,6.523,356.868,0.106133217,1.165890803
3.2491,0.78,6.523,356.799,0.097544047,1.195636151
3.2491,0.79,6.523,356.728,0.089301253,1.225928993
3.2491,0.8,6.523,356.655,0.08138642,1.256783447
3.2491,0.81,6.523,356.582,0.073817216,1.288215602
3.2491,0.82,6.523,356.506,0.06659266,1.320234684
3.2491,0.83,6.523,356.43,0.059711264,1.352861665
3.2491,0.84,6.523,356.353,0.053180512,1.386109344
3.2491,0.85,6.523,356.275,0.046998083,1.419995059
3.2491,0.86,6.523,356.196,0.04118033,1.454534616
3.2491,0.87,6.523,356.116,0.035714574,1.489746307
3.2491,0.88,6.523,356.037,0.030616495,1.525649699
3.2491,0.89,6.523,355.957,0.025882149,1.562262444
3.2491,0.9,6.523,355.878,0.021526631,1.599605735
3.2491,0.91,6.523,355.799,0.017545179,1.637698785
3.2491,0.92,6.523,355.721,0.013962075,1.676561839
3.2491,0.93,6.523,355.644,0.010761883,1.716218419
3.2491,0.94,6.523,355.57,0.007958249,1.756689994
3.2491,0.95,6.523,355.498,0.005564489,1.798001613
3.2491,0.96,6.523,355.428,0.003593536,1.840176548
3.2491,0.97,6.523,355.363,0.002037922,1.883239596
3.2491,0.98,6.523,355.302,0.000909586,1.927217962
3.2491,0.99,6.523,355.247,0.000229974,1.972137472
3.2491,1.0,6.523,355.198,0.0,2.018026139
6.523,0.0,3.2491,355.198,2.018026139,0.0
6.523,0.01,3.2491,355.247,1.972137472,0.000229974
6.523,0.02,3.2491,355.302,1.927217962,0.000909586
6.523,0.03,3.2491,355.363,1.883239596,0.002037922
6.523,0.04,3.2491,355.428,1.840176548,0.003593536
6.523,0.05,3.2491,355.498,1.798001613,0.005564489
6.523,0.06,3.2491,355.57,1.756689994,0.007958249
6.523,0.07,3.2491,355.644,1.716218419,0.010761883
6.523,0.08,3.2491,355.721,1.676561839,0.013962075
6.523,0.09,3.2491,355.799,1.637698785,0.017545179
6.523,0.1,3.2491,355.878,1.599605735,0.021526631
6.523,0.11,3.2491,355.957,1.562262444,0.025882149
6.523,0.12,3.2491,356.037,1.525649699,0.030616495
6.523,0.13,3.2491,356.116,1.489746307,0.035714574
6.523,0.14,3.2491,356.196,1.454534616,0.04118033
6.523,0.15,3.2491,356.275,1.419995059,0.046998083
6.523,0.16,3.2491,356.353,1.386109344,0.053180512
6.523,0.17,3.2491,356.43,1.352861665,0.059711264
6.523,0.18,3.2491,356.506,1.320234684,0.06659266
6.523,0.19,3.2491,356.582,1.288215602,0.073817216
6.523,0.2,3.2491,356.655,1.256783447,0.08138642
6.523,0.21,3.2491,356.728,1.225928993,0.089301253
6.523,0.22,3.2491,356.799,1.195636151,0.097544047
6.523,0.23,3.2491,356.868,1.165890803,0.106133217
6.523,0.24,3.2491,356.936,1.136678489,0.11505933
6.523,0.25,3.2491,357.003,1.107988197,0.124321612
6.523,0.26,3.2491,357.067,1.079809961,0.133910071
6.523,0.27,3.2491,357.13,1.052128463,0.14384057
6.523,0.28,3.2491,357.191,1.024929867,0.154102107
6.523,0.29,3.2491,357.251,0.998209832,0.164692067
6.523,0.3,3.2491,357.309,0.971956254,0.175624179
6.523,0.31,3.2491,357.365,0.946152401,0.186894419
6.523,0.32,3.2491,357.419,0.920796565,0.198498338
6.523,0.33,3.2491,357.472,0.895875757,0.210439192
6.523,0.34,3.2491,357.519,0.871372861,0.222727465
6.523,0.35,3.2491,357.573,0.847305003,0.235348764
6.523,0.36,3.2491,357.621,0.823635824,0.248312148
6.523,0.37,3.2491,357.667,0.800367965,0.261633228
6.523,0.38,3.2491,357.712,0.77749752,0.275295677
6.523,0.39,3.2491,357.755,0.755008684,0.289313241
6.523,0.4,3.2491,357.797,0.7328966,0.303690747
6.523,0.41,3.2491,357.838,0.71115899,0.318431913
6.523,0.42,3.2491,357.877,0.68978654,0.333532205
6.523,0.43,3.2491,357.916,0.668772517,0.349007625
6.523,0.44,3.2491,357.953,0.648113203,0.364858368
6.523,0.45,3.2491,357.989,0.627797664,0.381090445
6.523,0.46,3.2491,358.024,0.60782347,0.397701717
6.523,0.47,3.2491,358.058,0.588186585,0.414715524
6.523,0.48,3.2491,358.092,0.56887564,0.432120022
6.523,0.49,3.2491,358.125,0.549894402,0.449934842
6.523,0.5,3.2491,358.158,0.53123395,0.468164439
6.523,0.51,3.2491,358.19,0.512889493,0.486817727
6.523,0.52,3.2491,358.222,0.494860862,0.505895491
6.523,0.53,3.2491,358.254,0.4771406,0.525420597
6.523,0.54,3.2491,358.287,0.459725995,0.54538356
6.523,0.55,3.2491,358.32,0.442613162,0.565813684
6.523,0.56,3.2491,358.353,0.425797007,0.586708306
6.523,0.57,3.2491,358.388,0.40927783,0.608084812
6.523,0.58,3.2491,358.423,0.393055088,0.629946431
6.523,0.59,3.2491,358.46,0.377120502,0.652319978
6.523,0.6,3.2491,358.499,0.361478389,0.675207217
6.523,0.61,3.2491,358.541,0.346118419,0.698622165
6.523,0.62,3.2491,358.584,0.331043241,0.722579761
6.523,0.63,3.2491,358.631,0.316254952,0.747100185
6.523,0.64,3.2491,358.682,0.301755081,0.772189388
6.523,0.65,3.2491,358.736,0.287529561,0.797871994
6.523,0.66,3.2491,358.796,0.273585684,0.824162285
6.523,0.67,3.2491,358.86,0.259930536,0.85107785
6.523,0.68,3.2491,358.931,0.246555344,0.878634554
6.523,0.69,3.2491,359.009,0.233458172,0.906854349
6.523,0.7,3.2491,359.096,0.220644431,0.93575997
6.523,0.71,3.2491,359.191,0.20811925,0.965362761
6.523,0.72,3.2491,359.298,0.195879235,0.995693235
6.523,0.73,3.2491,359.416,0.183928598,1.02676893
6.523,0.74,3.2491,359.548,0.172271221,1.058612872
6.523,0.75,3.2491,359.696,0.160910637,1.091245218
6.523,0.76,3.2491,359.862,0.149841408,1.124689308
6.523,0.77,3.2491,360.049,0.139083451,1.158963932
6.523,0.78,3.2491,360.259,0.128621861,1.194095181
6.523,0.79,3.2491,360.497,0.118485011,1.230102433
6.523,0.8,3.2491,360.767,0.108657076,1.26699549
6.523,0.81,3.2491,361.074,0.099166371,1.304794133
6.523,0.82,3.2491,361.423,0.090005224,1.343506895
6.523,0.83,3.2491,361.823,0.081192815,1.383134374
6.523,0.84,3.2491,362.282,0.07272988,1.423667214
6.523,0.85,3.2491,362.811,0.064635391,1.465084747
6.523,0.86,3.2491,363.423,0.056928387,1.507349814
6.523,0.87,3.2491,364.136,0.049608877,1.550394665
6.523,0.88,3.2491,364.971,0.042705021,1.594121208
6.523,0.89,3.2491,365.955,0.036225848,1.638379048
6.523,0.9,3.2491,367.124,0.030189671,1.682948563
6.523,0.91,3.2491,368.525,0.024634074,1.727512461
6.523,0.92,3.2491,370.222,0.019577112,1.771609482
6.523,0.93,3.2491,372.303,0.015026534,1.81456738
6.523,0.94,3.2491,374.896,0.011038847,1.855402277
6.523,0.95,3.2491,378.185,0.007630811,1.892644987
6.523,0.96,3.2491,382.451,0.004828325,1.924066154
6.523,0.97,3.2491,388.145,0.002656468,1.946225814
6.523,0.98,3.2491,396.003,0.001139351,1.953738003
6.523,0.99,3.2491,407.264,0.000269964,1.938353095
6.523,1.0,3.2491,423.805,0.0,1.889459216
3.2491,0.0,4.0464,353.932,2.678120063,0.0
3.2491,0.01,4.0464,350.376,2.570411337,0.000689762
3.2491,0.02,4.0464,348.033,2.45902458,0.002676415
3.2491,0.03,4.0464,346.423,2.349449595,0.005813071
3.2491,0.04,4.0464,345.279,2.244117705,0.00994043
3.2491,0.05,4.0464,344.444,2.143983188,0.014928021
3.2491,0.06,4.0464,343.822,2.049285123,0.020674796
3.2491,0.07,4.0464,343.351,1.959920121,0.02709947
3.2491,0.08,4.0464,342.988,1.87562716,0.03411153
3.2491,0.09,4.0464,342.705,1.796081781,0.041640859
3.2491,0.1,4.0464,342.482,1.720945297,0.049656455
3.2491,0.11,4.0464,342.304,1.649880955,0.058099082
3.2491,0.12,4.0464,342.162,1.582578404,0.066938763
3.2491,0.13,4.0464,342.047,1.518725148,0.076136627
3.2491,0.14,4.0464,341.953,1.458114898,0.085663803
3.2491,0.15,4.0464,341.877,1.400446249,0.095491981
3.2491,0.16,4.0464,341.812,1.345524449,0.105620482
3.2491,0.17,4.0464,341.759,1.293147839,0.11601258
3.2491,0.18,4.0464,341.715,1.243136785,0.126650272
3.2491,0.19,4.0464,341.677,1.195330568,0.137533374
3.2491,0.2,4.0464,341.645,1.149584198,0.148644118
3.2491,0.21,4.0464,341.617,1.105763326,0.159965171
3.2491,0.22,4.0464,341.595,1.063989788,0.171420691
3.2491,0.23,4.0464,341.572,1.023418086,0.183221152
3.2491,0.24,4.0464,341.553,0.984681822,0.195130833
3.2491,0.25,4.0464,341.537,0.947448255,0.207233657
3.2491,0.26,4.0464,341.523,0.911627878,0.21950494
3.2491,0.27,4.0464,341.51,0.877146496,0.231952637
3.2491,0.28,4.0464,341.498,0.84393507,0.244560561
3.2491,0.29,4.0464,341.488,0.811920837,0.257328529
3.2491,0.3,4.0464,341.478,0.781048162,0.270256119
3.2491,0.31,4.0464,341.47,0.751260416,0.283335138
3.2491,0.32,4.0464,341.463,0.722502079,0.296565002
3.2491,0.33,4.0464,341.457,0.694730926,0.309944906
3.2491,0.34,4.0464,341.452,0.667901165,0.3234666
3.2491,0.35,4.0464,341.447,0.641969669,0.337129164
3.2491,0.36,4.0464,341.444,0.616897686,0.350931482
3.2491,0.37,4.0464,341.442,0.592647056,0.364865311
3.2491,0.38,4.0464,341.442,0.56919264,0.378943157
3.2491,0.39,4.0464,341.442,0.546490021,0.393149582
3.2491,0.4,4.0464,341.444,0.524521407,0.407489724
3.2491,0.41,4.0464,341.448,0.503251009,0.421961623
3.2491,0.42,4.0464,341.453,0.48266069,0.436563178
3.2491,0.43,4.0464,341.459,0.462720925,0.451292156
3.2491,0.44,4.0464,341.468,0.443409366,0.466152473
3.2491,0.45,4.0464,341.478,0.424705486,0.481135193
3.2491,0.46,4.0464,341.491,0.406591141,0.496243824
3.2491,0.47,4.0464,341.506,0.389037579,0.511475413
3.2491,0.48,4.0464,341.523,0.372039305,0.526832822
3.2491,0.49,4.0464,341.543,0.355574338,0.542312663
3.2491,0.5,4.0464,341.565,0.339624406,0.557917203
3.2491,0.51,4.0464,341.591,0.324175512,0.573642664
3.2491,0.52,4.0464,341.62,0.30921849,0.589490768
3.2491,0.53,4.0464,341.651,0.294734644,0.60546285
3.2491,0.54,4.0464,341.687,0.280702774,0.621554504
3.2491,0.55,4.0464,341.726,0.267129814,0.637761312
3.2491,0.56,4.0464,341.769,0.253990843,0.654094453
3.2491,0.57,4.0464,341.817,0.241274193,0.670543634
3.2491,0.58,4.0464,341.869,0.228974518,0.687114018
3.2491,0.59,4.0464,341.925,0.217077188,0.703805182
3.2491,0.6,4.0464,341.987,0.205574109,0.720616423
3.2491,0.61,4.0464,342.054,0.194464202,0.737546768
3.2491,0.62,4.0464,342.127,0.183728899,0.754590291
3.2491,0.63,4.0464,342.205,0.173364899,0.771759635
3.2491,0.64,4.0464,342.29,0.163359576,0.789043552
3.2491,0.65,4.0464,342.381,0.153707725,0.806444615
3.2491,0.66,4.0464,342.48,0.144411984,0.823964894
3.2491,0.67,4.0464,342.586,0.135448304,0.841601668
3.2491,0.68,4.0464,342.699,0.126817656,0.859356293
3.2491,0.69,4.0464,342.821,0.118520541,0.877229686
3.2491,0.7,4.0464,342.952,0.110548037,0.895218259
3.2491,0.71,4.0464,343.091,0.102881445,0.913322331
3.2491,0.72,4.0464,343.241,0.095537427,0.93154578
3.2491,0.73,4.0464,343.401,0.088486954,0.949880235
3.2491,0.74,4.0464,343.572,0.081745872,0.968332746
3.2491,0.75,4.0464,343.754,0.075302259,0.986898299
3.2491,0.76,4.0464,343.948,0.069143527,1.005579181
3.2491,0.77,4.0464,344.156,0.063275224,1.024373539
3.2491,0.78,4.0464,344.377,0.057693271,1.043279267
3.2491,0.79,4.0464,344.612,0.0523837,1.062297483
3.2491,0.8,4.0464,344.863,0.047360571,1.081425437
3.2491,0.81,4.0464,345.13,0.042599614,1.100663517
3.2491,0.82,4.0464,345.415,0.038104706,1.12001168
3.2491,0.83,4.0464,345.717,0.033879551,1.139463083
3.2491,0.84,4.0464,346.039,0.029917961,1.159023554
3.2491,0.85,4.0464,346.382,0.026213407,1.178688842
3.2491,0.86,4.0464,346.747,0.022768812,1.198454607
3.2491,0.87,4.0464,347.135,0.019577112,1.218319398
3.2491,0.88,4.0464,347.548,0.016630936,1.238284372
3.2491,0.89,4.0464,347.988,0.013932491,1.258347347
3.2491,0.9,4.0464,348.455,0.011483808,1.278500331
3.2491,0.91,4.0464,348.953,0.009276837,1.298743748
3.2491,0.92,4.0464,349.484,0.007313193,1.319074916
3.2491,0.93,4.0464,350.048,0.005584378,1.339490972
3.2491,0.94,4.0464,350.65,0.004091618,1.359983753
3.2491,0.95,4.0464,351.291,0.002835975,1.38055291
3.2491,0.96,4.0464,351.975,0.001808364,1.401190363
3.2491,0.97,4.0464,352.704,0.00101948,1.421893138
3.2491,0.98,4.0464,353.481,0.000449899,1.442653428
3.2491,0.99,4.0464,354.312,0.000109994,1.463466028
3.2491,1.0,4.0464,355.198,0.0,1.484321302
4.0464,0.0,3.2491,355.198,1.484321302,0.0
4.0464,0.01,3.2491,354.312,1.463466028,0.000109994
4.0464,0.02,3.2491,353.481,1.442653428,0.000449899
4.0464,0.03,3.2491,352.704,1.421893138,0.00101948
4.0464,0.04,3.2491,351.975,1.401190363,0.001808364
4.0464,0.05,3.2491,351.291,1.38055291,0.002835975
4.0464,0.06,3.2491,350.65,1.359983753,0.004091618
4.0464,0.07,3.2491,350.048,1.339490972,0.005584378
4.0464,0.08,3.2491,349.484,1.319074916,0.007313193
4.0464,0.09,3.2491,348.953,1.298743748,0.009276837
4.0464,0.1,3.2491,348.455,1.278500331,0.011483808
4.0464,0.11,3.2491,347.988,1.258347347,0.013932491
4.0464,0.12,3.2491,347.548,1.238284372,0.016630936
4.0464,0.13,3.2491,347.135,1.218319398,0.019577112
4.0464,0.14,3.2491,346.747,1.198454607,0.022768812
4.0464,0.15,3.2491,346.382,1.178688842,0.026213407
4.0464,0.16,3.2491,346.039,1.159023554,0.029917961
4.0464,0.17,3.2491,345.717,1.139463083,0.033879551
4.0464,0.18,3.2491,345.415,1.12001168,0.038104706
4.0464,0.19,3.2491,345.13,1.100663517,0.042599614
4.0464,0.2,3.2491,344.863,1.081425437,0.047360571
4.0464,0.21,3.2491,344.612,1.062297483,0.0523837
4.0464,0.22,3.2491,344.377,1.043279267,0.057693271
4.0464,0.23,3.2491,344.156,1.024373539,0.063275224
4.0464,0.24,3.2491,343.948,1.005579181,0.069143527
4.0464,0.25,3.2491,343.754,0.986898299,0.075302259
4.0464,0.26,3.2491,343.572,0.968332746,0.081745872
4.0464,0.27,3.2491,343.401,0.949880235,0.088486954
4.0464,0.28,3.2491,343.241,0.93154578,0.095537427
4.0464,0.29,3.2491,343.091,0.913322331,0.102881445
4.0464,0.3,3.2491,342.952,0.895218259,0.110548037
4.0464,0.31,3.2491,342.821,0.877229686,0.118520541
4.0464,0.32,3.2491,342.699,0.859356293,0.126817656
4.0464,0.33,3.2491,342.586,0.841601668,0.135448304
4.0464,0.34,3.2491,342.48,0.823964894,0.144411984
4.0464,0.35,3.2491,342.381,0.806444615,0.153707725
4.0464,0.36,3.2491,342.29,0.789043552,0.163359576
4.0464,0.37,3.2491,342.205,0.771759635,0.173364899
4.0464,0.38,3.2491,342.127,0.754590291,0.183728899
4.0464,0.39,3.2491,342.054,0.737546768,0.194464202
4.0464,0.4,3.2491,341.987,0.720616423,0.205574109
4.0464,0.41,3.2491,341.925,0.703805182,0.217077188
4.0464,0.42,3.2491,341.869,0.687114018,0.228974518
4.0464,0.43,3.2491,341.817,0.670543634,0.241274193
4.0464,0.44,3.2491,341.769,0.654094453,0.253990843
4.0464,0.45,3.2491,341.726,0.637761312,0.267129814
4.0464,0.46,3.2491,341.687,0.621554504,0.280702774
4.0464,0.47,3.2491,341.651,0.60546285,0.294734644
4.0464,0.48,3.2491,341.62,0.589490768,0.30921849
4.0464,0.49,3.2491,341.591,0.573642664,0.324175512
4.0464,0.5,3.2491,341.565,0.557917203,0.339624406
4.0464,0.51,3.2491,341.543,0.542312663,0.355574338
4.0464,0.52,3.2491,341.523,0.526832822,0.372039305
4.0464,0.53,3.2491,341.506,0.511475413,0.389037579
4.0464,0.54,3.2491,341.491,0.496243824,0.406591141
4.0464,0.55,3.2491,341.478,0.481135193,0.424705486
4.0464,0.56,3.2491,341.468,0.466152473,0.443409366
4.0464,0.57,3.2491,341.459,0.451292156,0.462720925
4.0464,0.58,3.2491,341.453,0.436563178,0.48266069
4.0464,0.59,3.2491,341.448,0.421961623,0.503251009
4.0464,0.6,3.2491,341.444,0.407489724,0.524521407
4.0464,0.61,3.2491,341.442,0.393149582,0.546490021
4.0464,0.62,3.2491,341.442,0.378943157,0.56919264
4.0464,0.63,3.2491,341.442,0.364865311,0.592647056
4.0464,0.64,3.2491,341.444,0.350931482,0.616897686
4.0464,0.65,3.2491,341.447,0.337129164,0.641969669
4.0464,0.66,3.2491,341.452,0.3234666,0.667901165
4.0464,0.67,3.2491,341.456,0.309504717,0.69562411
4.0464,0.68,3.2491,341.463,0.296565002,0.722502079
4.0464,0.69,3.2491,341.47,0.283335138,0.751260416
4.0464,0.7,3.2491,341.478,0.270256119,0.781048162
4.0464,0.71,3.2491,341.488,0.257328529,0.811920837
4.0464,0.72,3.2491,341.498,0.244560561,0.84393507
4.0464,0.73,3.2491,341.51,0.231952637,0.877146496
4.0464,0.74,3.2491,341.523,0.21950494,0.911627878
4.0464,0.75,3.2491,341.537,0.207233657,0.947448255
4.0464,0.76,3.2491,341.553,0.195130833,0.984681822
4.0464,0.77,3.2491,341.572,0.183221152,1.023418086
4.0464,0.78,3.2491,341.593,0.17149651,1.063744753
4.0464,0.79,3.2491,341.617,0.159965171,1.105763326
4.0464,0.8,3.2491,341.645,0.148644118,1.149584198
4.0464,0.81,3.2491,341.677,0.137533374,1.195330568
4.0464,0.82,3.2491,341.715,0.126650272,1.243136785
4.0464,0.83,3.2491,341.759,0.11601258,1.293147839
4.0464,0.84,3.2491,341.812,0.105620482,1.345524449
4.0464,0.85,3.2491,341.876,0.095491981,1.400446249
4.0464,0.86,3.2491,341.953,0.085663803,1.458114898
4.0464,0.87,3.2491,342.047,0.076136627,1.518744857
4.0464,0.88,3.2491,342.162,0.066938763,1.582578404
4.0464,0.89,3.2491,342.304,0.058099082,1.649880955
4.0464,0.9,3.2491,342.482,0.049656455,1.720945297
4.0464,0.91,3.2491,342.705,0.041640859,1.796081781
4.0464,0.92,3.2491,342.988,0.03411153,1.87562716
4.0464,0.93,3.2491,343.351,0.02709947,1.959920121
4.0464,0.94,3.2491,343.822,0.020674796,2.049285123
4.0464,0.95,3.2491,344.444,0.014928021,2.143983188
4.0464,0.96,3.2491,345.279,0.00994043,2.244117705
4.0464,0.97,3.2491,346.423,0.005813071,2.349449595
4.0464,0.98,3.2491,348.033,0.002676415,2.45902458
4.0464,0.99,3.2491,350.376,0.000689762,2.570411337
4.0464,1.0,3.2491,353.932,0.0,2.678120063
13.7405,0.0,2.5755,351.46,3.033109943,0.0
13.7405,0.01,2.5755,351.696,2.83846424,0.000959539
13.7405,0.02,2.5755,351.89,2.661531455,0.003623427
13.7405,0.03,2.5755,352.05,2.500049745,0.007720123
13.7405,0.04,2.5755,352.181,2.352127355,0.013044549
13.7405,0.05,2.5755,352.288,2.216154275,0.019420201
13.7405,0.06,2.5755,352.374,2.090781995,0.026671142
13.7405,0.07,2.5755,352.444,1.974851562,0.034700899
13.7405,0.08,2.5755,352.5,1.867366199,0.043385107
13.7405,0.12,2.5755,352.623,1.506270546,0.083090367
13.7405,0.13,2.5755,352.638,1.430124626,0.093945613
13.7405,0.16,2.5755,352.663,1.228168708,0.128076542
13.7405,0.17,2.5755,352.668,1.168505199,0.13985759
13.7405,0.18,2.5755,352.673,1.112173255,0.151793618
13.7405,0.19,2.5755,352.678,1.058921598,0.163877506
13.7405,0.21,2.5755,352.691,0.96077832,0.188378178
13.7405,0.23,2.5755,352.713,0.872518557,0.2132225
13.7405,0.24,2.5755,352.726,0.831673577,0.225748156
13.7405,0.25,2.5755,352.744,0.792838658,0.238323747
13.7405,0.26,2.5755,352.765,0.755877818,0.250945471
13.7405,0.27,2.5755,352.79,0.720679659,0.263594277
13.7405,0.28,2.5755,352.819,0.687134138,0.27626717
13.7405,0.29,2.5755,352.853,0.655149319,0.288961254
13.7405,0.3,2.5755,352.891,0.624622057,0.301666335
13.7405,0.31,2.5755,352.935,0.595484736,0.31437999
13.7405,0.32,2.5755,352.985,0.567646314,0.327092671
13.7405,0.33,2.5755,353.04,0.541044402,0.339795281
13.7405,0.34,2.5755,353.101,0.51561016,0.352493213
13.7405,0.35,2.5755,353.169,0.491281883,0.365170752
13.7405,0.36,2.5755,353.243,0.468001627,0.377833514
13.7405,0.37,2.5755,353.325,0.445723744,0.39047329
13.7405,0.38,2.5755,353.414,0.424384993,0.403088954
13.7405,0.39,2.5755,353.51,0.403957305,0.415672832
13.7405,0.4,2.5755,353.615,0.384384464,0.428217629
13.7405,0.41,2.5755,353.728,0.365628739,0.440735722
13.7405,0.42,2.5755,353.85,0.347652363,0.453207104
13.7405,0.43,2.5755,353.98,0.33042542,0.465631586
13.7405,0.44,2.5755,354.121,0.31390522,0.478009001
13.7405,0.45,2.5755,354.271,0.2980729,0.490339203
13.7405,0.46,2.5755,354.431,0.282890612,0.502616017
13.7405,0.47,2.5755,354.603,0.26833869,0.514833581
13.7405,0.48,2.5755,354.785,0.254378618,0.526992237
13.7405,0.49,2.5755,354.98,0.240999186,0.539080664
13.7405,0.5,2.5755,355.186,0.228162933,0.551105391
13.7405,0.51,2.5755,355.406,0.215869157,0.563055579
13.7405,0.52,2.5755,355.639,0.204074895,0.574932177
13.7405,0.53,2.5755,355.886,0.192775061,0.58672499
13.7405,0.54,2.5755,356.148,0.181946486,0.598435322
13.7405,0.55,2.5755,356.426,0.171572324,0.610059007
13.7405,0.56,2.5755,356.72,0.161634038,0.62158673
13.7405,0.57,2.5755,357.031,0.152120048,0.633014938
13.7405,0.58,2.5755,357.36,0.143017507,0.644335016
13.7405,0.59,2.5755,357.708,0.134303594,0.65554915
13.7405,0.6,2.5755,358.077,0.125962823,0.666644055
13.7405,0.61,2.5755,358.467,0.117996346,0.677617212
13.7405,0.62,2.5755,358.88,0.110386862,0.688456195
13.7405,0.63,2.5755,359.316,0.103115999,0.699164043
13.7405,0.64,2.5755,359.778,0.096173443,0.709719105
13.7405,0.65,2.5755,360.267,0.0895573,0.720120118
13.7405,0.66,2.5755,360.785,0.0832468,0.730356256
13.7405,0.67,2.5755,361.334,0.07723878,0.740417142
13.7405,0.68,2.5755,361.916,0.071520341,0.750288094
13.7405,0.69,2.5755,362.533,0.066087321,0.759959677
13.7405,0.7,2.5755,363.189,0.060925753,0.769418169
13.7405,0.71,2.5755,363.885,0.056040011,0.778645747
13.7405,0.72,2.5755,364.626,0.051396289,0.787629745
13.7405,0.73,2.5755,365.415,0.047017165,0.796348868
13.7405,0.74,2.5755,366.256,0.0428679,0.804782469
13.7405,0.75,2.5755,367.154,0.038961064,0.812906041
13.7405,0.76,2.5755,368.114,0.035280267,0.820695712
13.7405,0.77,2.5755,369.143,0.03182807,0.828123778
13.7405,0.78,2.5755,370.247,0.028587457,0.835150088
13.7405,0.79,2.5755,371.435,0.025550781,0.841748204
13.7405,0.8,2.5755,372.715,0.022719936,0.84786627
13.7405,0.81,2.5755,374.1,0.020096702,0.853457423
13.7405,0.82,2.5755,375.602,0.01765326,0.858462447
13.7405,0.83,2.5755,377.236,0.015400797,0.862818223
13.7405,0.84,2.5755,379.023,0.013320882,0.866440606
13.7405,0.85,2.5755,380.984,0.011424491,0.869236859
13.7405,0.86,2.5755,383.149,0.009692872,0.871088324
13.7405,0.87,2.5755,385.552,0.008126887,0.871853878
13.7405,0.88,2.5755,388.241,0.006717388,0.871360309
13.7405,0.89,2.5755,391.273,0.005455094,0.869379402
13.7405,0.9,2.5755,394.73,0.004350523,0.865624609
13.7405,0.91,2.5755,398.719,0.003384267,0.859699216
13.7405,0.92,2.5755,403.396,0.002556729,0.851073581
13.7405,0.93,2.5755,408.991,0.001848291,0.838977629
13.7405,0.94,2.5755,415.867,0.001279181,0.822256937
13.7405,0.95,2.5755,424.639,0.000819664,0.799033058
13.7405,0.96,2.5755,436.472,0.00046989,0.765942148
13.7405,0.97,2.5755,453.981,0.000229974,0.71597464
13.7405,0.98,2.5755,485.353,7.9997e-05,0.629275104
13.7405,0.99,2.5755,570.328,1e-05,0.431659032
13.7405,1.0,2.5755,617.423,0.0,0.344730897
2.5755,0.0,13.7405,617.423,0.344730897,0.0
2.5755,0.01,13.7405,570.335,0.431646043,1e-05
2.5755,0.02,13.7405,485.353,0.629275104,7.9997e-05
2.5755,0.03,13.7405,453.981,0.71597464,0.000229974
2.5755,0.04,13.7405,436.472,0.765942148,0.00046989
2.5755,0.05,13.7405,424.639,0.799033058,0.000819664
2.5755,0.06,13.7405,415.867,0.822256937,0.001279181
2.5755,0.07,13.7405,408.991,0.838977629,0.001848291
2.5755,0.08,13.7405,403.396,0.851073581,0.002556729
2.5755,0.09,13.7405,398.719,0.859699216,0.003384267
2.5755,0.1,13.7405,394.73,0.865624609,0.004350523
2.5755,0.11,13.7405,391.273,0.869379402,0.005455094
2.5755,0.12,13.7405,388.241,0.871360309,0.006717388
2.5755,0.13,13.7405,385.552,0.871853878,0.008126887
2.5755,0.14,13.7405,383.149,0.871088324,0.009692872
2.5755,0.15,13.7405,380.984,0.869236859,0.011424491
2.5755,0.16,13.7405,379.023,0.866440606,0.013320882
2.5755,0.17,13.7405,377.236,0.862818223,0.015400797
2.5755,0.18,13.7405,375.602,0.858462447,0.01765326
2.5755,0.19,13.7405,374.1,0.853457423,0.020096702
2.5755,0.2,13.7405,372.715,0.84786627,0.022719936
2.5755,0.21,13.7405,371.435,0.841748204,0.025550781
2.5755,0.22,13.7405,370.247,0.835150088,0.028587457
2.5755,0.23,13.7405,369.143,0.828123778,0.03182807
2.5755,0.24,13.7405,368.114,0.820695712,0.035280267
2.5755,0.25,13.7405,367.154,0.812906041,0.038961064
2.5755,0.26,13.7405,366.256,0.804782469,0.0428679
2.5755,0.27,13.7405,365.415,0.796348868,0.047017165
2.5755,0.28,13.7405,364.626,0.787629745,0.051396289
2.5755,0.29,13.7405,363.885,0.778645747,0.056040011
2.5755,0.3,13.7405,363.189,0.769418169,0.060925753
2.5755,0.31,13.7405,362.533,0.759959677,0.066087321
2.5755,0.32,13.7405,361.916,0.750288094,0.071520341
2.5755,0.33,13.7405,361.334,0.740417142,0.07723878
2.5755,0.34,13.7405,360.785,0.730356256,0.0832468
2.5755,0.35,13.7405,360.267,0.720120118,0.0895573
2.5755,0.36,13.7405,359.778,0.709719105,0.096173443
2.5755,0.37,13.7405,359.316,0.699164043,0.103115999
2.5755,0.38,13.7405,358.88,0.688456195,0.110386862
2.5755,0.39,13.7405,358.467,0.677617212,0.117996346
2.5755,0.4,13.7405,358.077,0.666644055,0.125962823
2.5755,0.41,13.7405,357.708,0.65554915,0.134303594
2.5755,0.42,13.7405,357.36,0.644335016,0.143017507
2.5755,0.43,13.7405,357.031,0.633014938,0.152120048
2.5755,0.44,13.7405,356.72,0.62158673,0.161634038
2.5755,0.45,13.7405,356.426,0.610059007,0.171572324
2.5755,0.46,13.7405,356.148,0.598435322,0.181946486
2.5755,0.47,13.7405,355.886,0.58672499,0.192775061
2.5755,0.48,13.7405,355.639,0.574932177,0.204074895
2.5755,0.49,13.7405,355.406,0.563055579,0.215869157
2.5755,0.5,13.7405,355.186,0.551105391,0.228162933
2.5755,0.51,13.7405,354.98,0.539080664,0.240999186
2.5755,0.52,13.7405,354.785,0.526992237,0.254378618
2.5755,0.53,13.7405,354.603,0.514833581,0.26833869
2.5755,0.54,13.7405,354.431,0.502616017,0.282890612
2.5755,0.55,13.7405,354.271,0.490339203,0.2980729
2.5755,0.56,13.7405,354.121,0.478009001,0.31390522
2.5755,0.57,13.7405,353.98,0.465631586,0.33042542
2.5755,0.58,13.7405,353.85,0.453207104,0.347652363
2.5755,0.59,13.7405,353.728,0.440735722,0.365628739
2.5755,0.6,13.7405,353.615,0.428217629,0.384384464
2.5755,0.61,13.7405,353.51,0.415672832,0.403957305
2.5755,0.62,13.7405,353.414,0.403088954,0.424384993
2.5755,0.63,13.7405,353.326,0.39047329,0.445723744
2.5755,0.64,13.7405,353.243,0.377833514,0.468001627
2.5755,0.65,13.7405,353.169,0.365170752,0.491281883
2.5755,0.66,13.7405,353.101,0.352493213,0.51561016
2.5755,0.67,13.7405,353.037,0.339688488,0.541277231
2.5755,0.68,13.7405,352.985,0.327092671,0.567646314
2.5755,0.69,13.7405,352.935,0.31437999,0.595484736
2.5755,0.7,13.7405,352.891,0.301666335,0.624622057
2.5755,0.71,13.7405,352.853,0.288961254,0.655149319
2.5755,0.72,13.7405,352.819,0.27626717,0.687134138
2.5755,0.73,13.7405,352.79,0.263594277,0.720679659
2.5755,0.74,13.7405,352.765,0.250945471,0.755877818
2.5755,0.75,13.7405,352.744,0.238323747,0.792838658
2.5755,0.76,13.7405,352.726,0.225748156,0.831673577
2.5755,0.77,13.7405,352.712,0.2132225,0.872514378
2.5755,0.78,13.7405,352.7,0.200767054,0.915498418
2.5755,0.79,13.7405,352.691,0.188378178,0.96077832
2.5755,0.8,13.7405,352.684,0.176077101,1.008527101
2.5755,0.81,13.7405,352.678,0.163877506,1.058921598
2.5755,0.82,13.7405,352.673,0.151793618,1.112173255
2.5755,0.83,13.7405,352.668,0.13985759,1.168505199
2.5755,0.84,13.7405,352.663,0.128076542,1.228168708
2.5755,0.85,13.7405,352.657,0.116475515,1.291445075
2.5755,0.86,13.7405,352.649,0.105089479,1.358645634
2.5755,0.87,13.7405,352.638,0.093945613,1.430124626
2.5755,0.88,13.7405,352.623,0.083090367,1.506270546
2.5755,0.89,13.7405,352.604,0.072543892,1.58752967
2.5755,0.9,13.7405,352.577,0.06237368,1.674405092
2.5755,0.91,13.7405,352.543,0.0526304,1.767466777
2.5755,0.92,13.7405,352.5,0.043385107,1.867366199
2.5755,0.93,13.7405,352.444,0.034700899,1.974851562
2.5755,0.94,13.7405,352.374,0.026671142,2.090781995
2.5755,0.95,13.7405,352.288,0.019420201,2.216153184
2.5755,0.96,13.7405,352.181,0.013044549,2.352127355
2.5755,0.97,13.7405,352.05,0.007720123,2.500049745
2.5755,0.98,13.7405,351.89,0.003623427,2.661531455
2.5755,0.99,13.7405,351.696,0.000959539,2.83846424
2.5755,1.0,13.7405,351.46,0.0,3.033109943
12.6238,0.0,2.5755,351.46,2.683655044,0.0
12.6238,0.01,2.5755,351.702,2.538178818,0.000719741
12.6238,0.02,2.5755,351.913,2.403687556,0.002736253
12.6238,0.03,2.5755,352.097,2.279004237,0.005902546
12.6238,0.04,2.5755,352.258,2.163094264,0.010079035
12.6238,0.05,2.5755,352.399,2.055073283,0.015125038
12.6238,0.06,2.5755,352.523,1.95417306,0.020958821
12.6238,0.07,2.5755,352.632,1.859718696,0.027478971
12.6238,0.08,2.5755,352.728,1.771122994,0.034623624
12.6238,0.09,2.5755,352.812,1.687870093,0.042321669
12.6238,0.1,2.5755,352.887,1.609497911,0.050502982
12.6238,0.11,2.5755,352.954,1.535601903,0.059136456
12.6238,0.12,2.5755,353.013,1.465821551,0.068163194
12.6238,0.13,2.5755,353.067,1.399834775,0.077553458
12.6238,0.14,2.5755,353.115,1.33734831,0.087268844
12.6238,0.15,2.5755,353.159,1.278104848,0.097280964
12.6238,0.16,2.5755,353.2,1.221870678,0.10756209
12.6238,0.17,2.5755,353.238,1.168433706,0.118085212
12.6238,0.18,2.5755,353.274,1.117600859,0.128832872
12.6238,0.19,2.5755,353.308,1.069200642,0.139788029
12.6238,0.2,2.5755,353.342,1.023073036,0.150925484
12.6238,0.21,2.5755,353.376,0.979073963,0.16223789
12.6238,0.22,2.5755,353.409,0.937073271,0.173701175
12.6238,0.23,2.5755,353.443,0.8969448,0.185308757
12.6238,0.24,2.5755,353.479,0.859127612,0.196873495
12.6238,0.25,2.5755,353.514,0.821878948,0.208914801
12.6238,0.26,2.5755,353.552,0.786746807,0.220893021
12.6238,0.27,2.5755,353.592,0.753093926,0.232967141
12.6238,0.28,2.5755,353.635,0.720845029,0.245139849
12.6238,0.29,2.5755,353.68,0.689921985,0.257398107
12.6238,0.3,2.5755,353.728,0.660257186,0.269744655
12.6238,0.31,2.5755,353.78,0.631787601,0.282151809
12.6238,0.32,2.5755,353.836,0.60445257,0.294637825
12.6238,0.33,2.5755,353.896,0.57819638,0.307183184
12.6238,0.34,2.5755,353.96,0.552970902,0.319776492
12.6238,0.35,2.5755,354.029,0.528726444,0.332428357
12.6238,0.36,2.5755,354.103,0.505413002,0.345127528
12.6238,0.37,2.5755,354.183,0.482993889,0.357870229
12.6238,0.38,2.5755,354.268,0.461429476,0.370652797
12.6238,0.39,2.5755,354.359,0.440684236,0.383464868
12.6238,0.4,2.5755,354.456,0.420721469,0.396309994
12.6238,0.41,2.5755,354.56,0.40150394,0.409178206
12.6238,0.42,2.5755,354.672,0.383008161,0.422066539
12.6238,0.43,2.5755,354.79,0.365205455,0.434978602
12.6238,0.44,2.5755,354.917,0.348061958,0.447904993
12.6238,0.45,2.5755,355.052,0.331560192,0.460836741
12.6238,0.46,2.5755,355.196,0.31566439,0.473783975
12.6238,0.47,2.5755,355.348,0.300363818,0.486731682
12.6238,0.48,2.5755,355.511,0.285637484,0.499677716
12.6238,0.49,2.5755,355.683,0.2714536,0.512620013
12.6238,0.5,2.5755,355.867,0.257800018,0.525556588
12.6238,0.51,2.5755,356.061,0.244662352,0.538479701
12.6238,0.52,2.5755,356.268,0.232016074,0.551387745
12.6238,0.53,2.5755,356.487,0.219842108,0.564279183
12.6238,0.54,2.5755,356.719,0.208135492,0.577141315
12.6238,0.55,2.5755,356.965,0.196873495,0.589973162
12.6238,0.56,2.5755,357.226,0.186039636,0.602773795
12.6238,0.57,2.5755,357.502,0.175632569,0.615536929
12.6238,0.58,2.5755,357.794,0.165624602,0.628251262
12.6238,0.59,2.5755,358.105,0.156011804,0.640916605
12.6238,0.6,2.5755,358.433,0.146780731,0.653522386
12.6238,0.61,2.5755,358.781,0.137925474,0.666068849
12.6238,0.62,2.5755,359.15,0.129430495,0.678541028
12.6238,0.63,2.5755,359.541,0.121279139,0.690934735
12.6238,0.64,2.5755,359.955,0.113471532,0.703246015
12.6238,0.65,2.5755,360.395,0.105998312,0.715456467
12.6238,0.66,2.5755,360.862,0.098849364,0.7275631
12.6238,0.67,2.5755,361.357,0.092004723,0.739553553
12.6238,0.68,2.5755,361.884,0.085471025,0.751420806
12.6238,0.69,2.5755,362.443,0.079236229,0.763144214
12.6238,0.7,2.5755,363.039,0.073296929,0.774713343
12.6238,0.71,2.5755,363.673,0.067630611,0.786113707
12.6238,0.72,2.5755,364.349,0.062242136,0.797331505
12.6238,0.73,2.5755,365.071,0.057126747,0.808340198
12.6238,0.74,2.5755,365.842,0.052269817,0.819127636
12.6238,0.75,2.5755,366.668,0.047675257,0.829660373
12.6238,0.76,2.5755,367.553,0.043327653,0.839923594
12.6238,0.77,2.5755,368.503,0.039220713,0.849881662
12.6238,0.78,2.5755,369.526,0.035357491,0.859504484
12.6238,0.79,2.5755,370.628,0.031731198,0.868750386
12.6238,0.8,2.5755,371.82,0.028325032,0.877579009
12.6238,0.81,2.5755,373.112,0.025141292,0.885938735
12.6238,0.82,2.5755,374.516,0.022182147,0.893771057
12.6238,0.83,2.5755,376.049,0.019430009,0.901010583
12.6238,0.84,2.5755,377.728,0.016886615,0.907576876
12.6238,0.85,2.5755,379.575,0.014543725,0.91336646
12.6238,0.86,2.5755,381.619,0.012402767,0.918272766
12.6238,0.87,2.5755,383.894,0.010445258,0.922149536
12.6238,0.88,2.5755,386.443,0.0086822,0.924814303
12.6238,0.89,2.5755,389.326,0.007094772,0.926050946
12.6238,0.9,2.5755,392.617,0.00569376,0.925559642
12.6238,0.91,2.5755,396.422,0.004460039,0.922956466
12.6238,0.92,2.5755,400.89,0.003384267,0.91770573
12.6238,0.93,2.5755,406.241,0.002486905,0.909048571
12.6238,0.94,2.5755,412.819,0.001728505,0.895847179
12.6238,0.95,2.5755,421.203,0.001129362,0.876268418
12.6238,0.96,2.5755,432.471,0.000659782,0.847082123
12.6238,0.97,2.5755,448.966,0.000329946,0.801768374
12.6238,0.98,2.5755,477.308,0.000119993,0.723705483
12.6238,0.99,2.5755,548.645,2e-05,0.549426914
12.6238,1.0,2.5755,597.324,0.0,0.453124474
2.5755,0.0,12.6238,597.323,0.453124474,0.0
2.5755,0.01,12.6238,548.645,0.549426914,2e-05
2.5755,0.02,12.6238,477.308,0.723705483,0.000119993
2.5755,0.03,12.6238,448.966,0.801768374,0.000329946
2.5755,0.04,12.6238,432.471,0.847082123,0.000659782
2.5755,0.05,12.6238,421.203,0.876268418,0.001129362
2.5755,0.06,12.6238,412.819,0.895847179,0.001728505
2.5755,0.07,12.6238,406.241,0.909048571,0.002486905
2.5755,0.08,12.6238,400.89,0.91770573,0.003384267
2.5755,0.09,12.6238,396.422,0.922956466,0.004460039
2.5755,0.1,12.6238,392.617,0.925559642,0.00569376
2.5755,0.11,12.6238,389.326,0.926050946,0.007094772
2.5755,0.12,12.6238,386.443,0.924814303,0.0086822
2.5755,0.13,12.6238,383.894,0.922149536,0.010445258
2.5755,0.14,12.6238,381.619,0.918272766,0.012402767
2.5755,0.15,12.6238,379.575,0.91336646,0.014543725
2.5755,0.16,12.6238,377.728,0.907576876,0.016886615
2.5755,0.17,12.6238,376.049,0.901010583,0.019430009
2.5755,0.18,12.6238,374.516,0.893771057,0.022182147
2.5755,0.19,12.6238,373.112,0.885938735,0.025141292
2.5755,0.2,12.6238,371.82,0.877579009,0.028325032
2.5755,0.21,12.6238,370.628,0.868750386,0.031731198
2.5755,0.22,12.6238,369.526,0.859504484,0.035357491
2.5755,0.23,12.6238,368.503,0.849881662,0.039220713
2.5755,0.24,12.6238,367.553,0.839923594,0.043327653
2.5755,0.25,12.6238,366.668,0.829660373,0.047675257
2.5755,0.26,12.6238,365.842,0.819127636,0.052269817
2.5755,0.27,12.6238,365.071,0.808340198,0.057126747
2.5755,0.28,12.6238,364.349,0.797331505,0.062242136
2.5755,0.29,12.6238,363.673,0.786113707,0.067630611
2.5755,0.3,12.6238,363.039,0.774713343,0.073296929
2.5755,0.31,12.6238,362.443,0.763144214,0.079236229
2.5755,0.32,12.6238,361.884,0.751420806,0.085471025
2.5755,0.33,12.6238,361.357,0.739553553,0.092004723
2.5755,0.34,12.6238,360.862,0.7275631,0.098849364
2.5755,0.35,12.6238,360.395,0.715456467,0.105998312
2.5755,0.36,12.6238,359.955,0.703246015,0.113471532
2.5755,0.37,12.6238,359.541,0.690934735,0.121279139
2.5755,0.38,12.6238,359.15,0.678541028,0.129430495
2.5755,0.39,12.6238,358.781,0.666068849,0.137925474
2.5755,0.4,12.6238,358.433,0.653522386,0.146780731
2.5755,0.41,12.6238,358.105,0.640916605,0.156011804
2.5755,0.42,12.6238,357.794,0.628251262,0.165624602
2.5755,0.43,12.6238,357.502,0.615536929,0.175632569
2.5755,0.44,12.6238,357.226,0.602773795,0.186039636
2.5755,0.45,12.6238,356.965,0.589973162,0.196873495
2.5755,0.46,12.6238,356.719,0.577141315,0.208135492
2.5755,0.47,12.6238,356.487,0.564279183,0.219842108
2.5755,0.48,12.6238,356.268,0.551387745,0.232016074
2.5755,0.49,12.6238,356.061,0.538479701,0.244662352
2.5755,0.5,12.6238,355.867,0.525556588,0.257800018
2.5755,0.51,12.6238,355.683,0.512620013,0.2714536
2.5755,0.52,12.6238,355.511,0.499677716,0.285637484
2.5755,0.53,12.6238,355.348,0.486731682,0.300363818
2.5755,0.54,12.6238,355.196,0.473783975,0.31566439
2.5755,0.55,12.6238,355.052,0.460836741,0.331560192
2.5755,0.56,12.6238,354.917,0.447904993,0.348061958
2.5755,0.57,12.6238,354.79,0.434978602,0.365205455
2.5755,0.58,12.6238,354.672,0.422066539,0.383008161
2.5755,0.59,12.6238,354.56,0.409178206,0.40150394
2.5755,0.6,12.6238,354.456,0.396309994,0.420721469
2.5755,0.61,12.6238,354.359,0.383464868,0.440684236
2.5755,0.62,12.6238,354.268,0.370652797,0.461429476
2.5755,0.63,12.6238,354.183,0.357870229,0.482993889
2.5755,0.64,12.6238,354.103,0.345127528,0.505413002
2.5755,0.65,12.6238,354.029,0.332428357,0.528726444
2.5755,0.66,12.6238,353.96,0.319776492,0.552970902
2.5755,0.67,12.6238,353.896,0.307183184,0.57819638
2.5755,0.68,12.6238,353.836,0.294637825,0.60445257
2.5755,0.69,12.6238,353.78,0.282151809,0.631787601
2.5755,0.7,12.6238,353.728,0.269744655,0.660257186
2.5755,0.72,12.6238,353.637,0.245139849,0.720840166
2.5755,0.73,12.6238,353.592,0.232967141,0.753093926
2.5755,0.74,12.6238,353.552,0.220893021,0.786746807
2.5755,0.75,12.6238,353.514,0.208914801,0.821878948
2.5755,0.76,12.6238,353.479,0.196873495,0.859127612
2.5755,0.77,12.6238,353.443,0.185308757,0.8969448
2.5755,0.78,12.6238,353.409,0.173701175,0.937073271
2.5755,0.79,12.6238,353.375,0.16223789,0.979073963
2.5755,0.8,12.6238,353.342,0.150925484,1.023073036
2.5755,0.81,12.6238,353.308,0.139788029,1.069200642
2.5755,0.82,12.6238,353.274,0.128832872,1.117600859
2.5755,0.83,12.6238,353.238,0.118085212,1.168433706
2.5755,0.84,12.6238,353.2,0.10756209,1.221870678
2.5755,0.85,12.6238,353.159,0.097280964,1.278104848
2.5755,0.86,12.6238,353.115,0.087268844,1.33734831
2.5755,0.87,12.6238,353.066,0.077553458,1.399834775
2.5755,0.88,12.6238,353.013,0.068163194,1.465821551
2.5755,0.89,12.6238,352.954,0.059136456,1.535601903
2.5755,0.9,12.6238,352.887,0.050502982,1.609497911
2.5755,0.91,12.6238,352.812,0.042321669,1.687870093
2.5755,0.92,12.6238,352.728,0.034623624,1.771122994
2.5755,0.93,12.6238,352.632,0.027478971,1.859718696
2.5755,0.94,12.6238,352.523,0.020958821,1.95417306
2.5755,0.95,12.6238,352.399,0.015125038,2.055073283
2.5755,0.96,12.6238,352.258,0.010079035,2.163094264
2.5755,0.97,12.6238,352.097,0.005902546,2.279004237
2.5755,0.98,12.6238,351.913,0.002736253,2.403687556
2.5755,0.99,12.6238,351.702,0.000719741,2.538178818
2.5755,1.0,12.6238,351.46,0.0,2.683655044
13.9726,0.0,2.5755,351.46,2.912263704,0.0
13.9726,0.01,2.5755,351.698,2.737550749,0.00085963
13.9726,0.02,2.5755,351.899,2.577865583,0.003264665
13.9726,0.03,2.5755,352.069,2.431365216,0.006985544
13.9726,0.04,2.5755,352.212,2.29648251,0.011839634
13.9726,0.05,2.5755,352.333,2.17190449,0.01767291
13.9726,0.06,2.5755,352.435,2.056504231,0.024351091
13.9726,0.07,2.5755,352.521,1.949314348,0.031760261
13.9726,0.08,2.5755,352.593,1.849499936,0.039816689
13.9726,0.09,2.5755,352.653,1.756341251,0.048437721
13.9726,0.1,2.5755,352.703,1.669200045,0.05755167
13.9726,0.11,2.5755,352.744,1.587533758,0.067107095
13.9726,0.14,2.5755,352.837,1.370741541,0.097906806
13.9726,0.16,2.5755,352.878,1.246014535,0.119860875
13.9726,0.18,2.5755,352.913,1.13435581,0.142679422
13.9726,0.19,2.5755,352.927,1.082841921,0.15435066
13.9726,0.2,2.5755,352.943,1.033927979,0.166183706
13.9726,0.21,2.5755,352.958,0.987434888,0.178146185
13.9726,0.22,2.5755,352.98,0.944578824,0.189851469
13.9726,0.23,2.5755,352.994,0.901083689,0.202442761
13.9726,0.24,2.5755,353.014,0.860942913,0.214748411
13.9726,0.25,2.5755,353.036,0.822656746,0.227143541
13.9726,0.26,2.5755,353.061,0.786113707,0.239615147
13.9726,0.27,2.5755,353.089,0.751213238,0.252158516
13.9726,0.28,2.5755,353.12,0.717849549,0.264761389
13.9726,0.29,2.5755,353.155,0.685946316,0.277419593
13.9726,0.3,2.5755,353.193,0.655419352,0.290136558
13.9726,0.31,2.5755,353.236,0.626195082,0.302885906
13.9726,0.32,2.5755,353.284,0.598198935,0.315678976
13.9726,0.33,2.5755,353.336,0.571369301,0.328504867
13.9726,0.34,2.5755,353.393,0.545650149,0.341353163
13.9726,0.35,2.5755,353.456,0.520981874,0.354227952
13.9726,0.36,2.5755,353.525,0.497320843,0.367126139
13.9726,0.37,2.5755,353.599,0.474611746,0.380031054
13.9726,0.38,2.5755,353.68,0.452806604,0.392947084
13.9726,0.39,2.5755,353.768,0.431873321,0.405871692
13.9726,0.4,2.5755,353.863,0.411765221,0.418795858
13.9726,0.41,2.5755,353.965,0.392454165,0.431723973
13.9726,0.42,2.5755,354.075,0.373898759,0.444640948
13.9726,0.43,2.5755,354.193,0.356064758,0.45755775
13.9726,0.44,2.5755,354.32,0.338926366,0.470459775
13.9726,0.45,2.5755,354.456,0.322452996,0.48334548
13.9726,0.46,2.5755,354.601,0.306624035,0.496213383
13.9726,0.47,2.5755,354.756,0.291407624,0.509056059
13.9726,0.48,2.5755,354.921,0.276775309,0.521872383
13.9726,0.49,2.5755,355.097,0.262718048,0.534667143
13.9726,0.5,2.5755,355.284,0.24920888,0.547421742
13.9726,0.51,2.5755,355.484,0.236217711,0.560141364
13.9726,0.52,2.5755,355.695,0.223743371,0.572814021
13.9726,0.53,2.5755,355.92,0.211750901,0.585445037
13.9726,0.54,2.5755,356.159,0.200235146,0.598028482
13.9726,0.55,2.5755,356.412,0.189181308,0.610553305
13.9726,0.56,2.5755,356.681,0.178556143,0.623019737
13.9726,0.57,2.5755,356.966,0.1683663,0.635417427
13.9726,0.58,2.5755,357.268,0.158583697,0.647747014
13.9726,0.59,2.5755,357.588,0.14920418,0.659998793
13.9726,0.6,2.5755,357.927,0.140205322,0.672168662
13.9726,0.61,2.5755,358.287,0.131589508,0.684242653
13.9726,0.62,2.5755,358.668,0.123332056,0.696222447
13.9726,0.63,2.5755,359.072,0.115424701,0.70809983
13.9726,0.64,2.5755,359.5,0.107867371,0.719857269
13.9726,0.65,2.5755,359.954,0.100632356,0.731492511
13.9726,0.66,2.5755,360.436,0.093727109,0.742993929
13.9726,0.67,2.5755,360.948,0.08713137,0.754345755
13.9726,0.68,2.5755,361.491,0.080833164,0.765546909
13.9726,0.69,2.5755,362.069,0.07483842,0.776573389
13.9726,0.7,2.5755,362.683,0.069134195,0.787415909
13.9726,0.71,2.5755,363.337,0.063706925,0.798061097
13.9726,0.72,2.5755,364.034,0.058551887,0.808482779
13.9726,0.73,2.5755,364.778,0.053663982,0.818669083
13.9726,0.74,2.5755,365.572,0.049028231,0.828595485
13.9726,0.75,2.5755,366.422,0.044648265,0.838238375
13.9726,0.76,2.5755,367.333,0.040517948,0.847566396
13.9726,0.77,2.5755,368.31,0.036621183,0.856557712
13.9726,0.78,2.5755,369.361,0.032960776,0.865165844
13.9726,0.79,2.5755,370.493,0.029529676,0.873362354
13.9726,0.8,2.5755,371.717,0.026310815,0.881094549
13.9726,0.81,2.5755,373.042,0.023316056,0.888310922
13.9726,0.82,2.5755,374.483,0.020527854,0.894952686
13.9726,0.83,2.5755,376.054,0.017947967,0.900949657
13.9726,0.84,2.5755,377.774,0.015568184,0.906212113
13.9726,0.85,2.5755,379.666,0.013380086,0.910646835
13.9726,0.86,2.5755,381.757,0.011375058,0.914124387
13.9726,0.87,2.5755,384.084,0.009564118,0.916494711
13.9726,0.88,2.5755,386.692,0.007918565,0.917577903
13.9726,0.89,2.5755,389.638,0.006459095,0.917134376
13.9726,0.9,2.5755,393.001,0.005156681,0.9148537
13.9726,0.91,2.5755,396.89,0.004021901,0.910324972
13.9726,0.92,2.5755,401.455,0.003045358,0.902994731
13.9726,0.93,2.5755,406.925,0.002217539,0.892047218
13.9726,0.94,2.5755,413.655,0.001538815,0.876268418
13.9726,0.95,2.5755,422.249,0.00098951,0.853695921
13.9726,0.96,2.5755,433.848,0.000579832,0.820810138
13.9726,0.97,2.5755,451.003,0.000279961,0.770298018
13.9726,0.98,2.5755,481.635,9.9995e-05,0.681615951
13.9726,0.99,2.5755,571.162,1e-05,0.46231792
13.9726,1.0,2.5755,623.518,0.0,0.362042513
2.5755,0.0,13.9726,623.518,0.362042513,0.0
2.5755,0.01,13.9726,571.165,0.462311621,1e-05
2.5755,0.02,13.9726,481.635,0.681615951,9.9995e-05
2.5755,0.03,13.9726,451.003,0.770298018,0.000279961
2.5755,0.04,13.9726,433.848,0.820810138,0.000579832
2.5755,0.05,13.9726,422.249,0.853695921,0.00098951
2.5755,0.06,13.9726,413.655,0.876268418,0.001538815
2.5755,0.07,13.9726,406.925,0.892047218,0.002217539
2.5755,0.08,13.9726,401.455,0.902994731,0.003045358
2.5755,0.09,13.9726,396.89,0.910324972,0.004021901
2.5755,0.1,13.9726,393.001,0.9148537,0.005156681
2.5755,0.11,13.9726,389.638,0.917134376,0.006459095
2.5755,0.12,13.9726,386.692,0.917577903,0.007918565
2.5755,0.13,13.9726,384.084,0.916494711,0.009564118
2.5755,0.14,13.9726,381.757,0.914124387,0.011375058
2.5755,0.15,13.9726,379.666,0.910646835,0.013380086
2.5755,0.16,13.9726,377.774,0.906212113,0.015568184
2.5755,0.17,13.9726,376.054,0.900949657,0.017947967
2.5755,0.18,13.9726,374.483,0.894952686,0.020527854
2.5755,0.19,13.9726,373.042,0.888310922,0.023316056
2.5755,0.2,13.9726,371.717,0.881094549,0.026310815
2.5755,0.21,13.9726,370.493,0.873362354,0.029529676
2.5755,0.22,13.9726,369.361,0.865165844,0.032960776
2.5755,0.23,13.9726,368.31,0.856557712,0.036621183
2.5755,0.24,13.9726,367.333,0.847566396,0.040517948
2.5755,0.25,13.9726,366.422,0.838238375,0.044648265
2.5755,0.26,13.9726,365.572,0.828595485,0.049028231
2.5755,0.27,13.9726,364.778,0.818669083,0.053663982
2.5755,0.28,13.9726,364.034,0.808482779,0.058551887
2.5755,0.29,13.9726,363.337,0.798061097,0.063706925
2.5755,0.3,13.9726,362.683,0.787415909,0.069134195
2.5755,0.31,13.9726,362.069,0.776573389,0.07483842
2.5755,0.32,13.9726,361.491,0.765546909,0.080833164
2.5755,0.33,13.9726,360.948,0.754345755,0.08713137
2.5755,0.34,13.9726,360.436,0.742993929,0.093727109
2.5755,0.35,13.9726,359.954,0.731492511,0.100632356
2.5755,0.36,13.9726,359.5,0.719857269,0.107867371
2.5755,0.37,13.9726,359.072,0.70809983,0.115424701
2.5755,0.38,13.9726,358.668,0.696222447,0.123332056
2.5755,0.39,13.9726,358.287,0.684242653,0.131589508
2.5755,0.4,13.9726,357.927,0.672168662,0.140205322
2.5755,0.41,13.9726,357.588,0.659998793,0.14920418
2.5755,0.42,13.9726,357.268,0.647747014,0.158583697
2.5755,0.43,13.9726,356.966,0.635417427,0.1683663
2.5755,0.44,13.9726,356.681,0.623019737,0.178556143
2.5755,0.45,13.9726,356.412,0.610553305,0.189181308
2.5755,0.46,13.9726,356.159,0.598028482,0.200235146
2.5755,0.47,13.9726,355.92,0.585445037,0.211750901
2.5755,0.48,13.9726,355.695,0.572814021,0.223743371
2.5755,0.49,13.9726,355.484,0.560141364,0.236217711
2.5755,0.5,13.9726,355.284,0.547421742,0.24920888
2.5755,0.51,13.9726,355.097,0.534667143,0.262718048
2.5755,0.52,13.9726,354.921,0.521872383,0.276775309
2.5755,0.53,13.9726,354.756,0.509056059,0.291407624
2.5755,0.54,13.9726,354.601,0.496213383,0.306624035
2.5755,0.55,13.9726,354.456,0.48334548,0.322452996
2.5755,0.56,13.9726,354.32,0.470459775,0.338926366
2.5755,0.57,13.9726,354.193,0.45755775,0.356064758
2.5755,0.58,13.9726,354.075,0.444640948,0.373898759
2.5755,0.59,13.9726,353.965,0.431723973,0.392454165
2.5755,0.6,13.9726,353.863,0.418795858,0.411765221
2.5755,0.61,13.9726,353.768,0.405871692,0.431873321
2.5755,0.62,13.9726,353.68,0.392947084,0.452806604
2.5755,0.63,13.9726,353.599,0.380031054,0.474611746
2.5755,0.64,13.9726,353.526,0.367119212,0.497314762
2.5755,0.65,13.9726,353.456,0.354227952,0.520981874
2.5755,0.66,13.9726,353.393,0.341353163,0.545650149
2.5755,0.67,13.9726,353.336,0.328504867,0.571369301
2.5755,0.68,13.9726,353.283,0.315678976,0.598198935
2.5755,0.69,13.9726,353.236,0.302885906,0.626195082
2.5755,0.71,13.9726,353.155,0.277419593,0.685946316
2.5755,0.72,13.9726,353.12,0.264761389,0.717854427
2.5755,0.73,13.9726,353.089,0.252158516,0.751213238
2.5755,0.74,13.9726,353.061,0.239615147,0.786113707
2.5755,0.75,13.9726,353.036,0.227143541,0.822656746
2.5755,0.76,13.9726,353.016,0.214748411,0.860934458
2.5755,0.77,13.9726,352.994,0.202442761,0.901083689
2.5755,0.78,13.9726,352.98,0.189851469,0.944578824
2.5755,0.79,13.9726,352.958,0.178146185,0.987434888
2.5755,0.8,13.9726,352.943,0.166183706,1.033927979
2.5755,0.81,13.9726,352.927,0.15435066,1.082841921
2.5755,0.82,13.9726,352.911,0.142679422,1.134359026
2.5755,0.83,13.9726,352.895,0.131168603,1.18867844
2.5755,0.84,13.9726,352.878,0.119860875,1.246014535
2.5755,0.85,13.9726,352.859,0.108764715,1.306612422
2.5755,0.86,13.9726,352.837,0.097906806,1.370741541
2.5755,0.87,13.9726,352.811,0.087323828,1.438704157
2.5755,0.88,13.9726,352.781,0.077044371,1.510841138
2.5755,0.89,13.9726,352.746,0.067107095,1.58752967
2.5755,0.9,13.9726,352.703,0.05755167,1.669200045
2.5755,0.91,13.9726,352.653,0.048437721,1.756341251
2.5755,0.92,13.9726,352.592,0.039816689,1.849501509
2.5755,0.93,13.9726,352.521,0.031760261,1.949315772
2.5755,0.94,13.9726,352.435,0.024351091,2.056504231
2.5755,0.95,13.9726,352.333,0.01767291,2.17190449
2.5755,0.96,13.9726,352.212,0.011839634,2.29648251
2.5755,0.97,13.9726,352.069,0.006985544,2.431365216
2.5755,0.98,13.9726,351.899,0.003264665,2.577865583
2.5755,0.99,13.9726,351.698,0.00085963,2.737550749
2.5755,1.0,13.9726,351.46,0.0,2.912263704
1.4311,0.0,12.6238,597.323,0.242624558,0.0
1.4311,0.01,12.6238,539.729,0.380653155,0.0
1.4311,0.02,12.6238,466.203,0.597962493,5.9998e-05
1.4311,0.03,12.6238,438.16,0.69409673,0.000189982
1.4311,0.04,12.6238,421.411,0.753776508,0.00039992
1.4311,0.05,12.6238,409.812,0.794954391,0.000719741
1.4311,0.06,12.6238,401.106,0.824894483,0.001139351
1.4311,0.07,12.6238,394.233,0.847266431,0.001688574
1.4311,0.08,12.6238,388.615,0.864180262,0.002347243
1.4311,0.09,12.6238,383.906,0.876955132,0.003145049
1.4311,0.1,12.6238,379.882,0.886482859,0.004091618
1.4311,0.11,12.6238,376.391,0.893390512,0.00516663
1.4311,0.12,12.6238,373.327,0.898134908,0.006409416
1.4311,0.13,12.6238,370.609,0.901063382,0.007799505
1.4311,0.14,12.6238,368.18,0.902443297,0.009356095
1.4311,0.15,12.6238,365.993,0.902483854,0.011088297
1.4311,0.16,12.6238,364.012,0.901359818,0.012995195
1.4311,0.17,12.6238,362.21,0.899205609,0.015085637
1.4311,0.18,12.6238,360.562,0.896145166,0.017358466
1.4311,0.19,12.6238,359.049,0.892264397,0.019832039
1.4311,0.2,12.6238,357.657,0.887652546,0.022514633
1.4311,0.21,12.6238,356.37,0.882382284,0.025394805
1.4311,0.22,12.6238,355.179,0.876509862,0.028499989
1.4311,0.23,12.6238,354.073,0.870087618,0.03182807
1.4311,0.24,12.6238,353.045,0.863164179,0.035376796
1.4311,0.25,12.6238,352.086,0.855780354,0.039172635
1.4311,0.26,12.6238,351.192,0.847969064,0.043212734
1.4311,0.27,12.6238,350.356,0.839763836,0.047494087
1.4311,0.28,12.6238,349.573,0.831198966,0.052042014
1.4311,0.29,12.6238,348.84,0.822292092,0.056862259
1.4311,0.3,12.6238,348.152,0.813070147,0.0619602
1.4311,0.31,12.6238,347.507,0.803551953,0.067340841
1.4311,0.32,12.6238,346.901,0.793761451,0.073018093
1.4311,0.33,12.6238,346.331,0.783714312,0.078996006
1.4311,0.34,12.6238,345.795,0.773422169,0.085287392
1.4311,0.35,12.6238,345.291,0.762906425,0.091904387
1.4311,0.36,12.6238,344.817,0.752170521,0.098867481
1.4311,0.37,12.6238,344.371,0.741241865,0.106169189
1.4311,0.38,12.6238,343.951,0.730115359,0.11382856
1.4311,0.39,12.6238,343.555,0.718814927,0.121863588
1.4311,0.4,12.6238,343.183,0.70734097,0.130273592
1.4311,0.41,12.6238,342.833,0.695708897,0.139092153
1.4311,0.42,12.6238,342.504,0.683929831,0.148316551
1.4311,0.43,12.6238,342.194,0.67200015,0.157969095
1.4311,0.44,12.6238,341.904,0.659936769,0.168062038
1.4311,0.45,12.6238,341.63,0.647747014,0.178614695
1.4311,0.46,12.6238,341.374,0.635433318,0.189636405
1.4311,0.47,12.6238,341.134,0.623003647,0.201159667
1.4311,0.48,12.6238,340.909,0.610466413,0.21319018
1.4311,0.49,12.6238,340.698,0.597825001,0.225748156
1.4311,0.5,12.6238,340.502,0.585088584,0.238859408
1.4311,0.51,12.6238,340.318,0.572255568,0.25255477
1.4311,0.52,12.6238,340.147,0.559335749,0.266838854
1.4311,0.53,12.6238,339.989,0.546333684,0.281752024
1.4311,0.54,12.6238,339.841,0.533254212,0.297308093
1.4311,0.55,12.6238,339.705,0.520102461,0.31353986
1.4311,0.56,12.6238,339.58,0.506883865,0.330482908
1.4311,0.57,12.6238,339.467,0.493598078,0.348153741
1.4311,0.58,12.6238,339.361,0.480257132,0.366599532
1.4311,0.59,12.6238,339.261,0.466660547,0.386159957
1.4311,0.6,12.6238,339.174,0.45342318,0.405951656
1.4311,0.61,12.6238,339.095,0.439937386,0.42692649
1.4311,0.62,12.6238,339.023,0.426410873,0.44882468
1.4311,0.63,12.6238,338.96,0.41284448,0.471689707
1.4311,0.64,12.6238,338.904,0.399252517,0.495573905
1.4311,0.65,12.6238,338.855,0.38563648,0.520518496
1.4311,0.66,12.6238,338.812,0.372004838,0.546594231
1.4311,0.67,12.6238,338.776,0.358352536,0.573845492
1.4311,0.68,12.6238,338.753,0.058316077,1.819915994
1.4311,0.69,12.6238,338.753,0.05832551,1.819813904
1.4311,0.7,12.6238,338.753,0.058334944,1.819729632
1.4311,0.71,12.6238,338.753,0.058344377,1.819659939
1.4311,0.72,12.6238,338.753,0.05835381,1.819601588
1.4311,0.73,12.6238,338.753,0.05835381,1.81955296
1.4311,0.74,12.6238,338.753,0.058363243,1.819512435
1.4311,0.75,12.6238,338.753,0.058363243,1.819480013
1.4311,0.76,12.6238,338.753,0.058363243,1.819450833
1.4311,0.77,12.6238,338.753,0.058372676,1.819428137
1.4311,0.78,12.6238,338.753,0.058372676,1.819408682
1.4311,0.79,12.6238,338.753,0.058372676,1.819394091
1.4311,0.8,12.6238,338.753,0.058372676,1.8193795
1.4311,0.81,12.6238,338.753,0.058372676,1.819369772
1.4311,0.82,12.6238,338.753,0.058372676,1.819360045
1.4311,0.83,12.6238,338.753,0.058382109,1.819351938
1.4311,0.84,12.6238,338.753,0.058382109,1.819345453
1.4311,0.85,12.6238,338.753,0.058382109,1.819340589
1.4311,0.86,12.6238,338.753,0.058382109,1.819335725
1.4311,0.87,12.6238,338.753,0.058382109,1.819332482
1.4311,0.88,12.6238,338.753,0.058382109,1.81932924
1.4311,0.89,12.6238,338.753,0.058382109,1.819327618
1.4311,0.9,12.6238,338.753,0.058382109,1.819324376
1.4311,0.91,12.6238,338.739,0.053597637,1.866385997
1.4311,0.92,12.6238,338.703,0.044064731,1.969286216
1.4311,0.93,12.6238,338.654,0.035154766,2.079589031
1.4311,0.94,12.6238,338.589,0.026943735,2.198086428
1.4311,0.95,12.6238,338.506,0.019557499,2.325695967
1.4311,0.96,12.6238,338.402,0.013103769,2.463478702
1.4311,0.97,12.6238,338.273,0.007730046,2.612669352
1.4311,0.98,12.6238,338.114,0.003613464,2.774723941
1.4311,0.99,12.6238,337.92,0.000949549,2.951346645
1.4311,1.0,12.6238,337.685,0.0,3.144587529
12.6238,0.0,1.4311,337.685,3.144587529,0.0
12.6238,0.01,1.4311,337.92,2.951346645,0.000949549
12.6238,0.02,1.4311,338.114,2.774723941,0.003613464
12.6238,0.03,1.4311,338.273,2.612669352,0.007730046
12.6238,0.04,1.4311,338.402,2.463478702,0.013103769
12.6238,0.05,1.4311,338.506,2.325695967,0.019557499
12.6238,0.06,1.4311,338.589,2.198086428,0.026943735
12.6238,0.07,1.4311,338.654,2.079589031,0.035154766
12.6238,0.09,1.4311,338.739,1.866385997,0.053597637
12.6238,0.1,1.4311,338.753,1.81842412,0.058476434
12.6238,0.11,1.4311,338.753,1.81857503,0.05845757
12.6238,0.12,1.4311,338.753,1.81869996,0.058448137
12.6238,0.13,1.4311,338.753,1.818803786,0.058438705
12.6238,0.14,1.4311,338.753,1.818889759,0.058429273
12.6238,0.15,1.4311,338.753,1.818961127,0.05841984
12.6238,0.16,1.4311,338.753,1.819021137,0.058410408
12.6238,0.17,1.4311,338.753,1.819069791,0.058410408
12.6238,0.18,1.4311,338.753,1.819111956,0.058400975
12.6238,0.19,1.4311,338.753,1.819146011,0.058400975
12.6238,0.2,1.4311,338.753,1.8191752,0.058400975
12.6238,0.21,1.4311,338.753,1.819197902,0.058391542
12.6238,0.22,1.4311,338.753,1.819217361,0.058391542
12.6238,0.23,1.4311,338.753,1.819233576,0.058391542
12.6238,0.24,1.4311,338.753,1.819248169,0.058391542
12.6238,0.25,1.4311,338.753,1.819259519,0.058391542
12.6238,0.26,1.4311,338.753,1.819269248,0.058391542
12.6238,0.27,1.4311,338.753,1.819275734,0.058382109
12.6238,0.28,1.4311,338.753,1.81928222,0.058382109
12.6238,0.29,1.4311,338.753,1.819288705,0.058382109
12.6238,0.3,1.4311,338.753,1.819293569,0.058382109
12.6238,0.31,1.4311,338.753,1.819296812,0.058382109
12.6238,0.32,1.4311,338.753,1.819300055,0.058382109
12.6238,0.33,1.4311,338.776,0.573845492,0.358352536
12.6238,0.34,1.4311,338.812,0.546594231,0.372004838
12.6238,0.35,1.4311,338.855,0.520518496,0.38563648
12.6238,0.36,1.4311,338.904,0.495573905,0.399252517
12.6238,0.37,1.4311,338.96,0.471689707,0.41284448
12.6238,0.38,1.4311,339.023,0.44882468,0.426410873
12.6238,0.39,1.4311,339.095,0.42692649,0.439937386
12.6238,0.4,1.4311,339.174,0.405951656,0.45342318
12.6238,0.41,1.4311,339.262,0.385860861,0.466867467
12.6238,0.42,1.4311,339.358,0.366606463,0.480263318
12.6238,0.43,1.4311,339.464,0.348160801,0.493604182
12.6238,0.44,1.4311,339.58,0.330482908,0.506883865
12.6238,0.45,1.4311,339.705,0.31353986,0.520102461
12.6238,0.46,1.4311,339.841,0.297308093,0.533254212
12.6238,0.47,1.4311,339.989,0.281752024,0.546333684
12.6238,0.48,1.4311,340.147,0.266838854,0.559335749
12.6238,0.49,1.4311,340.318,0.25255477,0.572255568
12.6238,0.5,1.4311,340.502,0.238859408,0.585088584
12.6238,0.51,1.4311,340.698,0.225748156,0.597825001
12.6238,0.52,1.4311,340.909,0.21319018,0.610466413
12.6238,0.53,1.4311,341.134,0.201159667,0.623003647
12.6238,0.54,1.4311,341.374,0.189636405,0.635433318
12.6238,0.55,1.4311,341.63,0.178614695,0.647747014
12.6238,0.56,1.4311,341.904,0.168062038,0.659936769
12.6238,0.57,1.4311,342.194,0.157969095,0.67200015
12.6238,0.58,1.4311,342.504,0.148316551,0.683929831
12.6238,0.59,1.4311,342.833,0.139092153,0.695708897
12.6238,0.6,1.4311,343.183,0.130273592,0.70734097
12.6238,0.61,1.4311,343.555,0.121863588,0.718814927
12.6238,0.62,1.4311,343.951,0.11382856,0.730115359
12.6238,0.63,1.4311,344.371,0.106169189,0.741241865
12.6238,0.64,1.4311,344.817,0.098867481,0.752170521
12.6238,0.65,1.4311,345.291,0.091904387,0.762906425
12.6238,0.66,1.4311,345.795,0.085287392,0.773422169
12.6238,0.67,1.4311,346.331,0.078996006,0.783714312
12.6238,0.68,1.4311,346.901,0.073018093,0.793761451
12.6238,0.69,1.4311,347.507,0.067340841,0.803551953
12.6238,0.7,1.4311,348.152,0.0619602,0.813070147
12.6238,0.71,1.4311,348.84,0.056862259,0.822292092
12.6238,0.72,1.4311,349.573,0.052042014,0.831198966
12.6238,0.73,1.4311,350.356,0.047494087,0.839763836
12.6238,0.74,1.4311,351.192,0.043212734,0.847969064
12.6238,0.75,1.4311,352.086,0.039172635,0.855780354
12.6238,0.76,1.4311,353.045,0.035376796,0.863164179
12.6238,0.77,1.4311,354.073,0.03182807,0.870087618
12.6238,0.78,1.4311,355.179,0.028499989,0.876509862
12.6238,0.79,1.4311,356.37,0.025394805,0.882382284
12.6238,0.8,1.4311,357.657,0.022514633,0.887652546
12.6238,0.81,1.4311,359.049,0.019832039,0.892264397
12.6238,0.82,1.4311,360.562,0.017358466,0.896145166
12.6238,0.83,1.4311,362.21,0.015085637,0.899205609
12.6238,0.84,1.4311,364.012,0.012995195,0.901359818
12.6238,0.85,1.4311,365.993,0.011088297,0.902483854
12.6238,0.86,1.4311,368.18,0.009356095,0.902443297
12.6238,0.87,1.4311,370.609,0.007799505,0.901063382
12.6238,0.88,1.4311,373.327,0.006409416,0.898134908
12.6238,0.89,1.4311,376.391,0.00516663,0.893390512
12.6238,0.9,1.4311,379.882,0.004091618,0.886482859
12.6238,0.91,1.4311,383.906,0.003145049,0.876955132
12.6238,0.92,1.4311,388.615,0.002347243,0.864180262
12.6238,0.93,1.4311,394.233,0.001688574,0.847266431
12.6238,0.94,1.4311,401.106,0.001139351,0.824894483
12.6238,0.95,1.4311,409.812,0.000719741,0.794954391
12.6238,0.96,1.4311,421.411,0.00039992,0.753776508
12.6238,0.97,1.4311,438.16,0.000189982,0.69409673
12.6238,0.98,1.4311,466.203,5.9998e-05,0.597962493
12.6238,0.99,1.4311,539.729,0.0,0.380653155
12.6238,1.0,1.4311,597.324,0.0,0.242624558
9.9262,0.0,12.6238,597.323,-0.020052719,0.0
9.9262,0.01,12.6238,596.426,-0.019692633,-2e-06
9.9262,0.02,12.6238,595.536,-0.019334717,-7e-06
9.9262,0.03,12.6238,594.655,-0.018978967,-1.6e-05
9.9262,0.04,12.6238,593.782,-0.018626399,-2.8e-05
9.9262,0.05,12.6238,592.917,-0.018277012,-4.4001e-05
9.9262,0.06,12.6238,592.061,-0.017929782,-6.4002e-05
9.9262,0.07,12.6238,591.213,-0.017584709,-8.7004e-05
9.9262,0.08,12.6238,590.373,-0.017243824,-0.000114006
9.9262,0.09,12.6238,589.542,-0.016904072,-0.000145011
9.9262,0.1,12.6238,588.718,-0.016568503,-0.000179016
9.9262,0.11,12.6238,587.903,-0.016235079,-0.000217024
9.9262,0.12,12.6238,587.095,-0.015903798,-0.000259034
9.9262,0.13,12.6238,586.296,-0.015576689,-0.000305047
9.9262,0.14,12.6238,585.504,-0.015251718,-0.000354063
9.9262,0.15,12.6238,584.72,-0.014928883,-0.000407083
9.9262,0.16,12.6238,583.944,-0.014610211,-0.000464108
9.9262,0.17,12.6238,583.176,-0.01429367,-0.000525138
9.9262,0.18,12.6238,582.415,-0.013979256,-0.000590174
9.9262,0.19,12.6238,581.663,-0.013668997,-0.000659217
9.9262,0.2,12.6238,580.917,-0.01336086,-0.000731267
9.9262,0.21,12.6238,580.179,-0.013055858,-0.000808327
9.9262,0.22,12.6238,579.449,-0.012753987,-0.000888395
9.9262,0.23,12.6238,578.726,-0.012455246,-0.000973474
9.9262,0.24,12.6238,578.01,-0.01215963,-0.001062564
9.9262,0.25,12.6238,577.301,-0.011866125,-0.001154666
9.9262,0.26,12.6238,576.6,-0.011575741,-0.001251783
9.9262,0.27,12.6238,575.905,-0.011289487,-0.001352915
9.9262,0.28,12.6238,575.218,-0.011005337,-0.001458062
9.9262,0.29,12.6238,574.538,-0.0107243,-0.001567227
9.9262,0.3,12.6238,573.864,-0.010446374,-0.001681413
9.9262,0.31,12.6238,573.197,-0.010171555,-0.001798617
9.9262,0.32,12.6238,572.537,-0.009900852,-0.001920844
9.9262,0.33,12.6238,571.883,-0.009632241,-0.002047094
9.9262,0.34,12.6238,571.236,-0.009366731,-0.002178371
9.9262,0.35,12.6238,570.596,-0.009104319,-0.002312672
9.9262,0.36,12.6238,569.962,-0.008846011,-0.002452004
9.9262,0.37,12.6238,569.334,-0.008589787,-0.002596368
9.9262,0.38,12.6238,568.713,-0.008337662,-0.002744763
9.9262,0.39,12.6238,568.098,-0.008088625,-0.002897193
9.9262,0.4,12.6238,567.489,-0.007842674,-0.003054661
9.9262,0.41,12.6238,566.886,-0.007599806,-0.003216166
9.9262,0.42,12.6238,566.289,-0.007361026,-0.003381712
9.9262,0.43,12.6238,565.697,-0.007124318,-0.003553306
9.9262,0.44,12.6238,565.112,-0.006891693,-0.00372794
9.9262,0.45,12.6238,564.533,-0.00666315,-0.003908629
9.9262,0.46,12.6238,563.959,-0.006436671,-0.004093366
9.9262,0.47,12.6238,563.391,-0.006214269,-0.00428316
9.9262,0.48,12.6238,562.828,-0.00599594,-0.004477007
9.9262,0.49,12.6238,562.271,-0.005780676,-0.004675915
9.9262,0.5,12.6238,561.719,-0.005568475,-0.004879887
9.9262,0.51,12.6238,561.173,-0.005360341,-0.005087922
9.9262,0.52,12.6238,560.632,-0.005155266,-0.005302031
9.9262,0.53,12.6238,560.096,-0.004953247,-0.005520208
9.9262,0.54,12.6238,559.565,-0.004756293,-0.005743462
9.9262,0.55,12.6238,559.04,-0.004561387,-0.005971796
9.9262,0.56,12.6238,558.519,-0.004371541,-0.006205213
9.9262,0.57,12.6238,558.004,-0.004184744,-0.006443716
9.9262,0.58,12.6238,557.493,-0.004000993,-0.006686304
9.9262,0.59,12.6238,556.987,-0.003821292,-0.006934992
9.9262,0.6,12.6238,556.487,-0.003645637,-0.007188777
9.9262,0.61,12.6238,555.99,-0.003474027,-0.007447665
9.9262,0.62,12.6238,555.499,-0.003305457,-0.007711659
9.9262,0.63,12.6238,555.012,-0.003140928,-0.007980762
9.9262,0.64,12.6238,554.529,-0.002980437,-0.008255987
9.9262,0.65,12.6238,554.052,-0.002823984,-0.008535322
9.9262,0.66,12.6238,553.578,-0.002671565,-0.008820789
9.9262,0.67,12.6238,553.109,-0.002522178,-0.009111383
9.9262,0.68,12.6238,552.644,-0.002376822,-0.009408118
9.9262,0.69,12.6238,552.184,-0.002236499,-0.00970898
9.9262,0.7,12.6238,551.728,-0.002099202,-0.010015993
9.9262,0.71,12.6238,551.276,-0.001965931,-0.010329163
9.9262,0.72,12.6238,550.828,-0.001837688,-0.010647484
9.9262,0.73,12.6238,550.384,-0.001712465,-0.010970962
9.9262,0.74,12.6238,549.944,-0.001592267,-0.011300612
9.9262,0.75,12.6238,549.508,-0.001475087,-0.011636442
9.9262,0.76,12.6238,549.077,-0.001362928,-0.011977444
9.9262,0.77,12.6238,548.649,-0.001254787,-0.012323625
9.9262,0.78,12.6238,548.224,-0.001150662,-0.012677015
9.9262,0.79,12.6238,547.804,-0.001050552,-0.013035595
9.9262,0.8,12.6238,547.387,-0.000955456,-0.013399372
9.9262,0.81,12.6238,546.974,-0.000864373,-0.013770378
9.9262,0.82,12.6238,546.565,-0.000777302,-0.014146593
9.9262,0.83,12.6238,546.159,-0.000695242,-0.014529037
9.9262,0.84,12.6238,545.757,-0.00061719,-0.014917718
9.9262,0.85,12.6238,545.358,-0.000544148,-0.015312642
9.9262,0.86,12.6238,544.963,-0.000475113,-0.015713818
9.9262,0.87,12.6238,544.571,-0.000411084,-0.016120236
9.9262,0.88,12.6238,544.183,-0.000351062,-0.016533935
9.9262,0.89,12.6238,543.798,-0.000295044,-0.016953909
9.9262,0.9,12.6238,543.416,-0.00024503,-0.017380164
9.9262,0.91,12.6238,543.038,-0.00019902,-0.017812708
9.9262,0.92,12.6238,542.663,-0.000157012,-0.018251551
9.9262,0.93,12.6238,542.291,-0.000121007,-0.018696699
9.9262,0.94,12.6238,541.922,-8.9004e-05,-0.019149181
9.9262,0.95,12.6238,541.556,-6.2002e-05,-0.019607986
9.9262,0.96,12.6238,541.194,-4.0001e-05,-0.020073124
9.9262,0.97,12.6238,540.834,-2.2e-05,-0.020544602
9.9262,0.98,12.6238,540.478,-1e-05,-0.021023452
9.9262,0.99,12.6238,540.124,-2e-06,-0.021508662
9.9262,1.0,12.6238,539.774,0.0,-0.022001263
12.6238,0.0,9.9262,539.774,-0.022001263,0.0
12.6238,0.01,9.9262,540.124,-0.021508662,-2e-06
12.6238,0.02,9.9262,540.478,-0.021023452,-1e-05
12.6238,0.03,9.9262,540.834,-0.020544602,-2.2e-05
12.6238,0.04,9.9262,541.194,-0.020073124,-4.0001e-05
12.6238,0.05,9.9262,541.556,-0.019607986,-6.2002e-05
12.6238,0.06,9.9262,541.922,-0.019149181,-8.9004e-05
12.6238,0.07,9.9262,542.291,-0.018696699,-0.000121007
12.6238,0.08,9.9262,542.663,-0.018251551,-0.000157012
12.6238,0.09,9.9262,543.038,-0.017812708,-0.00019902
12.6238,0.1,9.9262,543.416,-0.017380164,-0.00024503
12.6238,0.11,9.9262,543.798,-0.016953909,-0.000295044
12.6238,0.12,9.9262,544.183,-0.016533935,-0.000351062
12.6238,0.13,9.9262,544.571,-0.016120236,-0.000411084
12.6238,0.14,9.9262,544.963,-0.015713818,-0.000475113
12.6238,0.15,9.9262,545.358,-0.015312642,-0.000544148
12.6238,0.16,9.9262,545.757,-0.014917718,-0.00061719
12.6238,0.17,9.9262,546.159,-0.014529037,-0.000695242
12.6238,0.18,9.9262,546.565,-0.014146593,-0.000777302
12.6238,0.19,9.9262,546.974,-0.013770378,-0.000864373
12.6238,0.2,9.9262,547.387,-0.013399372,-0.000955456
12.6238,0.21,9.9262,547.804,-0.013035595,-0.001050552
12.6238,0.22,9.9262,548.224,-0.012677015,-0.001150662
12.6238,0.23,9.9262,548.649,-0.012323625,-0.001254787
12.6238,0.24,9.9262,549.077,-0.011977444,-0.001362928
12.6238,0.25,9.9262,549.508,-0.011636442,-0.001475087
12.6238,0.26,9.9262,549.944,-0.011300612,-0.001592267
12.6238,0.27,9.9262,550.384,-0.010970962,-0.001712465
12.6238,0.28,9.9262,550.828,-0.010647484,-0.001837688
12.6238,0.29,9.9262,551.276,-0.010329163,-0.001965931
12.6238,0.3,9.9262,551.728,-0.010015993,-0.002099202
12.6238,0.31,9.9262,552.184,-0.00970898,-0.002236499
12.6238,0.32,9.9262,552.644,-0.009408118,-0.002376822
12.6238,0.33,9.9262,553.109,-0.009111383,-0.002522178
12.6238,0.34,9.9262,553.578,-0.008820789,-0.002671565
12.6238,0.35,9.9262,554.052,-0.008535322,-0.002823984
12.6238,0.36,9.9262,554.529,-0.008255987,-0.002980437
12.6238,0.37,9.9262,555.012,-0.007980762,-0.003140928
12.6238,0.38,9.9262,555.499,-0.007711659,-0.003305457
12.6238,0.39,9.9262,555.99,-0.007447665,-0.003474027
12.6238,0.4,9.9262,556.487,-0.007188777,-0.003645637
12.6238,0.41,9.9262,556.987,-0.006934992,-0.003821292
12.6238,0.42,9.9262,557.493,-0.006686304,-0.004000993
12.6238,0.43,9.9262,558.004,-0.006443716,-0.004184744
12.6238,0.44,9.9262,558.519,-0.006205213,-0.004371541
12.6238,0.45,9.9262,559.04,-0.005971796,-0.004561387
12.6238,0.46,9.9262,559.565,-0.005743462,-0.004756293
12.6238,0.47,9.9262,560.096,-0.005520208,-0.004953247
12.6238,0.48,9.9262,560.632,-0.005302031,-0.005155266
12.6238,0.49,9.9262,561.173,-0.005087922,-0.005360341
12.6238,0.5,9.9262,561.719,-0.004879887,-0.005568475
12.6238,0.51,9.9262,562.271,-0.004675915,-0.005780676
12.6238,0.52,9.9262,562.828,-0.004477007,-0.00599594
12.6238,0.53,9.9262,563.391,-0.00428316,-0.006214269
12.6238,0.54,9.9262,563.959,-0.004093366,-0.006436671
12.6238,0.55,9.9262,564.533,-0.003908629,-0.00666315
12.6238,0.56,9.9262,565.112,-0.00372794,-0.006891693
12.6238,0.57,9.9262,565.697,-0.003553306,-0.007124318
12.6238,0.58,9.9262,566.289,-0.003381712,-0.007361026
12.6238,0.59,9.9262,566.886,-0.003216166,-0.007599806
12.6238,0.6,9.9262,567.489,-0.003054661,-0.007842674
12.6238,0.61,9.9262,568.098,-0.002897193,-0.008088625
12.6238,0.62,9.9262,568.713,-0.002744763,-0.008337662
12.6238,0.63,9.9262,569.334,-0.002596368,-0.008589787
12.6238,0.64,9.9262,569.962,-0.002452004,-0.008846011
12.6238,0.65,9.9262,570.596,-0.002312672,-0.009104319
12.6238,0.66,9.9262,571.236,-0.002178371,-0.009366731
12.6238,0.67,9.9262,571.883,-0.002047094,-0.009632241
12.6238,0.68,9.9262,572.537,-0.001920844,-0.009900852
12.6238,0.69,9.9262,573.197,-0.001798617,-0.010171555
12.6238,0.7,9.9262,573.864,-0.001681413,-0.010446374
12.6238,0.71,9.9262,574.538,-0.001567227,-0.0107243
12.6238,0.72,9.9262,575.218,-0.001458062,-0.011005337
12.6238,0.73,9.9262,575.905,-0.001352915,-0.011289487
12.6238,0.74,9.9262,576.6,-0.001251783,-0.011575741
12.6238,0.75,9.9262,577.301,-0.001154666,-0.011866125
12.6238,0.76,9.9262,578.01,-0.001062564,-0.01215963
12.6238,0.77,9.9262,578.726,-0.000973474,-0.012455246
12.6238,0.78,9.9262,579.449,-0.000888395,-0.012753987
12.6238,0.79,9.9262,580.179,-0.000808327,-0.013055858
12.6238,0.8,9.9262,580.917,-0.000731267,-0.01336086
12.6238,0.81,9.9262,581.663,-0.000659217,-0.013668997
12.6238,0.82,9.9262,582.415,-0.000590174,-0.013979256
12.6238,0.83,9.9262,583.176,-0.000525138,-0.01429367
12.6238,0.84,9.9262,583.944,-0.000464108,-0.014610211
12.6238,0.85,9.9262,584.72,-0.000407083,-0.014928883
12.6238,0.86,9.9262,585.504,-0.000354063,-0.015251718
12.6238,0.87,9.9262,586.296,-0.000305047,-0.015576689
12.6238,0.88,9.9262,587.095,-0.000259034,-0.015903798
12.6238,0.89,9.9262,587.903,-0.000217024,-0.016235079
12.6238,0.9,9.9262,588.718,-0.000179016,-0.016568503
12.6238,0.91,9.9262,589.542,-0.000145011,-0.016904072
12.6238,0.92,9.9262,590.373,-0.000114006,-0.017243824
12.6238,0.93,9.9262,591.213,-8.7004e-05,-0.017584709
12.6238,0.94,9.9262,592.061,-6.4002e-05,-0.017929782
12.6238,0.95,9.9262,592.917,-4.4001e-05,-0.018277012
12.6238,0.96,9.9262,593.782,-2.8e-05,-0.018626399
12.6238,0.97,9.9262,594.655,-1.6e-05,-0.018978967
12.6238,0.98,9.9262,595.536,-7e-06,-0.019334717
12.6238,0.99,9.9262,596.426,-2e-06,-0.019692633
12.6238,1.0,9.9262,597.323,0.0,-0.020052719
13.7405,0.0,13.9726,623.518,0.006250425,0.0
13.7405,0.01,13.9726,623.446,0.006121227,0.0
13.7405,0.02,13.9726,623.374,0.006001952,0.0
13.7405,0.03,13.9726,623.303,0.005882663,1e-05
13.7405,0.04,13.9726,623.231,0.00576336,1e-05
13.7405,0.05,13.9726,623.161,0.005644042,2e-05
13.7405,0.06,13.9726,623.09,0.005534655,2e-05
13.7405,0.07,13.9726,623.02,0.005415311,3e-05
13.7405,0.08,13.9726,622.95,0.005305899,3.9999e-05
13.7405,0.09,13.9726,622.88,0.005186527,4.9999e-05
13.7405,0.1,13.9726,622.81,0.00507709,5.9998e-05
13.7405,0.11,13.9726,622.741,0.004967641,7.9997e-05
13.7405,0.12,13.9726,622.672,0.00485818,8.9996e-05
13.7405,0.13,13.9726,622.603,0.004748707,0.000109994
13.7405,0.14,13.9726,622.535,0.004639222,0.000119993
13.7405,0.15,13.9726,622.466,0.00453968,0.00013999
13.7405,0.16,13.9726,622.398,0.004430172,0.000159987
13.7405,0.17,13.9726,622.33,0.004330609,0.000179984
13.7405,0.18,13.9726,622.263,0.004231037,0.00019998
13.7405,0.19,13.9726,622.196,0.004121495,0.000219976
13.7405,0.2,13.9726,622.128,0.004021901,0.000249969
13.7405,0.21,13.9726,622.062,0.003922298,0.000269964
13.7405,0.22,13.9726,621.995,0.003832646,0.000299955
13.7405,0.23,13.9726,621.929,0.003733024,0.000329946
13.7405,0.24,13.9726,621.862,0.003633391,0.000359935
13.7405,0.25,13.9726,621.797,0.003543714,0.000389924
13.7405,0.26,13.9726,621.731,0.003454028,0.000419912
13.7405,0.27,13.9726,621.665,0.003364334,0.000449899
13.7405,0.28,13.9726,621.6,0.003274633,0.00048988
13.7405,0.29,13.9726,621.535,0.003184923,0.00052986
13.7405,0.3,13.9726,621.47,0.003095205,0.000559843
13.7405,0.31,13.9726,621.406,0.003005479,0.00059982
13.7405,0.32,13.9726,621.342,0.002915745,0.000639795
13.7405,0.33,13.9726,621.277,0.002835975,0.000679769
13.7405,0.34,13.9726,621.214,0.002756198,0.000719741
13.7405,0.35,13.9726,621.15,0.002666442,0.000769704
13.7405,0.36,13.9726,621.086,0.002586652,0.000809672
13.7405,0.37,13.9726,621.023,0.002506855,0.00085963
13.7405,0.38,13.9726,620.96,0.002437028,0.000899595
13.7405,0.39,13.9726,620.897,0.00235722,0.000949549
13.7405,0.4,13.9726,620.835,0.002277405,0.0009995
13.7405,0.41,13.9726,620.772,0.002207562,0.001049449
13.7405,0.42,13.9726,620.71,0.002127735,0.001109384
13.7405,0.43,13.9726,620.648,0.002057881,0.001159328
13.7405,0.44,13.9726,620.586,0.001988023,0.001209269
13.7405,0.45,13.9726,620.525,0.001918159,0.001269194
13.7405,0.46,13.9726,620.463,0.001848291,0.001329116
13.7405,0.47,13.9726,620.402,0.001778418,0.001389035
13.7405,0.48,13.9726,620.341,0.001718522,0.00144895
13.7405,0.49,13.9726,620.28,0.00164864,0.001508861
13.7405,0.5,13.9726,620.22,0.001588737,0.001568769
13.7405,0.51,13.9726,620.16,0.001528831,0.001638657
13.7405,0.52,13.9726,620.099,0.001468921,0.001698557
13.7405,0.53,13.9726,620.039,0.001409007,0.001768435
13.7405,0.54,13.9726,619.98,0.00134909,0.001838309
13.7405,0.55,13.9726,619.92,0.001289169,0.001908178
13.7405,0.56,13.9726,619.861,0.001229244,0.001978042
13.7405,0.57,13.9726,619.801,0.001179304,0.002047902
13.7405,0.58,13.9726,619.742,0.001119373,0.002117756
13.7405,0.59,13.9726,619.683,0.001069428,0.002197584
13.7405,0.6,13.9726,619.625,0.00101948,0.002267427
13.7405,0.61,13.9726,619.566,0.00096953,0.002347243
13.7405,0.62,13.9726,619.508,0.000919577,0.002427052
13.7405,0.63,13.9726,619.45,0.000869622,0.002506855
13.7405,0.64,13.9726,619.392,0.000829656,0.002586652
13.7405,0.65,13.9726,619.334,0.000779696,0.002666442
13.7405,0.66,13.9726,619.277,0.000739726,0.002746226
13.7405,0.67,13.9726,619.219,0.000699755,0.002835975
13.7405,0.68,13.9726,619.162,0.000649789,0.002925716
13.7405,0.69,13.9726,619.105,0.000609814,0.003005479
13.7405,0.7,13.9726,619.048,0.000579832,0.003095205
13.7405,0.71,13.9726,618.992,0.000539854,0.003184923
13.7405,0.72,13.9726,618.935,0.000499875,0.003274633
13.7405,0.73,13.9726,618.879,0.00046989,0.003374301
13.7405,0.74,13.9726,618.823,0.000429908,0.003463993
13.7405,0.75,13.9726,618.767,0.00039992,0.003563643
13.7405,0.76,13.9726,618.711,0.000369932,0.003653318
13.7405,0.77,13.9726,618.655,0.000339942,0.003752949
13.7405,0.78,13.9726,618.6,0.000309952,0.003852569
13.7405,0.79,13.9726,618.544,0.000279961,0.00395218
13.7405,0.8,13.9726,618.489,0.000259966,0.00406174
13.7405,0.81,13.9726,618.434,0.000229974,0.00416133
13.7405,0.82,13.9726,618.382,0.000209978,0.004270867
13.7405,0.83,13.9726,618.327,0.000189982,0.004370436
13.7405,0.84,13.9726,618.273,0.000159987,0.00447995
13.7405,0.85,13.9726,618.218,0.000149989,0.004589452
13.7405,0.86,13.9726,618.164,0.000129992,0.004698943
13.7405,0.87,13.9726,618.11,0.000109994,0.004808421
13.7405,0.88,13.9726,618.056,8.9996e-05,0.004917887
13.7405,0.89,13.9726,618.003,7.9997e-05,0.005037292
13.7405,0.9,13.9726,617.949,5.9998e-05,0.005156681
13.7405,0.91,13.9726,617.896,4.9999e-05,0.00526611
13.7405,0.92,13.9726,617.843,3.9999e-05,0.005385472
13.7405,0.93,13.9726,617.79,3e-05,0.005504821
13.7405,0.94,13.9726,617.737,2e-05,0.005624155
13.7405,0.95,13.9726,617.684,2e-05,0.005753417
13.7405,0.96,13.9726,617.632,1e-05,0.005872722
13.7405,0.97,13.9726,617.579,1e-05,0.006001952
13.7405,0.98,13.9726,617.527,0.0,0.006121227
13.7405,0.99,13.9726,617.475,0.0,0.006250425
13.7405,1.0,13.9726,617.423,0.0,0.006379607
13.9726,0.0,13.7405,617.423,0.006379607,0.0
13.9726,0.01,13.7405,617.475,0.006250425,0.0
13.9726,0.02,13.7405,617.527,0.006121227,0.0
13.9726,0.03,13.7405,617.579,0.006001952,1e-05
13.9726,0.04,13.7405,617.632,0.005872722,1e-05
13.9726,0.05,13.7405,617.684,0.005753417,2e-05
13.9726,0.06,13.7405,617.737,0.005624155,2e-05
13.9726,0.07,13.7405,617.79,0.005504821,3e-05
13.9726,0.08,13.7405,617.843,0.005385472,3.9999e-05
13.9726,0.09,13.7405,617.896,0.00526611,4.9999e-05
13.9726,0.1,13.7405,617.949,0.005156681,5.9998e-05
13.9726,0.11,13.7405,618.003,0.005037292,7.9997e-05
13.9726,0.12,13.7405,618.056,0.004917887,8.9996e-05
13.9726,0.13,13.7405,618.11,0.004808421,0.000109994
13.9726,0.14,13.7405,618.164,0.004698943,0.000129992
13.9726,0.15,13.7405,618.218,0.004589452,0.000149989
13.9726,0.16,13.7405,618.273,0.00447995,0.000159987
13.9726,0.17,13.7405,618.327,0.004370436,0.000189982
13.9726,0.18,13.7405,618.382,0.004270867,0.000209978
13.9726,0.19,13.7405,618.434,0.00416133,0.000229974
13.9726,0.2,13.7405,618.489,0.00406174,0.000259966
13.9726,0.21,13.7405,618.544,0.00395218,0.000279961
13.9726,0.22,13.7405,618.6,0.003852569,0.000309952
13.9726,0.23,13.7405,618.655,0.003752949,0.000339942
13.9726,0.24,13.7405,618.711,0.003653318,0.000369932
13.9726,0.25,13.7405,618.767,0.003563643,0.00039992
13.9726,0.26,13.7405,618.823,0.003463993,0.000429908
13.9726,0.27,13.7405,618.879,0.003374301,0.00046989
13.9726,0.28,13.7405,618.935,0.003274633,0.000499875
13.9726,0.29,13.7405,618.992,0.003184923,0.000539854
13.9726,0.3,13.7405,619.048,0.003095205,0.000579832
13.9726,0.31,13.7405,619.105,0.003005479,0.000609814
13.9726,0.32,13.7405,619.162,0.002925716,0.000649789
13.9726,0.33,13.7405,619.219,0.002835975,0.000699755
13.9726,0.34,13.7405,619.277,0.002746226,0.000739726
13.9726,0.35,13.7405,619.334,0.002666442,0.000779696
13.9726,0.36,13.7405,619.392,0.002586652,0.000829656
13.9726,0.37,13.7405,619.45,0.002506855,0.000869622
13.9726,0.38,13.7405,619.508,0.002427052,0.000919577
13.9726,0.39,13.7405,619.566,0.002347243,0.00096953
13.9726,0.4,13.7405,619.625,0.002267427,0.00101948
13.9726,0.41,13.7405,619.683,0.002197584,0.001069428
13.9726,0.42,13.7405,619.742,0.002117756,0.001119373
13.9726,0.43,13.7405,619.801,0.002047902,0.001179304
13.9726,0.44,13.7405,619.861,0.001978042,0.001229244
13.9726,0.45,13.7405,619.92,0.001908178,0.001289169
13.9726,0.46,13.7405,619.98,0.001838309,0.00134909
13.9726,0.47,13.7405,620.039,0.001768435,0.001409007
13.9726,0.48,13.7405,620.099,0.001698557,0.001468921
13.9726,0.49,13.7405,620.16,0.001638657,0.001528831
13.9726,0.5,13.7405,620.22,0.001568769,0.001588737
13.9726,0.51,13.7405,620.28,0.001508861,0.00164864
13.9726,0.52,13.7405,620.341,0.00144895,0.001718522
13.9726,0.53,13.7405,620.402,0.001389035,0.001778418
13.9726,0.54,13.7405,620.463,0.001329116,0.001848291
13.9726,0.55,13.7405,620.525,0.001269194,0.001918159
13.9726,0.56,13.7405,620.586,0.001209269,0.001988023
13.9726,0.57,13.7405,620.648,0.001159328,0.002057881
13.9726,0.58,13.7405,620.71,0.001109384,0.002127735
13.9726,0.59,13.7405,620.772,0.001049449,0.002207562
13.9726,0.6,13.7405,620.835,0.0009995,0.002277405
13.9726,0.61,13.7405,620.897,0.000949549,0.00235722
13.9726,0.62,13.7405,620.96,0.000899595,0.002437028
13.9726,0.63,13.7405,621.023,0.00085963,0.002506855
13.9726,0.64,13.7405,621.086,0.000809672,0.002586652
13.9726,0.65,13.7405,621.15,0.000769704,0.002666442
13.9726,0.66,13.7405,621.214,0.000719741,0.002756198
13.9726,0.67,13.7405,621.277,0.000679769,0.002835975
13.9726,0.68,13.7405,621.342,0.000639795,0.002915745
13.9726,0.69,13.7405,621.406,0.00059982,0.003005479
13.9726,0.7,13.7405,621.47,0.000559843,0.003095205
13.9726,0.71,13.7405,621.535,0.00052986,0.003184923
13.9726,0.72,13.7405,621.6,0.00048988,0.003274633
13.9726,0.73,13.7405,621.665,0.000449899,0.003364334
13.9726,0.74,13.7405,621.731,0.000419912,0.003454028
13.9726,0.75,13.7405,621.797,0.000389924,0.003543714
13.9726,0.76,13.7405,621.862,0.000359935,0.003633391
13.9726,0.77,13.7405,621.929,0.000329946,0.003733024
13.9726,0.78,13.7405,621.995,0.000299955,0.003832646
13.9726,0.79,13.7405,622.062,0.000269964,0.003922298
13.9726,0.8,13.7405,622.128,0.000249969,0.004021901
13.9726,0.81,13.7405,622.196,0.000219976,0.004121495
13.9726,0.82,13.7405,622.263,0.00019998,0.004231037
13.9726,0.83,13.7405,622.33,0.000179984,0.004330609
13.9726,0.84,13.7405,622.398,0.000159987,0.004430172
13.9726,0.85,13.7405,622.466,0.00013999,0.00453968
13.9726,0.86,13.7405,622.535,0.000119993,0.004639222
13.9726,0.87,13.7405,622.603,0.000109994,0.004748707
13.9726,0.88,13.7405,622.672,8.9996e-05,0.00485818
13.9726,0.89,13.7405,622.741,7.9997e-05,0.004967641
13.9726,0.9,13.7405,622.81,5.9998e-05,0.00507709
13.9726,0.91,13.7405,622.88,4.9999e-05,0.005186527
13.9726,0.92,13.7405,622.95,3.9999e-05,0.005305899
13.9726,0.93,13.7405,623.02,3e-05,0.005415311
13.9726,0.94,13.7405,623.09,2e-05,0.005534655
13.9726,0.95,13.7405,623.161,2e-05,0.005644042
13.9726,0.96,13.7405,623.231,1e-05,0.00576336
13.9726,0.97,13.7405,623.303,1e-05,0.005882663
13.9726,0.98,13.7405,623.374,0.0,0.006001952
13.9726,0.99,13.7405,623.446,0.0,0.006121227
13.9726,1.0,13.7405,623.518,0.0,0.006250425
1.4311,0.0,2.5755,351.46,0.14621931,0.0
1.4311,0.01,2.5755,351.223,0.144429294,1e-05
1.4311,0.02,2.5755,350.988,0.142627398,3.9999e-05
1.4311,0.03,2.5755,350.757,0.140830936,7.9997e-05
1.4311,0.04,2.5755,350.528,0.139031241,0.000149989
1.4311,0.05,2.5755,350.302,0.137237018,0.000229974
1.4311,0.06,2.5755,350.079,0.135430838,0.000339942
1.4311,0.07,2.5755,349.859,0.133621389,0.00046989
1.4311,0.08,2.5755,349.642,0.131817425,0.000609814
1.4311,0.09,2.5755,349.428,0.13000142,0.000779696
1.4311,0.1,2.5755,349.216,0.128190908,0.00097952
1.4311,0.11,2.5755,349.007,0.126377112,0.001189293
1.4311,0.12,2.5755,348.8,0.124568849,0.001428979
1.4311,0.13,2.5755,348.596,0.122748465,0.001688574
1.4311,0.14,2.5755,348.395,0.120933623,0.001978042
1.4311,0.15,2.5755,348.196,0.119115481,0.002287382
1.4311,0.16,2.5755,348.0,0.117294027,0.002616574
1.4311,0.17,2.5755,347.806,0.11546925,0.002985539
1.4311,0.18,2.5755,347.614,0.113650062,0.003374301
1.4311,0.19,2.5755,347.425,0.111827559,0.003792798
1.4311,0.2,2.5755,347.238,0.110001729,0.004231037
1.4311,0.21,2.5755,347.053,0.108181533,0.004708896
1.4311,0.22,2.5755,346.871,0.106358018,0.005206423
1.4311,0.23,2.5755,346.691,0.104540179,0.005743475
1.4311,0.24,2.5755,346.513,0.10271903,0.006300113
1.4311,0.25,2.5755,346.337,0.100894558,0.006896167
1.4311,0.26,2.5755,346.163,0.099075808,0.007521641
1.4311,0.27,2.5755,345.992,0.097253744,0.0081864
1.4311,0.28,2.5755,345.822,0.095437444,0.008880452
1.4311,0.29,2.5755,345.655,0.09361784,0.009603736
1.4311,0.3,2.5755,345.49,0.09180404,0.010375983
1.4311,0.31,2.5755,345.326,0.089986946,0.011177301
1.4311,0.32,2.5755,345.165,0.088175699,0.012007619
1.4311,0.33,2.5755,345.005,0.086370338,0.01288661
1.4311,0.34,2.5755,344.848,0.084570901,0.013804281
1.4311,0.35,2.5755,344.692,0.082768221,0.014760525
1.4311,0.36,2.5755,344.538,0.080962285,0.015755232
1.4311,0.37,2.5755,344.386,0.079171559,0.016788285
1.4311,0.38,2.5755,344.236,0.077377621,0.017869387
1.4311,0.39,2.5755,344.088,0.075589731,0.018998382
1.4311,0.4,2.5755,343.941,0.073807927,0.020165307
1.4311,0.41,2.5755,343.797,0.072032248,0.021379814
1.4311,0.42,2.5755,343.653,0.070262732,0.022651507
1.4311,0.43,2.5755,343.512,0.068499416,0.023960637
1.4311,0.44,2.5755,343.372,0.066732987,0.025326558
1.4311,0.45,2.5755,343.234,0.064982173,0.026739297
1.4311,0.46,2.5755,343.098,0.063237675,0.028198654
1.4311,0.47,2.5755,342.963,0.061499533,0.029723837
1.4311,0.48,2.5755,342.83,0.059767784,0.031295158
1.4311,0.49,2.5755,342.698,0.058042467,0.032931748
1.4311,0.5,2.5755,342.568,0.056333073,0.034613965
1.4311,0.51,2.5755,342.439,0.054630221,0.036360858
1.4311,0.52,2.5755,342.312,0.052933948,0.038172087
1.4311,0.53,2.5755,342.187,0.051253794,0.040047295
1.4311,0.54,2.5755,342.063,0.049580328,0.041976528
1.4311,0.55,2.5755,341.94,0.04791359,0.043978607
1.4311,0.56,2.5755,341.819,0.046272712,0.046043539
1.4311,0.57,2.5755,341.699,0.044629138,0.048180455
1.4311,0.58,2.5755,341.581,0.043011596,0.050388886
1.4311,0.59,2.5755,341.464,0.041401027,0.052668349
1.4311,0.6,2.5755,341.348,0.03980708,0.055018348
1.4311,0.61,2.5755,341.234,0.038229838,0.057457258
1.4311,0.62,2.5755,341.121,0.036669384,0.059965581
1.4311,0.63,2.5755,341.01,0.035125802,0.062552175
1.4311,0.64,2.5755,340.899,0.033599173,0.065216416
1.4311,0.65,2.5755,340.79,0.032089578,0.067976355
1.4311,0.66,2.5755,340.682,0.030597098,0.070821865
1.4311,0.67,2.5755,340.576,0.029131527,0.073752195
1.4311,0.68,2.5755,340.471,0.027683258,0.076766578
1.4311,0.69,2.5755,340.367,0.026262112,0.079891927
1.4311,0.7,2.5755,340.264,0.024858452,0.083099569
1.4311,0.71,2.5755,340.162,0.023472356,0.086407028
1.4311,0.72,2.5755,340.062,0.022123461,0.089822422
1.4311,0.73,2.5755,339.962,0.020792333,0.093344613
1.4311,0.74,2.5755,339.864,0.01949866,0.096963358
1.4311,0.75,2.5755,339.767,0.018222949,0.100704694
1.4311,0.76,2.5755,339.671,0.016984936,0.104549187
1.4311,0.77,2.5755,339.577,0.015765076,0.10851354
1.4311,0.78,2.5755,339.483,0.014593002,0.112596274
1.4311,0.79,2.5755,339.391,0.013439287,0.116795882
1.4311,0.8,2.5755,339.299,0.012333627,0.121128544
1.4311,0.81,2.5755,339.209,0.011256408,0.125592463
1.4311,0.82,2.5755,339.119,0.010217622,0.130185802
1.4311,0.83,2.5755,339.031,0.009217389,0.134915434
1.4311,0.84,2.5755,338.944,0.008265744,0.139788029
1.4311,0.85,2.5755,338.857,0.007342974,0.144801397
1.4311,0.86,2.5755,338.772,0.006478966,0.149961919
1.4311,0.87,2.5755,338.688,0.005653986,0.155284323
1.4311,0.88,2.5755,338.605,0.004868131,0.160757379
1.4311,0.89,2.5755,338.523,0.004141413,0.166395406
1.4311,0.9,2.5755,338.441,0.003463993,0.17219546
1.4311,0.91,2.5755,338.361,0.002835975,0.17817129
1.4311,0.92,2.5755,338.282,0.002267427,0.184319559
1.4311,0.93,2.5755,338.204,0.001758453,0.190653417
1.4311,0.94,2.5755,338.127,0.001309143,0.197169118
1.4311,0.95,2.5755,338.051,0.000919577,0.203879179
1.4311,0.96,2.5755,337.975,0.00059982,0.210787529
1.4311,0.97,2.5755,337.901,0.000339942,0.217897816
1.4311,0.98,2.5755,337.828,0.000149989,0.225221391
1.4311,0.99,2.5755,337.756,3.9999e-05,0.232761154
1.4311,1.0,2.5755,337.685,0.0,0.24052757
2.5755,0.0,1.4311,337.685,0.24052757,0.0
2.5755,0.01,1.4311,337.756,0.232761154,3.9999e-05
2.5755,0.02,1.4311,337.828,0.225221391,0.000149989
2.5755,0.03,1.4311,337.901,0.217897816,0.000339942
2.5755,0.04,1.4311,337.975,0.210787529,0.00059982
2.5755,0.05,1.4311,338.051,0.203879179,0.000919577
2.5755,0.06,1.4311,338.127,0.197169118,0.001309143
2.5755,0.07,1.4311,338.204,0.190653417,0.001758453
2.5755,0.08,1.4311,338.282,0.184319559,0.002267427
2.5755,0.09,1.4311,338.361,0.17817129,0.002835975
2.5755,0.1,1.4311,338.441,0.17219546,0.003463993
2.5755,0.11,1.4311,338.523,0.166395406,0.004141413
2.5755,0.12,1.4311,338.605,0.160757379,0.004868131
2.5755,0.13,1.4311,338.688,0.155284323,0.005653986
2.5755,0.14,1.4311,338.772,0.149961919,0.006478966
2.5755,0.15,1.4311,338.857,0.144801397,0.007342974
2.5755,0.16,1.4311,338.944,0.139788029,0.008265744
2.5755,0.17,1.4311,339.031,0.134915434,0.009217389
2.5755,0.18,1.4311,339.119,0.130185802,0.010217622
2.5755,0.19,1.4311,339.209,0.125592463,0.011256408
2.5755,0.2,1.4311,339.299,0.121128544,0.012333627
2.5755,0.21,1.4311,339.391,0.116795882,0.013439287
2.5755,0.22,1.4311,339.483,0.112596274,0.014593002
2.5755,0.23,1.4311,339.577,0.10851354,0.015765076
2.5755,0.24,1.4311,339.671,0.104549187,0.016984936
2.5755,0.25,1.4311,339.767,0.100704694,0.018222949
2.5755,0.26,1.4311,339.864,0.096963358,0.01949866
2.5755,0.27,1.4311,339.962,0.093344613,0.020792333
2.5755,0.28,1.4311,340.062,0.089822422,0.022123461
2.5755,0.29,1.4311,340.162,0.086407028,0.023472356
2.5755,0.3,1.4311,340.264,0.083099569,0.024858452
2.5755,0.31,1.4311,340.367,0.079891927,0.026262112
2.5755,0.32,1.4311,340.471,0.076766578,0.027683258
2.5755,0.33,1.4311,340.576,0.073752195,0.029131527
2.5755,0.34,1.4311,340.682,0.070821865,0.030597098
2.5755,0.35,1.4311,340.79,0.067976355,0.032089578
2.5755,0.36,1.4311,340.899,0.065216416,0.033599173
2.5755,0.37,1.4311,341.01,0.062552175,0.035125802
2.5755,0.38,1.4311,341.121,0.059965581,0.036669384
2.5755,0.39,1.4311,341.234,0.057457258,0.038229838
2.5755,0.4,1.4311,341.348,0.055018348,0.03980708
2.5755,0.41,1.4311,341.464,0.052668349,0.041401027
2.5755,0.42,1.4311,341.581,0.050388886,0.043011596
2.5755,0.43,1.4311,341.699,0.048180455,0.044629138
2.5755,0.44,1.4311,341.819,0.046043539,0.046272712
2.5755,0.45,1.4311,341.94,0.043978607,0.04791359
2.5755,0.46,1.4311,342.063,0.041976528,0.049580328
2.5755,0.47,1.4311,342.187,0.040047295,0.051253794
2.5755,0.48,1.4311,342.312,0.038172087,0.052933948
2.5755,0.49,1.4311,342.439,0.036360858,0.054630221
2.5755,0.5,1.4311,342.568,0.034613965,0.056333073
2.5755,0.51,1.4311,342.698,0.032931748,0.058042467
2.5755,0.52,1.4311,342.83,0.031295158,0.059767784
2.5755,0.53,1.4311,342.963,0.029723837,0.061499533
2.5755,0.54,1.4311,343.098,0.028198654,0.063237675
2.5755,0.55,1.4311,343.234,0.026739297,0.064982173
2.5755,0.56,1.4311,343.372,0.025326558,0.066732987
2.5755,0.57,1.4311,343.512,0.023960637,0.068499416
2.5755,0.58,1.4311,343.653,0.022651507,0.070262732
2.5755,0.59,1.4311,343.797,0.021379814,0.072032248
2.5755,0.6,1.4311,343.941,0.020165307,0.073807927
2.5755,0.61,1.4311,344.088,0.018998382,0.075589731
2.5755,0.62,1.4311,344.236,0.017869387,0.077377621
2.5755,0.63,1.4311,344.386,0.016788285,0.079171559
2.5755,0.64,1.4311,344.538,0.015755232,0.080962285
2.5755,0.65,1.4311,344.692,0.014760525,0.082768221
2.5755,0.66,1.4311,344.848,0.013804281,0.084570901
2.5755,0.67,1.4311,345.005,0.01288661,0.086370338
2.5755,0.68,1.4311,345.165,0.012007619,0.088175699
2.5755,0.69,1.4311,345.326,0.011177301,0.089986946
2.5755,0.7,1.4311,345.49,0.010375983,0.09180404
2.5755,0.71,1.4311,345.655,0.009603736,0.09361784
2.5755,0.72,1.4311,345.822,0.008880452,0.095437444
2.5755,0.73,1.4311,345.992,0.0081864,0.097253744
2.5755,0.74,1.4311,346.163,0.007521641,0.099075808
2.5755,0.75,1.4311,346.337,0.006896167,0.100894558
2.5755,0.76,1.4311,346.513,0.006300113,0.10271903
2.5755,0.77,1.4311,346.691,0.005743475,0.104540179
2.5755,0.78,1.4311,346.871,0.005206423,0.106358018
2.5755,0.79,1.4311,347.053,0.004708896,0.108181533
2.5755,0.8,1.4311,347.238,0.004231037,0.110001729
2.5755,0.81,1.4311,347.425,0.003792798,0.111827559
2.5755,0.82,1.4311,347.614,0.003374301,0.113650062
2.5755,0.83,1.4311,347.806,0.002985539,0.11546925
2.5755,0.84,1.4311,348.0,0.002616574,0.117294027
2.5755,0.85,1.4311,348.196,0.002287382,0.119115481
2.5755,0.86,1.4311,348.395,0.001978042,0.120933623
2.5755,0.87,1.4311,348.596,0.001688574,0.122748465
2.5755,0.88,1.4311,348.8,0.001428979,0.124568849
2.5755,0.89,1.4311,349.007,0.001189293,0.126377112
2.5755,0.9,1.4311,349.216,0.00097952,0.128190908
2.5755,0.91,1.4311,349.428,0.000779696,0.13000142
2.5755,0.92,1.4311,349.642,0.000609814,0.131817425
2.5755,0.93,1.4311,349.859,0.00046989,0.133621389
2.5755,0.94,1.4311,350.079,0.000339942,0.135430838
2.5755,0.95,1.4311,350.302,0.000229974,0.137237018
2.5755,0.96,1.4311,350.528,0.000149989,0.139031241
2.5755,0.97,1.4311,350.757,7.9997e-05,0.140830936
2.5755,0.98,1.4311,350.988,3.9999e-05,0.142627398
2.5755,0.99,1.4311,351.223,1e-05,0.144429294
2.5755,1.0,1.4311,351.46,0.0,0.14621931
2.5755,0.0,3.2499,370.346,0.01239289,0.0
2.5755,0.01,3.2499,370.075,0.012195334,0.0
2.5755,0.02,3.2499,369.807,0.011997738,0.0
2.5755,0.03,3.2499,369.542,0.011800104,1e-05
2.5755,0.04,3.2499,369.279,0.011612315,2e-05
2.5755,0.05,3.2499,369.018,0.011414605,3e-05
2.5755,0.06,3.2499,368.76,0.011216855,3.9999e-05
2.5755,0.07,3.2499,368.503,0.011028957,4.9999e-05
2.5755,0.08,3.2499,368.249,0.010831131,6.9998e-05
2.5755,0.09,3.2499,367.998,0.01064316,8.9996e-05
2.5755,0.1,3.2499,367.748,0.010455154,0.000109994
2.5755,0.11,3.2499,367.501,0.010267112,0.000129992
2.5755,0.12,3.2499,367.256,0.010079035,0.000149989
2.5755,0.13,3.2499,367.013,0.009890923,0.000179984
2.5755,0.14,3.2499,366.771,0.009702775,0.000209978
2.5755,0.15,3.2499,366.532,0.009514592,0.000239971
2.5755,0.16,3.2499,366.295,0.009326374,0.000279961
2.5755,0.17,3.2499,366.06,0.009148029,0.000319949
2.5755,0.18,3.2499,365.827,0.008959741,0.000349939
2.5755,0.19,3.2499,365.596,0.008781331,0.00039992
2.5755,0.2,3.2499,365.367,0.008602889,0.000439903
2.5755,0.21,3.2499,365.139,0.008424415,0.00048988
2.5755,0.22,3.2499,364.914,0.008245909,0.000539854
2.5755,0.23,3.2499,364.69,0.008067371,0.000589826
2.5755,0.24,3.2499,364.468,0.007888801,0.000649789
2.5755,0.25,3.2499,364.248,0.007720123,0.000699755
2.5755,0.26,3.2499,364.029,0.007541491,0.000759711
2.5755,0.27,3.2499,363.813,0.007372754,0.000829656
2.5755,0.28,3.2499,363.598,0.007203989,0.000889604
2.5755,0.29,3.2499,363.384,0.007025265,0.000959539
2.5755,0.3,3.2499,363.173,0.006866372,0.00102947
2.5755,0.31,3.2499,362.963,0.006697521,0.001109384
2.5755,0.32,3.2499,362.754,0.006528642,0.001189293
2.5755,0.33,3.2499,362.548,0.006359734,0.001269194
2.5755,0.34,3.2499,362.342,0.006200736,0.00134909
2.5755,0.35,3.2499,362.139,0.006041712,0.001438964
2.5755,0.36,3.2499,361.936,0.005882663,0.001528831
2.5755,0.37,3.2499,361.736,0.005723589,0.001618689
2.5755,0.38,3.2499,361.537,0.005564489,0.001718522
2.5755,0.39,3.2499,361.339,0.005405365,0.001818346
2.5755,0.4,3.2499,361.143,0.005256162,0.001918159
2.5755,0.41,3.2499,360.948,0.005106937,0.002017963
2.5755,0.42,3.2499,360.755,0.00494774,0.002127735
2.5755,0.43,3.2499,360.563,0.004798469,0.002237495
2.5755,0.44,3.2499,360.372,0.004659129,0.00235722
2.5755,0.45,3.2499,360.183,0.004509815,0.00247693
2.5755,0.46,3.2499,359.995,0.004360479,0.002596626
2.5755,0.47,3.2499,359.808,0.004221079,0.00272628
2.5755,0.48,3.2499,359.623,0.004081659,0.002855918
2.5755,0.49,3.2499,359.439,0.003942219,0.002985539
2.5755,0.5,3.2499,359.257,0.00380276,0.003125112
2.5755,0.51,3.2499,359.075,0.003673245,0.003264665
2.5755,0.52,3.2499,358.895,0.003533749,0.003404199
2.5755,0.53,3.2499,358.716,0.003404199,0.003553678
2.5755,0.54,3.2499,358.538,0.003274633,0.003703135
2.5755,0.55,3.2499,358.362,0.003145049,0.003852569
2.5755,0.56,3.2499,358.187,0.003025419,0.004011941
2.5755,0.57,3.2499,358.013,0.002895803,0.004181246
2.5755,0.58,3.2499,357.84,0.002776143,0.004340566
2.5755,0.59,3.2499,357.668,0.002656468,0.00451977
2.5755,0.6,3.2499,357.497,0.002546754,0.004688989
2.5755,0.61,3.2499,357.328,0.002427052,0.004868131
2.5755,0.62,3.2499,357.159,0.002317313,0.005047241
2.5755,0.63,3.2499,356.992,0.002207562,0.005236267
2.5755,0.64,3.2499,356.825,0.002097798,0.005425257
2.5755,0.65,3.2499,356.66,0.001988023,0.005624155
2.5755,0.66,3.2499,356.496,0.001888216,0.005823013
2.5755,0.67,3.2499,356.333,0.0017884,0.006021832
2.5755,0.68,3.2499,356.171,0.001688574,0.00623055
2.5755,0.69,3.2499,356.01,0.001588737,0.006449159
2.5755,0.7,3.2499,355.85,0.001488891,0.006667721
2.5755,0.71,3.2499,355.691,0.001399021,0.006886235
2.5755,0.72,3.2499,355.533,0.001309143,0.007114631
2.5755,0.73,3.2499,355.375,0.001229244,0.007342974
2.5755,0.74,3.2499,355.219,0.001139351,0.00758119
2.5755,0.75,3.2499,355.064,0.001059439,0.007819349
2.5755,0.76,3.2499,354.91,0.00097952,0.008067371
2.5755,0.77,3.2499,354.756,0.000909586,0.008315332
2.5755,0.78,3.2499,354.604,0.000829656,0.008573145
2.5755,0.79,3.2499,354.452,0.000759711,0.008830893
2.5755,0.8,3.2499,354.302,0.000689762,0.009098483
2.5755,0.81,3.2499,354.152,0.000629802,0.009366002
2.5755,0.82,3.2499,354.003,0.000569838,0.009643353
2.5755,0.83,3.2499,353.855,0.00050987,0.009920627
2.5755,0.84,3.2499,353.708,0.000449899,0.010207723
2.5755,0.85,3.2499,353.561,0.00039992,0.010504633
2.5755,0.86,3.2499,353.416,0.000349939,0.010801454
2.5755,0.87,3.2499,353.271,0.000299955,0.011098187
2.5755,0.88,3.2499,353.127,0.000259966,0.011404718
2.5755,0.89,3.2499,352.984,0.000219976,0.011721039
2.5755,0.9,3.2499,352.842,0.000179984,0.012037261
2.5755,0.91,3.2499,352.7,0.000149989,0.012363259
2.5755,0.92,3.2499,352.559,0.000119993,0.012699025
2.5755,0.93,3.2499,352.42,8.9996e-05,0.013034678
2.5755,0.94,3.2499,352.28,6.9998e-05,0.013370219
2.5755,0.95,3.2499,352.142,4.9999e-05,0.013725375
2.5755,0.96,3.2499,352.004,3e-05,0.014080404
2.5755,0.97,3.2499,351.867,2e-05,0.014435308
2.5755,0.98,3.2499,351.731,1e-05,0.014809792
2.5755,0.99,3.2499,351.595,0.0,0.015174286
2.5755,1.0,3.2499,351.46,0.0,0.015558339
3.2499,0.0,2.5755,351.46,0.015558339,0.0
3.2499,0.01,2.5755,351.595,0.015174286,0.0
3.2499,0.02,2.5755,351.731,0.014809792,1e-05
3.2499,0.03,2.5755,351.867,0.014435308,2e-05
3.2499,0.04,2.5755,352.004,0.014080404,3e-05
3.2499,0.05,2.5755,352.142,0.013725375,4.9999e-05
3.2499,0.06,2.5755,352.28,0.013370219,6.9998e-05
3.2499,0.07,2.5755,352.42,0.013034678,8.9996e-05
3.2499,0.08,2.5755,352.559,0.012699025,0.000119993
3.2499,0.09,2.5755,352.7,0.012363259,0.000149989
3.2499,0.1,2.5755,352.842,0.012037261,0.000179984
3.2499,0.11,2.5755,352.984,0.011721039,0.000219976
3.2499,0.12,2.5755,353.127,0.011404718,0.000259966
3.2499,0.13,2.5755,353.271,0.011098187,0.000299955
3.2499,0.14,2.5755,353.416,0.010801454,0.000349939
3.2499,0.15,2.5755,353.561,0.010504633,0.00039992
3.2499,0.16,2.5755,353.708,0.010207723,0.000449899
3.2499,0.17,2.5755,353.855,0.009920627,0.00050987
3.2499,0.18,2.5755,354.003,0.009643353,0.000569838
3.2499,0.19,2.5755,354.152,0.009366002,0.000629802
3.2499,0.2,2.5755,354.302,0.009098483,0.000689762
3.2499,0.21,2.5755,354.452,0.008830893,0.000759711
3.2499,0.22,2.5755,354.604,0.008573145,0.000829656
3.2499,0.23,2.5755,354.756,0.008315332,0.000909586
3.2499,0.24,2.5755,354.91,0.008067371,0.00097952
3.2499,0.25,2.5755,355.064,0.007819349,0.001059439
3.2499,0.26,2.5755,355.219,0.00758119,0.001139351
3.2499,0.27,2.5755,355.375,0.007342974,0.001229244
3.2499,0.28,2.5755,355.533,0.007114631,0.001309143
3.2499,0.29,2.5755,355.691,0.006886235,0.001399021
3.2499,0.3,2.5755,355.85,0.006667721,0.001488891
3.2499,0.31,2.5755,356.01,0.006449159,0.001588737
3.2499,0.32,2.5755,356.171,0.00623055,0.001688574
3.2499,0.33,2.5755,356.333,0.006021832,0.0017884
3.2499,0.34,2.5755,356.496,0.005823013,0.001888216
3.2499,0.35,2.5755,356.66,0.005624155,0.001988023
3.2499,0.36,2.5755,356.825,0.005425257,0.002097798
3.2499,0.37,2.5755,356.992,0.005236267,0.002207562
3.2499,0.38,2.5755,357.159,0.005047241,0.002317313
3.2499,0.39,2.5755,357.328,0.004868131,0.002427052
3.2499,0.4,2.5755,357.497,0.004688989,0.002546754
3.2499,0.41,2.5755,357.668,0.00451977,0.002656468
3.2499,0.42,2.5755,357.84,0.004340566,0.002776143
3.2499,0.43,2.5755,358.013,0.004181246,0.002895803
3.2499,0.44,2.5755,358.187,0.004011941,0.003025419
3.2499,0.45,2.5755,358.362,0.003852569,0.003145049
3.2499,0.46,2.5755,358.538,0.003703135,0.003274633
3.2499,0.47,2.5755,358.716,0.003553678,0.003404199
3.2499,0.48,2.5755,358.895,0.003404199,0.003533749
3.2499,0.49,2.5755,359.075,0.003264665,0.003673245
3.2499,0.5,2.5755,359.257,0.003125112,0.00380276
3.2499,0.51,2.5755,359.439,0.002985539,0.003942219
3.2499,0.52,2.5755,359.623,0.002855918,0.004081659
3.2499,0.53,2.5755,359.808,0.00272628,0.004221079
3.2499,0.54,2.5755,359.995,0.002596626,0.004360479
3.2499,0.55,2.5755,360.183,0.00247693,0.004509815
3.2499,0.56,2.5755,360.372,0.00235722,0.004659129
3.2499,0.57,2.5755,360.563,0.002237495,0.004798469
3.2499,0.58,2.5755,360.755,0.002127735,0.00494774
3.2499,0.59,2.5755,360.948,0.002017963,0.005106937
3.2499,0.6,2.5755,361.143,0.001918159,0.005256162
3.2499,0.61,2.5755,361.339,0.001818346,0.005405365
3.2499,0.62,2.5755,361.537,0.001718522,0.005564489
3.2499,0.63,2.5755,361.736,0.001618689,0.005723589
3.2499,0.64,2.5755,361.936,0.001528831,0.005882663
3.2499,0.65,2.5755,362.139,0.001438964,0.006041712
3.2499,0.66,2.5755,362.342,0.00134909,0.006200736
3.2499,0.67,2.5755,362.548,0.001269194,0.006359734
3.2499,0.68,2.5755,362.754,0.001189293,0.006528642
3.2499,0.69,2.5755,362.963,0.001109384,0.006697521
3.2499,0.7,2.5755,363.173,0.00102947,0.006866372
3.2499,0.71,2.5755,363.384,0.000959539,0.007025265
3.2499,0.72,2.5755,363.598,0.000889604,0.007203989
3.2499,0.73,2.5755,363.813,0.000829656,0.007372754
3.2499,0.74,2.5755,364.029,0.000759711,0.007541491
3.2499,0.75,2.5755,364.248,0.000699755,0.007720123
3.2499,0.76,2.5755,364.468,0.000649789,0.007888801
3.2499,0.77,2.5755,364.69,0.000589826,0.008067371
3.2499,0.78,2.5755,364.914,0.000539854,0.008245909
3.2499,0.79,2.5755,365.139,0.00048988,0.008424415
3.2499,0.8,2.5755,365.367,0.000439903,0.008602889
3.2499,0.81,2.5755,365.596,0.00039992,0.008781331
3.2499,0.82,2.5755,365.827,0.000349939,0.008959741
3.2499,0.83,2.5755,366.06,0.000319949,0.009148029
3.2499,0.84,2.5755,366.295,0.000279961,0.009326374
3.2499,0.85,2.5755,366.532,0.000239971,0.009514592
3.2499,0.86,2.5755,366.771,0.000209978,0.009702775
3.2499,0.87,2.5755,367.013,0.000179984,0.009890923
3.2499,0.88,2.5755,367.256,0.000149989,0.010079035
3.2499,0.89,2.5755,367.501,0.000129992,0.010267112
3.2499,0.9,2.5755,367.748,0.000109994,0.010455154
3.2499,0.91,2.5755,367.998,8.9996e-05,0.01064316
3.2499,0.92,2.5755,368.249,6.9998e-05,0.010831131
3.2499,0.93,2.5755,368.503,4.9999e-05,0.011028957
3.2499,0.94,2.5755,368.76,3.9999e-05,0.011216855
3.2499,0.95,2.5755,369.018,3e-05,0.011414605
3.2499,0.96,2.5755,369.279,2e-05,0.011612315
3.2499,0.97,2.5755,369.542,1e-05,0.011800104
3.2499,0.98,2.5755,369.807,0.0,0.011997738
3.2499,0.99,2.5755,370.075,0.0,0.012195334
3.2499,1.0,2.5755,370.346,0.0,0.01239289
3.2499,0.0,3.9243,390.899,0.007055054,0.0
3.2499,0.01,3.9243,390.6,0.006945822,0.0
3.2499,0.02,3.9243,390.305,0.006826645,0.0
3.2499,0.03,3.9243,390.012,0.006707455,1e-05
3.2499,0.04,3.9243,389.722,0.006598184,1e-05
3.2499,0.05,3.9243,389.434,0.006488901,2e-05
3.2499,0.06,3.9243,389.149,0.006369671,2e-05
3.2499,0.07,3.9243,388.867,0.006260363,3e-05
3.2499,0.08,3.9243,388.588,0.006151043,3.9999e-05
3.2499,0.09,3.9243,388.311,0.006031772,4.9999e-05
3.2499,0.1,3.9243,388.036,0.005922428,5.9998e-05
3.2499,0.11,3.9243,387.764,0.005813071,7.9997e-05
3.2499,0.12,3.9243,387.495,0.005703703,8.9996e-05
3.2499,0.13,3.9243,387.227,0.005594323,0.000109994
3.2499,0.14,3.9243,386.963,0.00548493,0.000119993
3.2499,0.15,3.9243,386.7,0.005385472,0.00013999
3.2499,0.16,3.9243,386.44,0.005276057,0.000159987
3.2499,0.17,3.9243,386.182,0.00516663,0.000179984
3.2499,0.18,3.9243,385.926,0.00506714,0.000209978
3.2499,0.19,3.9243,385.673,0.00495769,0.000229974
3.2499,0.2,3.9243,385.422,0.00485818,0.000259966
3.2499,0.21,3.9243,385.172,0.004748707,0.000289958
3.2499,0.22,3.9243,384.925,0.004649176,0.000309952
3.2499,0.23,3.9243,384.68,0.004549635,0.000339942
3.2499,0.24,3.9243,384.437,0.004440128,0.000379928
3.2499,0.25,3.9243,384.197,0.004340566,0.000409916
3.2499,0.26,3.9243,383.958,0.004240994,0.000439903
3.2499,0.27,3.9243,383.721,0.004141413,0.000479885
3.2499,0.28,3.9243,383.486,0.004041821,0.000519865
3.2499,0.29,3.9243,383.253,0.00395218,0.000559843
3.2499,0.3,3.9243,383.021,0.003852569,0.00059982
3.2499,0.31,3.9243,382.792,0.003752949,0.000639795
3.2499,0.32,3.9243,382.565,0.003663282,0.000689762
3.2499,0.33,3.9243,382.339,0.003563643,0.000729734
3.2499,0.34,3.9243,382.115,0.003473959,0.000779696
3.2499,0.35,3.9243,381.893,0.003384267,0.000829656
3.2499,0.36,3.9243,381.672,0.003294567,0.000879613
3.2499,0.37,3.9243,381.454,0.003194891,0.000939558
3.2499,0.38,3.9243,381.237,0.003105174,0.00098951
3.2499,0.39,3.9243,381.021,0.003025419,0.001049449
3.2499,0.4,3.9243,380.808,0.002935687,0.001109384
3.2499,0.41,3.9243,380.596,0.002845946,0.001169316
3.2499,0.42,3.9243,380.385,0.002756198,0.001229244
3.2499,0.43,3.9243,380.176,0.002676415,0.001289169
3.2499,0.44,3.9243,379.969,0.002596626,0.001359076
3.2499,0.45,3.9243,379.763,0.002506855,0.001428979
3.2499,0.46,3.9243,379.559,0.002427052,0.001498876
3.2499,0.47,3.9243,379.356,0.002347243,0.001568769
3.2499,0.48,3.9243,379.155,0.002267427,0.001638657
3.2499,0.49,3.9243,378.955,0.002187605,0.001718522
3.2499,0.5,3.9243,378.757,0.002107777,0.0017884
3.2499,0.51,3.9243,378.56,0.002037922,0.001868254
3.2499,0.52,3.9243,378.364,0.001958082,0.001948101
3.2499,0.53,3.9243,378.17,0.001888216,0.002037922
3.2499,0.54,3.9243,377.977,0.001818346,0.002117756
3.2499,0.55,3.9243,377.786,0.001738488,0.002207562
3.2499,0.56,3.9243,377.596,0.001668607,0.002297359
3.2499,0.57,3.9243,377.407,0.001598721,0.002387148
3.2499,0.58,3.9243,377.22,0.001538815,0.002486905
3.2499,0.59,3.9243,377.034,0.001468921,0.002576678
3.2499,0.6,3.9243,376.849,0.001399021,0.002676415
3.2499,0.61,3.9243,376.665,0.001339103,0.002776143
3.2499,0.62,3.9243,376.483,0.001279181,0.002875861
3.2499,0.63,3.9243,376.302,0.001209269,0.002985539
3.2499,0.64,3.9243,376.122,0.001149339,0.003085236
3.2499,0.65,3.9243,375.943,0.001089406,0.003194891
3.2499,0.66,3.9243,375.766,0.00103946,0.003314501
3.2499,0.67,3.9243,375.589,0.00097952,0.003424131
3.2499,0.68,3.9243,375.414,0.000919577,0.003543714
3.2499,0.69,3.9243,375.24,0.000869622,0.003653318
3.2499,0.7,3.9243,375.067,0.000819664,0.003782836
3.2499,0.71,3.9243,374.896,0.000769704,0.003902376
3.2499,0.72,3.9243,374.725,0.000719741,0.004031861
3.2499,0.73,3.9243,374.555,0.000669776,0.004151371
3.2499,0.74,3.9243,374.387,0.000619808,0.004290781
3.2499,0.75,3.9243,374.219,0.000579832,0.004420216
3.2499,0.76,3.9243,374.053,0.000539854,0.004549635
3.2499,0.77,3.9243,373.887,0.00048988,0.004688989
3.2499,0.78,3.9243,373.723,0.000449899,0.004828325
3.2499,0.79,3.9243,373.56,0.000409916,0.004977591
3.2499,0.8,3.9243,373.398,0.000379928,0.005116886
3.2499,0.81,3.9243,373.236,0.000339942,0.00526611
3.2499,0.82,3.9243,373.076,0.000309952,0.005425257
3.2499,0.83,3.9243,372.916,0.000279961,0.005574434
3.2499,0.84,3.9243,372.758,0.000249969,0.005733532
3.2499,0.85,3.9243,372.601,0.000219976,0.005892604
3.2499,0.86,3.9243,372.444,0.000189982,0.006051652
3.2499,0.87,3.9243,372.288,0.000159987,0.006220612
3.2499,0.88,3.9243,372.134,0.00013999,0.006389543
3.2499,0.89,3.9243,371.98,0.000119993,0.006558446
3.2499,0.9,3.9243,371.827,9.9995e-05,0.006727321
3.2499,0.91,3.9243,371.675,7.9997e-05,0.006906098
3.2499,0.92,3.9243,371.524,5.9998e-05,0.007084843
3.2499,0.93,3.9243,371.374,4.9999e-05,0.007263556
3.2499,0.94,3.9243,371.224,3.9999e-05,0.007452164
3.2499,0.95,3.9243,371.076,3e-05,0.007640735
3.2499,0.96,3.9243,370.928,2e-05,0.007829271
3.2499,0.97,3.9243,370.781,1e-05,0.008027692
3.2499,0.98,3.9243,370.635,0.0,0.008226073
3.2499,0.99,3.9243,370.49,0.0,0.008424415
3.2499,1.0,3.9243,370.346,0.0,0.008632631
3.9243,0.0,3.2499,370.346,0.008632631,0.0
3.9243,0.01,3.2499,370.49,0.008424415,0.0
3.9243,0.02,3.2499,370.635,0.008226073,0.0
3.9243,0.03,3.2499,370.781,0.008027692,1e-05
3.9243,0.04,3.2499,370.928,0.007829271,2e-05
3.9243,0.05,3.2499,371.076,0.007640735,3e-05
3.9243,0.06,3.2499,371.224,0.007452164,3.9999e-05
3.9243,0.07,3.2499,371.374,0.007263556,4.9999e-05
3.9243,0.08,3.2499,371.524,0.007084843,5.9998e-05
3.9243,0.09,3.2499,371.675,0.006906098,7.9997e-05
3.9243,0.1,3.2499,371.827,0.006727321,9.9995e-05
3.9243,0.11,3.2499,371.98,0.006558446,0.000119993
3.9243,0.12,3.2499,372.134,0.006389543,0.00013999
3.9243,0.13,3.2499,372.288,0.006220612,0.000159987
3.9243,0.14,3.2499,372.444,0.006051652,0.000189982
3.9243,0.15,3.2499,372.601,0.005892604,0.000219976
3.9243,0.16,3.2499,372.758,0.005733532,0.000249969
3.9243,0.17,3.2499,372.916,0.005574434,0.000279961
3.9243,0.18,3.2499,373.076,0.005425257,0.000309952
3.9243,0.19,3.2499,373.236,0.00526611,0.000339942
3.9243,0.2,3.2499,373.398,0.005116886,0.000379928
3.9243,0.21,3.2499,373.56,0.004977591,0.000409916
3.9243,0.22,3.2499,373.723,0.004828325,0.000449899
3.9243,0.23,3.2499,373.887,0.004688989,0.00048988
3.9243,0.24,3.2499,374.053,0.004549635,0.000539854
3.9243,0.25,3.2499,374.219,0.004420216,0.000579832
3.9243,0.26,3.2499,374.387,0.004290781,0.000619808
3.9243,0.27,3.2499,374.555,0.004151371,0.000669776
3.9243,0.28,3.2499,374.725,0.004031861,0.000719741
3.9243,0.29,3.2499,374.896,0.003902376,0.000769704
3.9243,0.3,3.2499,375.067,0.003782836,0.000819664
3.9243,0.31,3.2499,375.24,0.003653318,0.000869622
3.9243,0.32,3.2499,375.414,0.003543714,0.000919577
3.9243,0.33,3.2499,375.589,0.003424131,0.00097952
3.9243,0.34,3.2499,375.766,0.003314501,0.00103946
3.9243,0.35,3.2499,375.943,0.003194891,0.001089406
3.9243,0.36,3.2499,376.122,0.003085236,0.001149339
3.9243,0.37,3.2499,376.302,0.002985539,0.001209269
3.9243,0.38,3.2499,376.483,0.002875861,0.001279181
3.9243,0.39,3.2499,376.665,0.002776143,0.001339103
3.9243,0.4,3.2499,376.849,0.002676415,0.001399021
3.9243,0.41,3.2499,377.034,0.002576678,0.001468921
3.9243,0.42,3.2499,377.22,0.002486905,0.001538815
3.9243,0.43,3.2499,377.407,0.002387148,0.001598721
3.9243,0.44,3.2499,377.596,0.002297359,0.001668607
3.9243,0.45,3.2499,377.786,0.002207562,0.001738488
3.9243,0.46,3.2499,377.977,0.002117756,0.001818346
3.9243,0.47,3.2499,378.17,0.002037922,0.001888216
3.9243,0.48,3.2499,378.364,0.001948101,0.001958082
3.9243,0.49,3.2499,378.56,0.001868254,0.002037922
3.9243,0.5,3.2499,378.757,0.0017884,0.002107777
3.9243,0.51,3.2499,378.955,0.001718522,0.002187605
3.9243,0.52,3.2499,379.155,0.001638657,0.002267427
3.9243,0.53,3.2499,379.356,0.001568769,0.002347243
3.9243,0.54,3.2499,379.559,0.001498876,0.002427052
3.9243,0.55,3.2499,379.763,0.001428979,0.002506855
3.9243,0.56,3.2499,379.969,0.001359076,0.002596626
3.9243,0.57,3.2499,380.176,0.001289169,0.002676415
3.9243,0.58,3.2499,380.385,0.001229244,0.002756198
3.9243,0.59,3.2499,380.596,0.001169316,0.002845946
3.9243,0.6,3.2499,380.808,0.001109384,0.002935687
3.9243,0.61,3.2499,381.021,0.001049449,0.003025419
3.9243,0.62,3.2499,381.237,0.00098951,0.003105174
3.9243,0.63,3.2499,381.454,0.000939558,0.003194891
3.9243,0.64,3.2499,381.672,0.000879613,0.003294567
3.9243,0.65,3.2499,381.893,0.000829656,0.003384267
3.9243,0.66,3.2499,382.115,0.000779696,0.003473959
3.9243,0.67,3.2499,382.339,0.000729734,0.003563643
3.9243,0.68,3.2499,382.565,0.000689762,0.003663282
3.9243,0.69,3.2499,382.792,0.000639795,0.003752949
3.9243,0.7,3.2499,383.021,0.00059982,0.003852569
3.9243,0.71,3.2499,383.253,0.000559843,0.00395218
3.9243,0.72,3.2499,383.486,0.000519865,0.004041821
3.9243,0.73,3.2499,383.721,0.000479885,0.004141413
3.9243,0.74,3.2499,383.958,0.000439903,0.004240994
3.9243,0.75,3.2499,384.197,0.000409916,0.004340566
3.9243,0.76,3.2499,384.437,0.000379928,0.004440128
3.9243,0.77,3.2499,384.68,0.000339942,0.004549635
3.9243,0.78,3.2499,384.925,0.000309952,0.004649176
3.9243,0.79,3.2499,385.172,0.000289958,0.004748707
3.9243,0.8,3.2499,385.422,0.000259966,0.00485818
3.9243,0.81,3.2499,385.673,0.000229974,0.00495769
3.9243,0.82,3.2499,385.926,0.000209978,0.00506714
3.9243,0.83,3.2499,386.182,0.000179984,0.00516663
3.9243,0.84,3.2499,386.44,0.000159987,0.005276057
3.9243,0.85,3.2499,386.7,0.00013999,0.005385472
3.9243,0.86,3.2499,386.963,0.000119993,0.00548493
3.9243,0.87,3.2499,387.227,0.000109994,0.005594323
3.9243,0.88,3.2499,387.495,8.9996e-05,0.005703703
3.9243,0.89,3.2499,387.764,7.9997e-05,0.005813071
3.9243,0.9,3.2499,388.036,5.9998e-05,0.005922428
3.9243,0.91,3.2499,388.311,4.9999e-05,0.006031772
3.9243,0.92,3.2499,388.588,3.9999e-05,0.006151043
3.9243,0.93,3.2499,388.867,3e-05,0.006260363
3.9243,0.94,3.2499,389.149,2e-05,0.006369671
3.9243,0.95,3.2499,389.434,2e-05,0.006488901
3.9243,0.96,3.2499,389.722,1e-05,0.006598184
3.9243,0.97,3.2499,390.012,1e-05,0.006707455
3.9243,0.98,3.2499,390.305,0.0,0.006826645
3.9243,0.99,3.2499,390.6,0.0,0.006945822
3.9243,1.0,3.2499,390.899,0.0,0.007055054
3.1822,0.0,3.8566,350.353,0.010534319,0.0
3.1822,0.01,3.8566,350.071,0.01038588,0.0
3.1822,0.02,3.8566,349.792,0.010247316,0.0
3.1822,0.03,3.8566,349.515,0.010098835,1e-05
3.1822,0.04,3.8566,349.24,0.009960232,1e-05
3.1822,0.05,3.8566,348.968,0.009811707,2e-05
3.1822,0.06,3.8566,348.697,0.009673065,3e-05
3.1822,0.07,3.8566,348.429,0.009524498,3.9999e-05
3.1822,0.08,3.8566,348.163,0.009375908,4.9999e-05
3.1822,0.09,3.8566,347.899,0.009237205,6.9998e-05
3.1822,0.1,3.8566,347.637,0.009088574,8.9996e-05
3.1822,0.11,3.8566,347.377,0.008949831,0.000109994
3.1822,0.12,3.8566,347.119,0.008801156,0.000129992
3.1822,0.13,3.8566,346.864,0.008652459,0.000149989
3.1822,0.14,3.8566,346.61,0.008513656,0.000169986
3.1822,0.15,3.8566,346.358,0.008364916,0.00019998
3.1822,0.16,3.8566,346.108,0.008216155,0.000229974
3.1822,0.17,3.8566,345.86,0.008077291,0.000259966
3.1822,0.18,3.8566,345.613,0.007928486,0.000289958
3.1822,0.19,3.8566,345.369,0.007789582,0.000329946
3.1822,0.2,3.8566,345.126,0.007640735,0.000369932
3.1822,0.21,3.8566,344.886,0.007501791,0.000409916
3.1822,0.22,3.8566,344.647,0.007352901,0.000449899
3.1822,0.23,3.8566,344.41,0.007213917,0.000499875
3.1822,0.24,3.8566,344.174,0.007074914,0.000539854
3.1822,0.25,3.8566,343.941,0.00692596,0.000589826
3.1822,0.26,3.8566,343.709,0.006786917,0.000649789
3.1822,0.27,3.8566,343.478,0.006647854,0.000699755
3.1822,0.28,3.8566,343.25,0.006498837,0.000759711
3.1822,0.29,3.8566,343.023,0.006359734,0.000819664
3.1822,0.3,3.8566,342.798,0.006220612,0.000879613
3.1822,0.31,3.8566,342.574,0.00608147,0.000949549
3.1822,0.32,3.8566,342.352,0.005942309,0.00101948
3.1822,0.33,3.8566,342.132,0.005803129,0.001089406
3.1822,0.34,3.8566,341.913,0.00566393,0.001159328
3.1822,0.35,3.8566,341.696,0.005534655,0.001239232
3.1822,0.36,3.8566,341.48,0.005395419,0.00131913
3.1822,0.37,3.8566,341.266,0.005256162,0.001409007
3.1822,0.38,3.8566,341.053,0.005126835,0.001488891
3.1822,0.39,3.8566,340.842,0.004987542,0.001578753
3.1822,0.4,3.8566,340.632,0.00485818,0.00167859
3.1822,0.41,3.8566,340.423,0.004728802,0.001768435
3.1822,0.42,3.8566,340.217,0.004589452,0.001868254
3.1822,0.43,3.8566,340.011,0.004460039,0.001968062
3.1822,0.44,3.8566,339.807,0.004330609,0.00207784
3.1822,0.45,3.8566,339.604,0.004201163,0.002187605
3.1822,0.46,3.8566,339.403,0.004081659,0.002297359
3.1822,0.47,3.8566,339.203,0.00395218,0.002417077
3.1822,0.48,3.8566,339.004,0.003822684,0.00253678
3.1822,0.49,3.8566,338.807,0.003703135,0.002656468
3.1822,0.5,3.8566,338.611,0.003583571,0.002786115
3.1822,0.51,3.8566,338.416,0.003463993,0.002915745
3.1822,0.52,3.8566,338.223,0.003344401,0.003045358
3.1822,0.53,3.8566,338.031,0.003224795,0.003184923
3.1822,0.54,3.8566,337.84,0.003105174,0.003334435
3.1822,0.55,3.8566,337.65,0.002985539,0.003473959
3.1822,0.56,3.8566,337.462,0.002875861,0.003623427
3.1822,0.57,3.8566,337.275,0.002766171,0.003782836
3.1822,0.58,3.8566,337.089,0.002646495,0.003942219
3.1822,0.59,3.8566,336.904,0.00253678,0.004101577
3.1822,0.6,3.8566,336.72,0.002437028,0.004270867
3.1822,0.61,3.8566,336.538,0.00232729,0.004440128
3.1822,0.62,3.8566,336.356,0.002227517,0.004619315
3.1822,0.63,3.8566,336.176,0.002117756,0.004798469
3.1822,0.64,3.8566,335.997,0.002017963,0.004977591
3.1822,0.65,3.8566,335.819,0.001918159,0.00516663
3.1822,0.66,3.8566,335.642,0.001818346,0.005365579
3.1822,0.67,3.8566,335.467,0.001728505,0.005554545
3.1822,0.68,3.8566,335.292,0.001628673,0.00576336
3.1822,0.69,3.8566,335.118,0.001538815,0.005972131
3.1822,0.7,3.8566,334.946,0.00144895,0.006180859
3.1822,0.71,3.8566,334.774,0.001369062,0.00639948
3.1822,0.72,3.8566,334.604,0.001279181,0.006618052
3.1822,0.73,3.8566,334.434,0.001199281,0.006846509
3.1822,0.74,3.8566,334.266,0.001119373,0.007084843
3.1822,0.75,3.8566,334.098,0.00103946,0.00732312
3.1822,0.76,3.8566,333.932,0.000959539,0.007561341
3.1822,0.77,3.8566,333.766,0.000889604,0.007809427
3.1822,0.78,3.8566,333.602,0.000819664,0.008067371
3.1822,0.79,3.8566,333.438,0.000749719,0.008325249
3.1822,0.8,3.8566,333.275,0.000689762,0.008592974
3.1822,0.81,3.8566,333.114,0.000619808,0.008860628
3.1822,0.82,3.8566,332.953,0.000559843,0.00913812
3.1822,0.83,3.8566,332.793,0.000499875,0.009415534
3.1822,0.84,3.8566,332.634,0.000449899,0.009702775
3.1822,0.85,3.8566,332.476,0.00039992,0.009999835
3.1822,0.86,3.8566,332.318,0.000349939,0.010296805
3.1822,0.87,3.8566,332.162,0.000299955,0.010603583
3.1822,0.88,3.8566,332.007,0.000259966,0.010920157
3.1822,0.89,3.8566,331.852,0.000219976,0.011236632
3.1822,0.9,3.8566,331.698,0.000179984,0.011562891
3.1822,0.91,3.8566,331.545,0.000149989,0.011898926
3.1822,0.92,3.8566,331.393,0.000119993,0.012234848
3.1822,0.93,3.8566,331.242,8.9996e-05,0.012580532
3.1822,0.94,3.8566,331.091,6.9998e-05,0.012926097
3.1822,0.95,3.8566,330.941,4.9999e-05,0.013291278
3.1822,0.96,3.8566,330.792,3e-05,0.013656326
3.1822,0.97,3.8566,330.644,2e-05,0.014031102
3.1822,0.98,3.8566,330.497,1e-05,0.014405737
3.1822,0.99,3.8566,330.35,0.0,0.014790085
3.1822,1.0,3.8566,330.204,0.0,0.015184135
3.8566,0.0,3.1822,330.204,0.015184135,0.0
3.8566,0.01,3.1822,330.35,0.014790085,0.0
3.8566,0.02,3.1822,330.497,0.014405737,1e-05
3.8566,0.03,3.1822,330.644,0.014031102,2e-05
3.8566,0.04,3.1822,330.792,0.013656326,3e-05
3.8566,0.05,3.1822,330.941,0.013291278,4.9999e-05
3.8566,0.06,3.1822,331.091,0.012926097,6.9998e-05
3.8566,0.07,3.1822,331.242,0.012580532,8.9996e-05
3.8566,0.08,3.1822,331.393,0.012234848,0.000119993
3.8566,0.09,3.1822,331.545,0.011898926,0.000149989
3.8566,0.1,3.1822,331.698,0.011562891,0.000179984
3.8566,0.11,3.1822,331.852,0.011236632,0.000219976
3.8566,0.12,3.1822,332.007,0.010920157,0.000259966
3.8566,0.13,3.1822,332.162,0.010603583,0.000299955
3.8566,0.14,3.1822,332.318,0.010296805,0.000349939
3.8566,0.15,3.1822,332.476,0.009999835,0.00039992
3.8566,0.16,3.1822,332.634,0.009702775,0.000449899
3.8566,0.17,3.1822,332.793,0.009415534,0.000499875
3.8566,0.18,3.1822,332.953,0.00913812,0.000559843
3.8566,0.19,3.1822,333.114,0.008860628,0.000619808
3.8566,0.2,3.1822,333.275,0.008592974,0.000689762
3.8566,0.21,3.1822,333.438,0.008325249,0.000749719
3.8566,0.22,3.1822,333.602,0.008067371,0.000819664
3.8566,0.23,3.1822,333.766,0.007809427,0.000889604
3.8566,0.24,3.1822,333.932,0.007561341,0.000959539
3.8566,0.25,3.1822,334.098,0.00732312,0.00103946
3.8566,0.26,3.1822,334.266,0.007084843,0.001119373
3.8566,0.27,3.1822,334.434,0.006846509,0.001199281
3.8566,0.28,3.1822,334.604,0.006618052,0.001279181
3.8566,0.29,3.1822,334.774,0.00639948,0.001369062
3.8566,0.3,3.1822,334.946,0.006180859,0.00144895
3.8566,0.31,3.1822,335.118,0.005972131,0.001538815
3.8566,0.32,3.1822,335.292,0.00576336,0.001628673
3.8566,0.33,3.1822,335.467,0.005554545,0.001728505
3.8566,0.34,3.1822,335.642,0.005365579,0.001818346
3.8566,0.35,3.1822,335.819,0.00516663,0.001918159
3.8566,0.36,3.1822,335.997,0.004977591,0.002017963
3.8566,0.37,3.1822,336.176,0.004798469,0.002117756
3.8566,0.38,3.1822,336.356,0.004619315,0.002227517
3.8566,0.39,3.1822,336.538,0.004440128,0.00232729
3.8566,0.4,3.1822,336.72,0.004270867,0.002437028
3.8566,0.41,3.1822,336.904,0.004101577,0.00253678
3.8566,0.42,3.1822,337.089,0.003942219,0.002646495
3.8566,0.43,3.1822,337.275,0.003782836,0.002766171
3.8566,0.44,3.1822,337.462,0.003623427,0.002875861
3.8566,0.45,3.1822,337.65,0.003473959,0.002985539
3.8566,0.46,3.1822,337.84,0.003334435,0.003105174
3.8566,0.47,3.1822,338.031,0.003184923,0.003224795
3.8566,0.48,3.1822,338.223,0.003045358,0.003344401
3.8566,0.49,3.1822,338.416,0.002915745,0.003463993
3.8566,0.5,3.1822,338.611,0.002786115,0.003583571
3.8566,0.51,3.1822,338.807,0.002656468,0.003703135
3.8566,0.52,3.1822,339.004,0.00253678,0.003822684
3.8566,0.53,3.1822,339.203,0.002417077,0.00395218
3.8566,0.54,3.1822,339.403,0.002297359,0.004081659
3.8566,0.55,3.1822,339.604,0.002187605,0.004201163
3.8566,0.56,3.1822,339.807,0.00207784,0.004330609
3.8566,0.57,3.1822,340.011,0.001968062,0.004460039
3.8566,0.58,3.1822,340.217,0.001868254,0.004589452
3.8566,0.59,3.1822,340.423,0.001768435,0.004728802
3.8566,0.6,3.1822,340.632,0.00167859,0.00485818
3.8566,0.61,3.1822,340.842,0.001578753,0.004987542
3.8566,0.62,3.1822,341.053,0.001488891,0.005126835
3.8566,0.63,3.1822,341.266,0.001409007,0.005256162
3.8566,0.64,3.1822,341.48,0.00131913,0.005395419
3.8566,0.65,3.1822,341.696,0.001239232,0.005534655
3.8566,0.66,3.1822,341.913,0.001159328,0.00566393
3.8566,0.67,3.1822,342.132,0.001089406,0.005803129
3.8566,0.68,3.1822,342.352,0.00101948,0.005942309
3.8566,0.69,3.1822,342.574,0.000949549,0.00608147
3.8566,0.7,3.1822,342.798,0.000879613,0.006220612
3.8566,0.71,3.1822,343.023,0.000819664,0.006359734
3.8566,0.72,3.1822,343.25,0.000759711,0.006498837
3.8566,0.73,3.1822,343.478,0.000699755,0.006647854
3.8566,0.74,3.1822,343.709,0.000649789,0.006786917
3.8566,0.75,3.1822,343.941,0.000589826,0.00692596
3.8566,0.76,3.1822,344.174,0.000539854,0.007074914
3.8566,0.77,3.1822,344.41,0.000499875,0.007213917
3.8566,0.78,3.1822,344.647,0.000449899,0.007352901
3.8566,0.79,3.1822,344.886,0.000409916,0.007501791
3.8566,0.8,3.1822,345.126,0.000369932,0.007640735
3.8566,0.81,3.1822,345.369,0.000329946,0.007789582
3.8566,0.82,3.1822,345.613,0.000289958,0.007928486
3.8566,0.83,3.1822,345.86,0.000259966,0.008077291
3.8566,0.84,3.1822,346.108,0.000229974,0.008216155
3.8566,0.85,3.1822,346.358,0.00019998,0.008364916
3.8566,0.86,3.1822,346.61,0.000169986,0.008513656
3.8566,0.87,3.1822,346.864,0.000149989,0.008652459
3.8566,0.88,3.1822,347.119,0.000129992,0.008801156
3.8566,0.89,3.1822,347.377,0.000109994,0.008949831
3.8566,0.9,3.1822,347.637,8.9996e-05,0.009088574
3.8566,0.91,3.1822,347.899,6.9998e-05,0.009237205
3.8566,0.92,3.1822,348.163,4.9999e-05,0.009375908
3.8566,0.93,3.1822,348.429,3.9999e-05,0.009524498
3.8566,0.94,3.1822,348.697,3e-05,0.009673065
3.8566,0.95,3.1822,348.968,2e-05,0.009811707
3.8566,0.96,3.1822,349.24,1e-05,0.009960232
3.8566,0.97,3.1822,349.515,1e-05,0.010098835
3.8566,0.98,3.1822,349.792,0.0,0.010247316
3.8566,0.99,3.1822,350.071,0.0,0.01038588
3.8566,1.0,3.1822,350.353,0.0,0.010534319
3.8566,0.0,4.531,372.48,-0.000810328,0.0
3.8566,0.01,4.531,372.216,-0.000780304,0.0
3.8566,0.02,4.531,371.954,-0.000750281,0.0
3.8566,0.03,4.531,371.693,-0.00072126,-1e-06
3.8566,0.04,4.531,371.435,-0.00069324,-2e-06
3.8566,0.05,4.531,371.177,-0.000666222,-3e-06
3.8566,0.06,4.531,370.922,-0.000639204,-4e-06
3.8566,0.07,4.531,370.668,-0.000613188,-5e-06
3.8566,0.08,4.531,370.416,-0.000588173,-7e-06
3.8566,0.09,4.531,370.165,-0.000563159,-9e-06
3.8566,0.1,4.531,369.916,-0.000539145,-1e-05
3.8566,0.11,4.531,369.669,-0.000515133,-1.3e-05
3.8566,0.12,4.531,369.423,-0.000492121,-1.5e-05
3.8566,0.13,4.531,369.179,-0.00047011,-1.7e-05
3.8566,0.14,4.531,368.936,-0.0004481,-2e-05
3.8566,0.15,4.531,368.695,-0.000427091,-2.2e-05
3.8566,0.16,4.531,368.455,-0.000406082,-2.5e-05
3.8566,0.17,4.531,368.217,-0.000386075,-2.8e-05
3.8566,0.18,4.531,367.98,-0.000367067,-3.1e-05
3.8566,0.19,4.531,367.745,-0.000348061,-3.4001e-05
3.8566,0.2,4.531,367.512,-0.000330054,-3.7001e-05
3.8566,0.21,4.531,367.279,-0.000312049,-4.0001e-05
3.8566,0.22,4.531,367.048,-0.000295044,-4.4001e-05
3.8566,0.23,4.531,366.819,-0.000278039,-4.7001e-05
3.8566,0.24,4.531,366.591,-0.000262034,-5.0001e-05
3.8566,0.25,4.531,366.365,-0.00024603,-5.4001e-05
3.8566,0.26,4.531,366.139,-0.000231027,-5.7002e-05
3.8566,0.27,4.531,365.916,-0.000217024,-6.1002e-05
3.8566,0.28,4.531,365.693,-0.000203021,-6.5002e-05
3.8566,0.29,4.531,365.472,-0.000189018,-6.8002e-05
3.8566,0.3,4.531,365.252,-0.000176015,-7.2003e-05
3.8566,0.31,4.531,365.034,-0.000163013,-7.6003e-05
3.8566,0.32,4.531,364.817,-0.000151011,-7.9003e-05
3.8566,0.33,4.531,364.601,-0.00013901,-8.3003e-05
3.8566,0.34,4.531,364.387,-0.000128008,-8.6004e-05
3.8566,0.35,4.531,364.174,-0.000118007,-9.0004e-05
3.8566,0.36,4.531,363.962,-0.000107006,-9.3004e-05
3.8566,0.37,4.531,363.751,-9.7005e-05,-9.7005e-05
3.8566,0.38,4.531,363.542,-8.8004e-05,-0.000100005
3.8566,0.39,4.531,363.333,-7.9003e-05,-0.000103005
3.8566,0.4,4.531,363.127,-7.1003e-05,-0.000107006
3.8566,0.41,4.531,362.921,-6.2002e-05,-0.000110006
3.8566,0.42,4.531,362.716,-5.5002e-05,-0.000113006
3.8566,0.43,4.531,362.513,-4.7001e-05,-0.000116007
3.8566,0.44,4.531,362.311,-4.0001e-05,-0.000118007
3.8566,0.45,4.531,362.11,-3.4001e-05,-0.000121007
3.8566,0.46,4.531,361.91,-2.8e-05,-0.000123008
3.8566,0.47,4.531,361.712,-2.2e-05,-0.000126008
3.8566,0.48,4.531,361.514,-1.6e-05,-0.000128008
3.8566,0.49,4.531,361.318,-1.1e-05,-0.000130008
3.8566,0.5,4.531,361.123,-6e-06,-0.000132009
3.8566,0.51,4.531,360.929,-2e-06,-0.000133009
3.8566,0.52,4.531,360.736,0.0,-0.000135009
3.8566,0.53,4.531,360.544,1e-05,-0.000136009
3.8566,0.54,4.531,360.353,1e-05,-0.000137009
3.8566,0.55,4.531,360.164,1e-05,-0.00013801
3.8566,0.56,4.531,359.975,2e-05,-0.00013801
3.8566,0.57,4.531,359.788,2e-05,-0.00013801
3.8566,0.58,4.531,359.601,2e-05,-0.00013801
3.8566,0.59,4.531,359.416,2e-05,-0.00013801
3.8566,0.6,4.531,359.231,2e-05,-0.000137009
3.8566,0.61,4.531,359.048,3e-05,-0.000136009
3.8566,0.62,4.531,358.865,3e-05,-0.000135009
3.8566,0.63,4.531,358.684,3e-05,-0.000133009
3.8566,0.64,4.531,358.504,3e-05,-0.000131009
3.8566,0.65,4.531,358.324,3e-05,-0.000129008
3.8566,0.66,4.531,358.146,3e-05,-0.000126008
3.8566,0.67,4.531,357.969,3e-05,-0.000123008
3.8566,0.68,4.531,357.792,3e-05,-0.000120007
3.8566,0.69,4.531,357.617,3e-05,-0.000116007
3.8566,0.7,4.531,357.442,3e-05,-0.000111006
3.8566,0.71,4.531,357.268,3e-05,-0.000107006
3.8566,0.72,4.531,357.096,3e-05,-0.000101005
3.8566,0.73,4.531,356.924,3e-05,-9.6005e-05
3.8566,0.74,4.531,356.753,3e-05,-9.0004e-05
3.8566,0.75,4.531,356.583,3e-05,-8.3003e-05
3.8566,0.76,4.531,356.414,3e-05,-7.6003e-05
3.8566,0.77,4.531,356.246,3e-05,-6.8002e-05
3.8566,0.78,4.531,356.079,2e-05,-6.0002e-05
3.8566,0.79,4.531,355.913,2e-05,-5.1001e-05
3.8566,0.8,4.531,355.747,2e-05,-4.2001e-05
3.8566,0.81,4.531,355.582,2e-05,-3.2001e-05
3.8566,0.82,4.531,355.419,2e-05,-2.2e-05
3.8566,0.83,4.531,355.256,2e-05,-1.1e-05
3.8566,0.84,4.531,355.094,2e-05,0.0
3.8566,0.85,4.531,354.932,1e-05,1e-05
3.8566,0.86,4.531,354.772,1e-05,3e-05
3.8566,0.87,4.531,354.612,1e-05,3.9999e-05
3.8566,0.88,4.531,354.454,1e-05,4.9999e-05
3.8566,0.89,4.531,354.296,1e-05,6.9998e-05
3.8566,0.9,4.531,354.138,1e-05,8.9996e-05
3.8566,0.91,4.531,353.982,1e-05,9.9995e-05
3.8566,0.92,4.531,353.826,1e-05,0.000119993
3.8566,0.93,4.531,353.672,0.0,0.00013999
3.8566,0.94,4.531,353.518,0.0,0.000159987
3.8566,0.95,4.531,353.364,0.0,0.000179984
3.8566,0.96,4.531,353.212,0.0,0.00019998
3.8566,0.97,4.531,353.06,0.0,0.000219976
3.8566,0.98,4.531,352.909,0.0,0.000239971
3.8566,0.99,4.531,352.759,0.0,0.000259966
3.8566,1.0,4.531,352.609,0.0,0.000289958
4.531,0.0,3.8566,352.609,0.000289958,0.0
4.531,0.01,3.8566,352.759,0.000259966,0.0
4.531,0.02,3.8566,352.909,0.000239971,0.0
4.531,0.03,3.8566,353.06,0.000219976,0.0
4.531,0.04,3.8566,353.212,0.00019998,0.0
4.531,0.05,3.8566,353.364,0.000179984,0.0
4.531,0.06,3.8566,353.518,0.000159987,0.0
4.531,0.07,3.8566,353.672,0.00013999,0.0
4.531,0.08,3.8566,353.826,0.000119993,1e-05
4.531,0.09,3.8566,353.982,9.9995e-05,1e-05
4.531,0.1,3.8566,354.138,8.9996e-05,1e-05
4.531,0.11,3.8566,354.296,6.9998e-05,1e-05
4.531,0.12,3.8566,354.454,4.9999e-05,1e-05
4.531,0.13,3.8566,354.612,3.9999e-05,1e-05
4.531,0.14,3.8566,354.772,3e-05,1e-05
4.531,0.15,3.8566,354.932,1e-05,1e-05
4.531,0.16,3.8566,355.094,0.0,2e-05
4.531,0.17,3.8566,355.256,-1.1e-05,2e-05
4.531,0.18,3.8566,355.419,-2.2e-05,2e-05
4.531,0.19,3.8566,355.582,-3.2001e-05,2e-05
4.531,0.2,3.8566,355.747,-4.2001e-05,2e-05
4.531,0.21,3.8566,355.913,-5.1001e-05,2e-05
4.531,0.22,3.8566,356.079,-6.0002e-05,2e-05
4.531,0.23,3.8566,356.246,-6.8002e-05,3e-05
4.531,0.24,3.8566,356.414,-7.6003e-05,3e-05
4.531,0.25,3.8566,356.583,-8.3003e-05,3e-05
4.531,0.26,3.8566,356.753,-9.0004e-05,3e-05
4.531,0.27,3.8566,356.924,-9.6005e-05,3e-05
4.531,0.28,3.8566,357.096,-0.000101005,3e-05
4.531,0.29,3.8566,357.268,-0.000107006,3e-05
4.531,0.3,3.8566,357.442,-0.000111006,3e-05
4.531,0.31,3.8566,357.617,-0.000116007,3e-05
4.531,0.32,3.8566,357.792,-0.000120007,3e-05
4.531,0.33,3.8566,357.969,-0.000123008,3e-05
4.531,0.34,3.8566,358.146,-0.000126008,3e-05
4.531,0.35,3.8566,358.324,-0.000129008,3e-05
4.531,0.36,3.8566,358.504,-0.000131009,3e-05
4.531,0.37,3.8566,358.684,-0.000133009,3e-05
4.531,0.38,3.8566,358.865,-0.000135009,3e-05
4.531,0.39,3.8566,359.048,-0.000136009,3e-05
4.531,0.4,3.8566,359.231,-0.000137009,2e-05
4.531,0.41,3.8566,359.416,-0.00013801,2e-05
4.531,0.42,3.8566,359.601,-0.00013801,2e-05
4.531,0.43,3.8566,359.788,-0.00013801,2e-05
4.531,0.44,3.8566,359.975,-0.00013801,2e-05
4.531,0.45,3.8566,360.164,-0.00013801,1e-05
4.531,0.46,3.8566,360.353,-0.000137009,1e-05
4.531,0.47,3.8566,360.544,-0.000136009,1e-05
4.531,0.48,3.8566,360.736,-0.000135009,0.0
4.531,0.49,3.8566,360.929,-0.000133009,-2e-06
4.531,0.5,3.8566,361.123,-0.000132009,-6e-06
4.531,0.51,3.8566,361.318,-0.000130008,-1.1e-05
4.531,0.52,3.8566,361.514,-0.000128008,-1.6e-05
4.531,0.53,3.8566,361.712,-0.000126008,-2.2e-05
4.531,0.54,3.8566,361.91,-0.000123008,-2.8e-05
4.531,0.55,3.8566,362.11,-0.000121007,-3.4001e-05
4.531,0.56,3.8566,362.311,-0.000118007,-4.0001e-05
4.531,0.57,3.8566,362.513,-0.000116007,-4.7001e-05
4.531,0.58,3.8566,362.716,-0.000113006,-5.5002e-05
4.531,0.59,3.8566,362.921,-0.000110006,-6.2002e-05
4.531,0.6,3.8566,363.127,-0.000107006,-7.1003e-05
4.531,0.61,3.8566,363.333,-0.000103005,-7.9003e-05
4.531,0.62,3.8566,363.542,-0.000100005,-8.8004e-05
4.531,0.63,3.8566,363.751,-9.7005e-05,-9.7005e-05
4.531,0.64,3.8566,363.962,-9.3004e-05,-0.000107006
4.531,0.65,3.8566,364.174,-9.0004e-05,-0.000118007
4.531,0.66,3.8566,364.387,-8.6004e-05,-0.000128008
4.531,0.67,3.8566,364.601,-8.3003e-05,-0.00013901
4.531,0.68,3.8566,364.817,-7.9003e-05,-0.000151011
4.531,0.69,3.8566,365.034,-7.6003e-05,-0.000163013
4.531,0.7,3.8566,365.252,-7.2003e-05,-0.000176015
4.531,0.71,3.8566,365.472,-6.8002e-05,-0.000189018
4.531,0.72,3.8566,365.693,-6.5002e-05,-0.000203021
4.531,0.73,3.8566,365.916,-6.1002e-05,-0.000217024
4.531,0.74,3.8566,366.139,-5.7002e-05,-0.000231027
4.531,0.75,3.8566,366.365,-5.4001e-05,-0.00024603
4.531,0.76,3.8566,366.591,-5.0001e-05,-0.000262034
4.531,0.77,3.8566,366.819,-4.7001e-05,-0.000278039
4.531,0.78,3.8566,367.048,-4.4001e-05,-0.000295044
4.531,0.79,3.8566,367.279,-4.0001e-05,-0.000312049
4.531,0.8,3.8566,367.512,-3.7001e-05,-0.000330054
4.531,0.81,3.8566,367.745,-3.4001e-05,-0.000348061
4.531,0.82,3.8566,367.98,-3.1e-05,-0.000367067
4.531,0.83,3.8566,368.217,-2.8e-05,-0.000386075
4.531,0.84,3.8566,368.455,-2.5e-05,-0.000406082
4.531,0.85,3.8566,368.695,-2.2e-05,-0.000427091
4.531,0.86,3.8566,368.936,-2e-05,-0.0004481
4.531,0.87,3.8566,369.179,-1.7e-05,-0.00047011
4.531,0.88,3.8566,369.423,-1.5e-05,-0.000492121
4.531,0.89,3.8566,369.669,-1.3e-05,-0.000515133
4.531,0.9,3.8566,369.916,-1e-05,-0.000539145
4.531,0.91,3.8566,370.165,-9e-06,-0.000563159
4.531,0.92,3.8566,370.416,-7e-06,-0.000588173
4.531,0.93,3.8566,370.668,-5e-06,-0.000613188
4.531,0.94,3.8566,370.922,-4e-06,-0.000639204
4.531,0.95,3.8566,371.177,-3e-06,-0.000666222
4.531,0.96,3.8566,371.435,-2e-06,-0.00069324
4.531,0.97,3.8566,371.693,-1e-06,-0.00072126
4.531,0.98,3.8566,371.954,0.0,-0.000750281
4.531,0.99,3.8566,372.216,0.0,-0.000780304
4.531,1.0,3.8566,372.48,0.0,-0.000810328
13.7405,0.0,3.9243,390.899,1.751628208,0.0
13.7405,0.01,3.9243,391.179,1.669154828,0.00039992
13.7405,0.02,3.9243,391.441,1.591341149,0.001568769
13.7405,0.03,3.9243,391.686,1.517833458,0.003424131
13.7405,0.04,3.9243,391.916,1.448313305,0.005902546
13.7405,0.05,3.9243,392.133,1.382492142,0.008949831
13.7405,0.06,3.9243,392.338,1.320109152,0.012531156
13.7405,0.07,3.9243,392.533,1.260929531,0.01658176
13.7405,0.08,3.9243,392.719,1.204733515,0.021066534
13.7405,0.09,3.9243,392.897,1.151324909,0.025960102
13.7405,0.1,3.9243,393.067,1.100527121,0.031207927
13.7405,0.11,3.9243,393.232,1.052173857,0.036804335
13.7405,0.12,3.9243,393.392,1.006109498,0.042705021
13.7405,0.13,3.9243,393.547,0.962200561,0.048885398
13.7405,0.14,3.9243,393.699,0.920314625,0.055321172
13.7405,0.15,3.9243,393.847,0.880336039,0.062007195
13.7405,0.16,3.9243,393.994,0.842157529,0.068900867
13.7405,0.17,3.9243,394.139,0.805676439,0.076006882
13.7405,0.18,3.9243,394.283,0.770797799,0.083283604
13.7405,0.19,3.9243,394.426,0.737431973,0.090736098
13.7405,0.2,3.9243,394.57,0.705505501,0.098351006
13.7405,0.21,3.9243,394.714,0.674937384,0.106097244
13.7405,0.22,3.9243,394.859,0.645662414,0.113971336
13.7405,0.23,3.9243,395.006,0.617609726,0.121969814
13.7405,0.24,3.9243,395.154,0.590721244,0.130071665
13.7405,0.25,3.9243,395.306,0.564944423,0.138273879
13.7405,0.26,3.9243,395.46,0.540217422,0.146564837
13.7405,0.27,3.9243,395.617,0.516499497,0.154933231
13.7405,0.28,3.9243,395.778,0.493738466,0.163376562
13.7405,0.29,3.9243,395.943,0.47188935,0.171883941
13.7405,0.3,3.9243,396.113,0.450910001,0.180444797
13.7405,0.31,3.9243,396.287,0.430768916,0.189057155
13.7405,0.32,3.9243,396.467,0.411420672,0.197710865
13.7405,0.33,3.9243,396.653,0.392832316,0.206396092
13.7405,0.34,3.9243,396.844,0.374978409,0.215119444
13.7405,0.35,3.9243,397.042,0.357821287,0.223863292
13.7405,0.36,3.9243,397.247,0.341338946,0.232634371
13.7405,0.37,3.9243,397.459,0.325497953,0.241415596
13.7405,0.38,3.9243,397.68,0.310267589,0.25019825
13.7405,0.39,3.9243,397.908,0.295635361,0.258997063
13.7405,0.4,3.9243,398.145,0.281570937,0.267787991
13.7405,0.41,3.9243,398.391,0.268048081,0.276578151
13.7405,0.42,3.9243,398.646,0.255060735,0.285359377
13.7405,0.43,3.9243,398.912,0.242569637,0.29412378
13.7405,0.44,3.9243,399.188,0.230571893,0.302871132
13.7405,0.45,3.9243,399.476,0.21903914,0.311593892
13.7405,0.46,3.9243,399.775,0.207956814,0.320284781
13.7405,0.47,3.9243,400.086,0.197316896,0.328951167
13.7405,0.48,3.9243,400.411,0.187093486,0.337578767
13.7405,0.49,3.9243,400.749,0.177275514,0.346167938
13.7405,0.5,3.9243,401.101,0.167842236,0.354712019
13.7405,0.51,3.9243,401.469,0.158797012,0.363204579
13.7405,0.52,3.9243,401.852,0.150108234,0.371646312
13.7405,0.53,3.9243,402.252,0.141777301,0.380024216
13.7405,0.54,3.9243,402.67,0.13378761,0.388339295
13.7405,0.55,3.9243,403.106,0.126121507,0.396585804
13.7405,0.56,3.9243,403.562,0.118778096,0.404764863
13.7405,0.57,3.9243,404.038,0.111738135,0.412857715
13.7405,0.58,3.9243,404.536,0.10499945,0.420865905
13.7405,0.59,3.9243,405.058,0.098550379,0.42878442
13.7405,0.6,3.9243,405.604,0.092378614,0.436608415
13.7405,0.61,3.9243,406.175,0.086480403,0.444326782
13.7405,0.62,3.9243,406.775,0.080842388,0.451935122
13.7405,0.63,3.9243,407.404,0.075459915,0.45942285
13.7405,0.64,3.9243,408.064,0.07032798,0.466785958
13.7405,0.65,3.9243,408.757,0.065431872,0.474020551
13.7405,0.66,3.9243,409.486,0.060765788,0.481104288
13.7405,0.67,3.9243,410.254,0.056323621,0.488039992
13.7405,0.68,3.9243,411.062,0.05209897,0.494812089
13.7405,0.69,3.9243,411.915,0.048085154,0.501411449
13.7405,0.7,3.9243,412.815,0.044284792,0.507823121
13.7405,0.71,3.9243,413.766,0.040671583,0.514038457
13.7405,0.72,3.9243,414.773,0.037257248,0.520031123
13.7405,0.73,3.9243,415.84,0.03403421,0.525798962
13.7405,0.74,3.9243,416.974,0.030994664,0.53131625
13.7405,0.75,3.9243,418.179,0.028120876,0.536563543
13.7405,0.76,3.9243,419.464,0.025424052,0.541521643
13.7405,0.77,3.9243,420.836,0.022895877,0.546159949
13.7405,0.78,3.9243,422.304,0.020527854,0.550453946
13.7405,0.79,3.9243,423.88,0.01831132,0.5543735
13.7405,0.8,3.9243,425.576,0.016247295,0.55787141
13.7405,0.81,3.9243,427.406,0.014336736,0.560917797
13.7405,0.82,3.9243,429.39,0.012570657,0.563454126
13.7405,0.83,3.9243,431.547,0.010930049,0.565421758
13.7405,0.84,3.9243,433.904,0.009435347,0.56675595
13.7405,0.85,3.9243,436.493,0.008067371,0.567374185
13.7405,0.86,3.9243,439.353,0.006816713,0.56717004
13.7405,0.87,3.9243,442.534,0.00569376,0.566023784
13.7405,0.88,3.9243,446.1,0.004688989,0.563784231
13.7405,0.89,3.9243,450.136,0.003792798,0.560244162
13.7405,0.9,3.9243,454.755,0.003005479,0.555154422
13.7405,0.91,3.9243,460.115,0.00232729,0.54817343
13.7405,0.92,3.9243,466.437,0.001738488,0.53882982
13.7405,0.93,3.9243,474.055,0.001249219,0.526478476
13.7405,0.94,3.9243,483.481,0.000849639,0.510155399
13.7405,0.95,3.9243,495.548,0.000539854,0.488414357
13.7405,0.96,3.9243,511.649,0.000299955,0.459081702
13.7405,0.97,3.9243,534.019,0.00013999,0.41929569
13.7405,0.98,3.9243,567.898,4.9999e-05,0.362975056
13.7405,0.99,3.9243,596.77,1e-05,0.320125061
13.7405,1.0,3.9243,617.423,0.0,0.292221752
3.9243,0.0,13.7405,617.423,0.292221752,0.0
3.9243,0.01,13.7405,596.77,0.320125061,1e-05
3.9243,0.02,13.7405,567.898,0.362975056,4.9999e-05
3.9243,0.03,13.7405,534.019,0.41929569,0.00013999
3.9243,0.04,13.7405,511.649,0.459081702,0.000299955
3.9243,0.05,13.7405,495.548,0.488414357,0.000539854
3.9243,0.06,13.7405,483.481,0.510155399,0.000849639
3.9243,0.07,13.7405,474.055,0.526478476,0.001249219
3.9243,0.08,13.7405,466.437,0.53882982,0.001738488
3.9243,0.09,13.7405,460.115,0.54817343,0.00232729
3.9243,0.1,13.7405,454.755,0.555154422,0.003005479
3.9243,0.11,13.7405,450.136,0.560244162,0.003792798
3.9243,0.12,13.7405,446.1,0.563784231,0.004688989
3.9243,0.13,13.7405,442.534,0.566023784,0.00569376
3.9243,0.14,13.7405,439.353,0.56717004,0.006816713
3.9243,0.15,13.7405,436.493,0.567374185,0.008067371
3.9243,0.16,13.7405,433.904,0.56675595,0.009435347
3.9243,0.17,13.7405,431.547,0.565421758,0.010930049
3.9243,0.18,13.7405,429.39,0.563454126,0.012570657
3.9243,0.19,13.7405,427.406,0.560917797,0.014336736
3.9243,0.2,13.7405,425.576,0.55787141,0.016247295
3.9243,0.21,13.7405,423.88,0.5543735,0.01831132
3.9243,0.22,13.7405,422.304,0.550453946,0.020527854
3.9243,0.23,13.7405,420.836,0.546159949,0.022895877
3.9243,0.24,13.7405,419.464,0.541521643,0.025424052
3.9243,0.25,13.7405,418.179,0.536563543,0.028120876
3.9243,0.26,13.7405,416.974,0.53131625,0.030994664
3.9243,0.27,13.7405,415.84,0.525798962,0.03403421
3.9243,0.28,13.7405,414.773,0.520031123,0.037257248
3.9243,0.29,13.7405,413.766,0.514038457,0.040671583
3.9243,0.3,13.7405,412.815,0.507823121,0.044284792
3.9243,0.31,13.7405,411.915,0.501411449,0.048085154
3.9243,0.32,13.7405,411.062,0.494812089,0.05209897
3.9243,0.33,13.7405,410.254,0.488039992,0.056323621
3.9243,0.34,13.7405,409.486,0.481104288,0.060765788
3.9243,0.35,13.7405,408.757,0.474020551,0.065431872
3.9243,0.36,13.7405,408.064,0.466785958,0.07032798
3.9243,0.37,13.7405,407.404,0.45942285,0.075459915
3.9243,0.38,13.7405,406.775,0.451935122,0.080842388
3.9243,0.39,13.7405,406.175,0.444326782,0.086480403
3.9243,0.4,13.7405,405.604,0.436608415,0.092378614
3.9243,0.41,13.7405,405.058,0.42878442,0.098550379
3.9243,0.42,13.7405,404.536,0.420865905,0.10499945
3.9243,0.43,13.7405,404.038,0.412857715,0.111738135
3.9243,0.44,13.7405,403.562,0.404764863,0.118778096
3.9243,0.45,13.7405,403.106,0.396585804,0.126121507
3.9243,0.46,13.7405,402.67,0.388339295,0.13378761
3.9243,0.47,13.7405,402.252,0.380024216,0.141777301
3.9243,0.48,13.7405,401.852,0.371646312,0.150108234
3.9243,0.49,13.7405,401.469,0.363204579,0.158797012
3.9243,0.5,13.7405,401.101,0.354712019,0.167842236
3.9243,0.51,13.7405,400.749,0.346167938,0.177275514
3.9243,0.52,13.7405,400.411,0.337578767,0.187093486
3.9243,0.53,13.7405,400.086,0.328951167,0.197316896
3.9243,0.54,13.7405,399.775,0.320284781,0.207956814
3.9243,0.55,13.7405,399.476,0.311593892,0.21903914
3.9243,0.56,13.7405,399.188,0.302871132,0.230571893
3.9243,0.57,13.7405,398.912,0.29412378,0.242569637
3.9243,0.58,13.7405,398.646,0.285359377,0.255060735
3.9243,0.59,13.7405,398.391,0.276578151,0.268048081
3.9243,0.6,13.7405,398.145,0.267787991,0.281570937
3.9243,0.61,13.7405,397.908,0.258997063,0.295635361
3.9243,0.62,13.7405,397.68,0.25019825,0.310267589
3.9243,0.63,13.7405,397.459,0.241415596,0.325497953
3.9243,0.64,13.7405,397.247,0.232634371,0.341338946
3.9243,0.65,13.7405,397.042,0.223863292,0.357821287
3.9243,0.66,13.7405,396.844,0.215119444,0.374978409
3.9243,0.67,13.7405,396.653,0.206396092,0.392832316
3.9243,0.68,13.7405,396.467,0.197710865,0.411420672
3.9243,0.69,13.7405,396.287,0.189057155,0.430768916
3.9243,0.7,13.7405,396.113,0.180444797,0.450910001
3.9243,0.71,13.7405,395.943,0.171883941,0.47188935
3.9243,0.72,13.7405,395.778,0.163376562,0.493738466
3.9243,0.73,13.7405,395.617,0.154933231,0.516499497
3.9243,0.74,13.7405,395.46,0.146564837,0.540217422
3.9243,0.75,13.7405,395.306,0.138273879,0.564944423
3.9243,0.76,13.7405,395.154,0.130071665,0.590721244
3.9243,0.77,13.7405,395.006,0.121969814,0.617609726
3.9243,0.78,13.7405,394.859,0.113971336,0.645662414
3.9243,0.79,13.7405,394.714,0.106097244,0.674937384
3.9243,0.8,13.7405,394.57,0.098351006,0.705505501
3.9243,0.81,13.7405,394.426,0.090736098,0.737431973
3.9243,0.82,13.7405,394.283,0.083283604,0.770797799
3.9243,0.83,13.7405,394.139,0.076006882,0.805676439
3.9243,0.84,13.7405,393.994,0.068900867,0.842157529
3.9243,0.85,13.7405,393.847,0.062007195,0.880336039
3.9243,0.86,13.7405,393.699,0.055321172,0.920314625
3.9243,0.87,13.7405,393.547,0.048885398,0.962200561
3.9243,0.88,13.7405,393.392,0.042705021,1.006109498
3.9243,0.89,13.7405,393.232,0.036804335,1.052173857
3.9243,0.9,13.7405,393.067,0.031207927,1.100527121
3.9243,0.91,13.7405,392.897,0.025960102,1.151324909
3.9243,0.92,13.7405,392.719,0.021066534,1.204733515
3.9243,0.93,13.7405,392.533,0.01658176,1.260929531
3.9243,0.94,13.7405,392.338,0.012531156,1.320109152
3.9243,0.95,13.7405,392.133,0.008949831,1.382492142
3.9243,0.96,13.7405,391.916,0.005902546,1.448313305
3.9243,0.97,13.7405,391.686,0.003424131,1.517833458
3.9243,0.98,13.7405,391.441,0.001568769,1.591341149
3.9243,0.99,13.7405,391.179,0.00039992,1.669154828
3.9243,1.0,13.7405,390.899,0.0,1.751628208
12.6238,0.0,1.4311,337.685,3.144587529,0.0
12.6238,0.01,1.4311,337.92,2.951346645,0.000949549
12.6238,0.02,1.4311,338.114,2.774723941,0.003613464
12.6238,0.03,1.4311,338.273,2.612669352,0.007730046
12.6238,0.04,1.4311,338.402,2.463478702,0.013103769
12.6238,0.05,1.4311,338.506,2.325695967,0.019557499
12.6238,0.06,1.4311,338.589,2.198086428,0.026943735
12.6238,0.07,1.4311,338.654,2.079589031,0.035154766
12.6238,0.09,1.4311,338.739,1.866385997,0.053597637
12.6238,0.1,1.4311,338.753,1.81842412,0.058476434
12.6238,0.11,1.4311,338.753,1.81857503,0.05845757
12.6238,0.12,1.4311,338.753,1.81869996,0.058448137
12.6238,0.13,1.4311,338.753,1.818803786,0.058438705
12.6238,0.14,1.4311,338.753,1.818889759,0.058429273
12.6238,0.15,1.4311,338.753,1.818961127,0.05841984
12.6238,0.16,1.4311,338.753,1.819021137,0.058410408
12.6238,0.17,1.4311,338.753,1.819069791,0.058410408
12.6238,0.18,1.4311,338.753,1.819111956,0.058400975
12.6238,0.19,1.4311,338.753,1.819146011,0.058400975
12.6238,0.2,1.4311,338.753,1.8191752,0.058400975
12.6238,0.21,1.4311,338.753,1.819197902,0.058391542
12.6238,0.22,1.4311,338.753,1.819217361,0.058391542
12.6238,0.23,1.4311,338.753,1.819233576,0.058391542
12.6238,0.24,1.4311,338.753,1.819248169,0.058391542
12.6238,0.25,1.4311,338.753,1.819259519,0.058391542
12.6238,0.26,1.4311,338.753,1.819269248,0.058391542
12.6238,0.27,1.4311,338.753,1.819275734,0.058382109
12.6238,0.28,1.4311,338.753,1.81928222,0.058382109
12.6238,0.29,1.4311,338.753,1.819288705,0.058382109
12.6238,0.3,1.4311,338.753,1.819293569,0.058382109
12.6238,0.31,1.4311,338.753,1.819296812,0.058382109
12.6238,0.32,1.4311,338.753,1.819300055,0.058382109
12.6238,0.33,1.4311,338.776,0.573845492,0.358352536
12.6238,0.34,1.4311,338.812,0.546594231,0.372004838
12.6238,0.35,1.4311,338.855,0.520518496,0.38563648
12.6238,0.36,1.4311,338.904,0.495573905,0.399252517
12.6238,0.37,1.4311,338.96,0.471689707,0.41284448
12.6238,0.38,1.4311,339.023,0.44882468,0.426410873
12.6238,0.39,1.4311,339.095,0.42692649,0.439937386
12.6238,0.4,1.4311,339.174,0.405951656,0.45342318
12.6238,0.41,1.4311,339.262,0.385860861,0.466867467
12.6238,0.42,1.4311,339.358,0.366606463,0.480263318
12.6238,0.43,1.4311,339.464,0.348160801,0.493604182
12.6238,0.44,1.4311,339.58,0.330482908,0.506883865
12.6238,0.45,1.4311,339.705,0.31353986,0.520102461
12.6238,0.46,1.4311,339.841,0.297308093,0.533254212
12.6238,0.47,1.4311,339.989,0.281752024,0.546333684
12.6238,0.48,1.4311,340.147,0.266838854,0.559335749
12.6238,0.49,1.4311,340.318,0.25255477,0.572255568
12.6238,0.5,1.4311,340.502,0.238859408,0.585088584
12.6238,0.51,1.4311,340.698,0.225748156,0.597825001
12.6238,0.52,1.4311,340.909,0.21319018,0.610466413
12.6238,0.53,1.4311,341.134,0.201159667,0.623003647
12.6238,0.54,1.4311,341.374,0.189636405,0.635433318
12.6238,0.55,1.4311,341.63,0.178614695,0.647747014
12.6238,0.56,1.4311,341.904,0.168062038,0.659936769
12.6238,0.57,1.4311,342.194,0.157969095,0.67200015
12.6238,0.58,1.4311,342.504,0.148316551,0.683929831
12.6238,0.59,1.4311,342.833,0.139092153,0.695708897
12.6238,0.6,1.4311,343.183,0.130273592,0.70734097
12.6238,0.61,1.4311,343.555,0.121863588,0.718814927
12.6238,0.62,1.4311,343.951,0.11382856,0.730115359
12.6238,0.63,1.4311,344.371,0.106169189,0.741241865
12.6238,0.64,1.4311,344.817,0.098867481,0.752170521
12.6238,0.65,1.4311,345.291,0.091904387,0.762906425
12.6238,0.66,1.4311,345.795,0.085287392,0.773422169
12.6238,0.67,1.4311,346.331,0.078996006,0.783714312
12.6238,0.68,1.4311,346.901,0.073018093,0.793761451
12.6238,0.69,1.4311,347.507,0.067340841,0.803551953
12.6238,0.7,1.4311,348.152,0.0619602,0.813070147
12.6238,0.71,1.4311,348.84,0.056862259,0.822292092
12.6238,0.72,1.4311,349.573,0.052042014,0.831198966
12.6238,0.73,1.4311,350.356,0.047494087,0.839763836
12.6238,0.74,1.4311,351.192,0.043212734,0.847969064
12.6238,0.75,1.4311,352.086,0.039172635,0.855780354
12.6238,0.76,1.4311,353.045,0.035376796,0.863164179
12.6238,0.77,1.4311,354.073,0.03182807,0.870087618
12.6238,0.78,1.4311,355.179,0.028499989,0.876509862
12.6238,0.79,1.4311,356.37,0.025394805,0.882382284
12.6238,0.8,1.4311,357.657,0.022514633,0.887652546
12.6238,0.81,1.4311,359.049,0.019832039,0.892264397
12.6238,0.82,1.4311,360.562,0.017358466,0.896145166
12.6238,0.83,1.4311,362.21,0.015085637,0.899205609
12.6238,0.84,1.4311,364.012,0.012995195,0.901359818
12.6238,0.85,1.4311,365.993,0.011088297,0.902483854
12.6238,0.86,1.4311,368.18,0.009356095,0.902443297
12.6238,0.87,1.4311,370.609,0.007799505,0.901063382
12.6238,0.88,1.4311,373.327,0.006409416,0.898134908
12.6238,0.89,1.4311,376.391,0.00516663,0.893390512
12.6238,0.9,1.4311,379.882,0.004091618,0.886482859
12.6238,0.91,1.4311,383.906,0.003145049,0.876955132
12.6238,0.92,1.4311,388.615,0.002347243,0.864180262
12.6238,0.93,1.4311,394.233,0.001688574,0.847266431
12.6238,0.94,1.4311,401.106,0.001139351,0.824894483
12.6238,0.95,1.4311,409.812,0.000719741,0.794954391
12.6238,0.96,1.4311,421.411,0.00039992,0.753776508
12.6238,0.97,1.4311,438.16,0.000189982,0.69409673
12.6238,0.98,1.4311,466.203,5.9998e-05,0.597962493
12.6238,0.99,1.4311,539.729,0.0,0.380653155
12.6238,1.0,1.4311,597.324,0.0,0.242624558
1.4311,0.0,12.6238,597.323,0.242624558,0.0
1.4311,0.01,12.6238,539.729,0.380653155,0.0
1.4311,0.02,12.6238,466.203,0.597962493,5.9998e-05
1.4311,0.03,12.6238,438.16,0.69409673,0.000189982
1.4311,0.04,12.6238,421.411,0.753776508,0.00039992
1.4311,0.05,12.6238,409.812,0.794954391,0.000719741
1.4311,0.06,12.6238,401.106,0.824894483,0.001139351
1.4311,0.07,12.6238,394.233,0.847266431,0.001688574
1.4311,0.08,12.6238,388.615,0.864180262,0.002347243
1.4311,0.09,12.6238,383.906,0.876955132,0.003145049
1.4311,0.1,12.6238,379.882,0.886482859,0.004091618
1.4311,0.11,12.6238,376.391,0.893390512,0.00516663
1.4311,0.12,12.6238,373.327,0.898134908,0.006409416
1.4311,0.13,12.6238,370.609,0.901063382,0.007799505
1.4311,0.14,12.6238,368.18,0.902443297,0.009356095
1.4311,0.15,12.6238,365.993,0.902483854,0.011088297
1.4311,0.16,12.6238,364.012,0.901359818,0.012995195
1.4311,0.17,12.6238,362.21,0.899205609,0.015085637
1.4311,0.18,12.6238,360.562,0.896145166,0.017358466
1.4311,0.19,12.6238,359.049,0.892264397,0.019832039
1.4311,0.2,12.6238,357.657,0.887652546,0.022514633
1.4311,0.21,12.6238,356.37,0.882382284,0.025394805
1.4311,0.22,12.6238,355.179,0.876509862,0.028499989
1.4311,0.23,12.6238,354.073,0.870087618,0.03182807
1.4311,0.24,12.6238,353.045,0.863164179,0.035376796
1.4311,0.25,12.6238,352.086,0.855780354,0.039172635
1.4311,0.26,12.6238,351.192,0.847969064,0.043212734
1.4311,0.27,12.6238,350.356,0.839763836,0.047494087
1.4311,0.28,12.6238,349.573,0.831198966,0.052042014
1.4311,0.29,12.6238,348.84,0.822292092,0.056862259
1.4311,0.3,12.6238,348.152,0.813070147,0.0619602
1.4311,0.31,12.6238,347.507,0.803551953,0.067340841
1.4311,0.32,12.6238,346.901,0.793761451,0.073018093
1.4311,0.33,12.6238,346.331,0.783714312,0.078996006
1.4311,0.34,12.6238,345.795,0.773422169,0.085287392
1.4311,0.35,12.6238,345.291,0.762906425,0.091904387
1.4311,0.36,12.6238,344.817,0.752170521,0.098867481
1.4311,0.37,12.6238,344.371,0.741241865,0.106169189
1.4311,0.38,12.6238,343.951,0.730115359,0.11382856
1.4311,0.39,12.6238,343.555,0.718814927,0.121863588
1.4311,0.4,12.6238,343.183,0.70734097,0.130273592
1.4311,0.41,12.6238,342.833,0.695708897,0.139092153
1.4311,0.42,12.6238,342.504,0.683929831,0.148316551
1.4311,0.43,12.6238,342.194,0.67200015,0.157969095
1.4311,0.44,12.6238,341.904,0.659936769,0.168062038
1.4311,0.45,12.6238,341.63,0.647747014,0.178614695
1.4311,0.46,12.6238,341.374,0.635433318,0.189636405
1.4311,0.47,12.6238,341.134,0.623003647,0.201159667
1.4311,0.48,12.6238,340.909,0.610466413,0.21319018
1.4311,0.49,12.6238,340.698,0.597825001,0.225748156
1.4311,0.5,12.6238,340.502,0.585088584,0.238859408
1.4311,0.51,12.6238,340.318,0.572255568,0.25255477
1.4311,0.52,12.6238,340.147,0.559335749,0.266838854
1.4311,0.53,12.6238,339.989,0.546333684,0.281752024
1.4311,0.54,12.6238,339.841,0.533254212,0.297308093
1.4311,0.55,12.6238,339.705,0.520102461,0.31353986
1.4311,0.56,12.6238,339.58,0.506883865,0.330482908
1.4311,0.57,12.6238,339.467,0.493598078,0.348153741
1.4311,0.58,12.6238,339.361,0.480257132,0.366599532
1.4311,0.59,12.6238,339.261,0.466660547,0.386159957
1.4311,0.6,12.6238,339.174,0.45342318,0.405951656
1.4311,0.61,12.6238,339.095,0.439937386,0.42692649
1.4311,0.62,12.6238,339.023,0.426410873,0.44882468
1.4311,0.63,12.6238,338.96,0.41284448,0.471689707
1.4311,0.64,12.6238,338.904,0.399252517,0.495573905
1.4311,0.65,12.6238,338.855,0.38563648,0.520518496
1.4311,0.66,12.6238,338.812,0.372004838,0.546594231
1.4311,0.67,12.6238,338.776,0.358352536,0.573845492
1.4311,0.68,12.6238,338.753,0.058316077,1.819915994
1.4311,0.69,12.6238,338.753,0.05832551,1.819813904
1.4311,0.7,12.6238,338.753,0.058334944,1.819729632
1.4311,0.71,12.6238,338.753,0.058344377,1.819659939
1.4311,0.72,12.6238,338.753,0.05835381,1.819601588
1.4311,0.73,12.6238,338.753,0.05835381,1.81955296
1.4311,0.74,12.6238,338.753,0.058363243,1.819512435
1.4311,0.75,12.6238,338.753,0.058363243,1.819480013
1.4311,0.76,12.6238,338.753,0.058363243,1.819450833
1.4311,0.77,12.6238,338.753,0.058372676,1.819428137
1.4311,0.78,12.6238,338.753,0.058372676,1.819408682
1.4311,0.79,12.6238,338.753,0.058372676,1.819394091
1.4311,0.8,12.6238,338.753,0.058372676,1.8193795
1.4311,0.81,12.6238,338.753,0.058372676,1.819369772
1.4311,0.82,12.6238,338.753,0.058372676,1.819360045
1.4311,0.83,12.6238,338.753,0.058382109,1.819351938
1.4311,0.84,12.6238,338.753,0.058382109,1.819345453
1.4311,0.85,12.6238,338.753,0.058382109,1.819340589
1.4311,0.86,12.6238,338.753,0.058382109,1.819335725
1.4311,0.87,12.6238,338.753,0.058382109,1.819332482
1.4311,0.88,12.6238,338.753,0.058382109,1.81932924
1.4311,0.89,12.6238,338.753,0.058382109,1.819327618
1.4311,0.9,12.6238,338.753,0.058382109,1.819324376
1.4311,0.91,12.6238,338.739,0.053597637,1.866385997
1.4311,0.92,12.6238,338.703,0.044064731,1.969286216
1.4311,0.93,12.6238,338.654,0.035154766,2.079589031
1.4311,0.94,12.6238,338.589,0.026943735,2.198086428
1.4311,0.95,12.6238,338.506,0.019557499,2.325695967
1.4311,0.96,12.6238,338.402,0.013103769,2.463478702
1.4311,0.97,12.6238,338.273,0.007730046,2.612669352
1.4311,0.98,12.6238,338.114,0.003613464,2.774723941
1.4311,0.99,12.6238,337.92,0.000949549,2.951346645
1.4311,1.0,12.6238,337.685,0.0,3.144587529
